tconst	titleType	primaryTitle	originalTitle	isAdult	startYear	endYear	runtimeMinutes	genres
tt0000001	short	Carmencita	Carmencita	0	1894	\N	1	Documentary,Short
tt0000002	short	Le clown et ses chiens	Le clown et ses chiens	0	1892	\N	5	Animation,Short
tt0000003	short	Poor Pierrot	Pauvre Pierrot	0	1892	\N	5	Animation,Comedy,Romance
tt0000004	short	Un bon bock	Un bon bock	0	1892	\N	12	Animation,Short
tt0000005	short	Blacksmith Scene	Blacksmith Scene	0	1893	\N	1	Short
tt0000006	short	Chinese Opium Den	Chinese Opium Den	0	1894	\N	1	Short
tt0000007	short	Corbett and Courtney Before the Kinetograph	Corbett and Courtney Before the Kinetograph	0	1894	\N	1	Short,Sport
tt0000008	short	Edison Kinetoscopic Record of a Sneeze	Edison Kinetoscopic Record of a Sneeze	0	1894	\N	1	Documentary,Short
tt0000009	movie	Miss Jerry	Miss Jerry	0	1894	\N	45	Romance
tt0000010	short	Leaving the Factory	La sortie de l'usine Lumière à Lyon	0	1895	\N	1	Documentary,Short
tt0000011	short	Acrobatic Potpourri	Akrobatisches Potpourri	0	1895	\N	1	Documentary,Short
tt0000012	short	The Arrival of a Train	L'arrivée d'un train à La Ciotat	0	1896	\N	1	Documentary,Short
tt0000013	short	The Photographical Congress Arrives in Lyon	Le Débarquement du congrès de photographie à Lyon	0	1895	\N	1	Documentary,Short
tt0000014	short	The Waterer Watered	L'arroseur arrosé	0	1895	\N	1	Comedy,Short
tt0000015	short	Around a Cabin	Autour d'une cabine	0	1894	\N	2	Animation,Comedy,Short
tt0000016	short	Boat Leaving the Port	Barque sortant du port	0	1895	\N	1	Documentary,Short
tt0000017	short	Italian Peasant Dance	Italienischer Bauerntanz	0	1895	\N	1	Documentary,Short
tt0000018	short	Das boxende Känguruh	Das boxende Känguruh	0	1895	\N	1	Short,Sport
tt0000019	short	The Clown Barber	The Clown Barber	0	1898	\N	\N	Comedy,Short
tt0000020	short	The Derby 1895	The Derby 1895	0	1895	\N	1	Documentary,Short,Sport
tt0000022	short	Blacksmith Scene	Les forgerons	0	1895	\N	1	Documentary,Short
tt0000023	short	The Sea	Baignade en mer	0	1895	\N	1	Documentary,Short
tt0000024	short	Opening of the Kiel Canal	Opening of the Kiel Canal	0	1895	\N	1	News,Short
tt0000025	short	The Oxford and Cambridge University Boat Race	The Oxford and Cambridge University Boat Race	0	1896	\N	\N	News,Short,Sport
tt0000026	short	The Messers. Lumière at Cards	Partie d'écarté	0	1896	\N	1	Documentary,Short
tt0000027	short	Cordeliers' Square in Lyon	Place des Cordeliers à Lyon	0	1895	\N	1	Documentary,Short
tt0000028	short	Fishing for Goldfish	La pêche aux poissons rouges	0	1895	\N	1	Documentary,Short
tt0000029	short	Baby's Meal	Repas de bébé	0	1895	\N	1	Documentary,Short
tt0000030	short	Rough Sea at Dover	Rough Sea at Dover	0	1895	\N	1	Documentary,Short
tt0000031	short	Jumping the Blanket	Le saut à la couverture	0	1895	\N	1	Documentary,Short
tt0000032	short	The serpentine dancer	Die Serpentintänzerin	0	1895	\N	1	Short
tt0000033	short	Horse Trick Riders	La voltige	0	1895	\N	1	Documentary,Short
tt0000034	short	Arrivée d'un train gare de Vincennes	Arrivée d'un train gare de Vincennes	0	1896	\N	1	Documentary,Short
tt0000035	short	Watering the Flowers	L'arroseur	0	1896	\N	1	Comedy,Short
tt0000036	short	Awakening of Rip	Awakening of Rip	0	1896	\N	1	Drama,Short
tt0000037	short	Sea Bathing	Baignade en mer	0	1896	\N	1	Short
tt0000038	short	The Ball Game	The Ball Game	0	1898	\N	1	Documentary,Short,Sport
tt0000039	short	Barnet Horse Fair	Barnet Horse Fair	0	1896	\N	\N	Short
tt0000040	short	Barque sortant du port de Trouville	Barque sortant du port de Trouville	0	1896	\N	\N	Documentary,Short
tt0000041	short	Bataille de neige	Bataille de neige	0	1897	\N	1	Comedy,Documentary,Short
tt0000042	short	Bateau-mouche sur la Seine	Bateau-mouche sur la Seine	0	1896	\N	\N	Documentary,Short
tt0000043	short	Batteuse à vapeur	Batteuse à vapeur	0	1896	\N	\N	Documentary,Short
tt0000044	short	Le bivouac	Le bivouac	0	1896	\N	1	Short
tt0000045	short	Les blanchisseuses	Les blanchisseuses	0	1896	\N	\N	Short
tt0000046	short	Bois de Boulogne	Bois de Boulogne	0	1896	\N	\N	Documentary,Short
tt0000047	short	Boulevard des Italiens	Boulevard des Italiens	0	1896	\N	\N	Documentary,Short
tt0000048	short	The Boxing Kangaroo	The Boxing Kangaroo	0	1896	\N	\N	Short
tt0000049	short	Boxing Match; or, Glove Contest	Boxing Match; or, Glove Contest	0	1896	\N	\N	Short,Sport
tt0000050	short	Bébé et fillettes	Bébé et fillettes	0	1896	\N	\N	Documentary,Short
tt0000051	short	The Bohemian Encampment	Campement de bohémiens	0	1896	\N	\N	Documentary,Short
tt0000052	short	Ruraux au galop	Ruraux au galop	0	1896	\N	1	Documentary,Short
tt0000053	short	A Chegada do Comboio Inaugural à Estação Central do Porto	A Chegada do Comboio Inaugural à Estação Central do Porto	0	1897	\N	\N	Documentary,Short
tt0000054	short	A Merry-Go-Round	Les chevaux de bois	0	1896	\N	\N	Short
tt0000055	short	Le chiffonnier	Le chiffonnier	0	1896	\N	\N	Short
tt0000056	short	Uma Corrida de Touros no Campo Pequeno	Uma Corrida de Touros no Campo Pequeno	0	1896	\N	\N	Short
tt0000057	short	Cortège de tzar allant à Versailles	Cortège de tzar allant à Versailles	0	1896	\N	\N	Documentary,Short
tt0000058	short	Cortège de tzar au Bois de Boulogne	Cortège de tzar au Bois de Boulogne	0	1896	\N	\N	Documentary,Short
tt0000059	short	Coronation of a Village Maiden	Couronnement de la rosière	0	1896	\N	\N	Short
tt0000060	short	Dancing Darkies	Dancing Darkies	0	1896	\N	\N	Comedy,Documentary,Short
tt0000061	short	Dancing Girls	Dancing Girls	0	1896	\N	\N	Short
tt0000062	short	Danse serpentine	Danse serpentine	0	1896	\N	1	Short
tt0000063	short	Dessinateur express	Dessinateur express	0	1896	\N	\N	Short
tt0000064	short	Dessinateur: Chamberlain	Dessinateur: Chamberlain	0	1896	\N	\N	Short
tt0000065	short	Dessinateur: Reine Victoria	Dessinateur: Reine Victoria	0	1896	\N	\N	Short
tt0000066	short	Dessinateur: Von Bismark	Dessinateur: Von Bismark	0	1896	\N	\N	Short
tt0000067	short	Conjurer Making Ten Hats in Sixty Seconds	Dix chapeaux en 60 secondes	0	1896	\N	1	Fantasy,Short
tt0000068	short	Unloading the Boat	Déchargement de bateaux	0	1896	\N	\N	Documentary,Short
tt0000069	short	Post No Bills	Défense d'afficher	0	1896	\N	1	Comedy,Short
tt0000070	short	Demolition of a Wall	Démolition d'un mur	0	1896	\N	1	Documentary,Short
tt0000071	short	Automobiles Starting a Race	Départ des automobiles	0	1896	\N	1	Short,Sport
tt0000072	short	Officers of French Army Leaving Service	Départ des officiers	0	1896	\N	\N	Short
tt0000073	short	Effets de mer sur les rochers	Effets de mer sur les rochers	0	1896	\N	\N	Documentary,Short
tt0000074	short	Enfants jouant sur la plage	Enfants jouant sur la plage	0	1896	\N	\N	Documentary,Short
tt0000075	short	The Conjuring of a Woman at the House of Robert Houdin	Escamotage d'une dame au théâtre Robert Houdin	0	1896	\N	1	Horror,Short
tt0000076	short	Exit of Rip and the Dwarf	Exit of Rip and the Dwarf	0	1896	\N	1	Drama,Short
tt0000077	short	Le fakir, mystère indien	Le fakir, mystère indien	0	1896	\N	\N	Short
tt0000078	short	Feira de Gado na Corujeira	Feira de Gado na Corujeira	0	1896	\N	1	Documentary,Short
tt0000079	short	La gare Saint-Lazare	La gare Saint-Lazare	0	1896	\N	\N	Documentary,Short
tt0000080	short	Grandes manoeuvres	Grandes manoeuvres	0	1896	\N	\N	Documentary,Short
tt0000081	short	Towing a Boat on the River	Les haleurs de bateaux	0	1896	\N	\N	Documentary,Short
tt0000082	short	A Hard Wash	A Hard Wash	0	1896	\N	\N	Comedy,Short
tt0000083	short	Les indiscrets	Les indiscrets	0	1896	\N	\N	Short
tt0000084	short	Les ivrognes	Les ivrognes	0	1896	\N	\N	Short
tt0000085	short	Gardener Burning Weeds	Jardinier brûlant des herbes	0	1896	\N	\N	Short
tt0000086	short	Beach and Pier at Trouville, 1st part	Jetée et plage de Trouville (1er partie)	0	1896	\N	\N	Documentary,Short
tt0000087	short	Beach and Pier at Trouville, 2nd part	Jetée et plage de Trouville (2e partie)	0	1896	\N	\N	Documentary,Short
tt0000088	short	Market Day	Jour de marché à Trouville	0	1896	\N	\N	Documentary,Short
tt0000089	short	Leaving Jerusalem by Railway	Départ de Jérusalem en chemin de fer	0	1897	\N	1	Documentary,Short
tt0000090	short	Libération des territoriaux	Libération des territoriaux	0	1896	\N	\N	Documentary,Short
tt0000091	short	The House of the Devil	Le manoir du diable	0	1896	\N	3	Horror,Short
tt0000092	short	Marée montante sur Brise-Larmes	Marée montante sur Brise-Larmes	0	1896	\N	\N	Documentary,Short
tt0000093	short	Melbourne	Melbourne	0	1896	\N	\N	Documentary,Short
tt0000094	short	Miss de Vere	Miss de Vere	0	1896	\N	1	Short
tt0000095	short	The Mysterious Paper	Le papier protée	0	1896	\N	\N	Short
tt0000096	short	Place Saint-Augustin	Place Saint-Augustin	0	1896	\N	\N	Documentary,Short
tt0000097	short	Place de l'Opéra, First View	Place de l'Opéra, 1er aspect	0	1896	\N	\N	Documentary,Short
tt0000098	short	Place de l'Opéra, Second View	Place de l'Opéra, 2e aspect	0	1896	\N	\N	Documentary,Short
tt0000099	short	Place de la Bastille	Place de la Bastille	0	1896	\N	\N	Documentary,Short
tt0000100	short	Place de la Concorde	Place de la Concorde	0	1896	\N	\N	Documentary,Short
tt0000101	short	Place du théâtre français	Place du théâtre français	0	1896	\N	\N	Documentary,Short
tt0000102	short	The Beach at Villiers in a Gale	Plage de Villiers par gros temps	0	1896	\N	\N	Short
tt0000103	short	Smarter than the Teacher	Plus fort que le maître	0	1896	\N	\N	Short
tt0000104	short	Pompiers à Lyon	Pompiers à Lyon	0	1896	\N	1	Documentary,Short
tt0000105	short	The Docks at Marseilles	Les quais à Marseille	0	1896	\N	\N	Documentary,Short
tt0000106	short	Retour au cantonnement	Retour au cantonnement	0	1896	\N	\N	Short
tt0000107	short	Naval Review at Cherburg	Revue navale à Cherbourg	0	1896	\N	\N	Documentary,Short
tt0000108	short	Rip Leaving Sleepy Hollow	Rip Leaving Sleepy Hollow	0	1896	\N	1	Drama,Short
tt0000109	short	Rip Meeting the Dwarf	Rip Meeting the Dwarf	0	1896	\N	1	Fantasy,Short
tt0000110	short	Rip Passing Over the Mountain	Rip Passing Over the Mountain	0	1896	\N	1	Fantasy,Short
tt0000111	short	Rip's Toast	Rip's Toast	0	1896	\N	1	Drama,Short
tt0000112	short	Rip's Toast to Hudson	Rip's Toast to Hudson	0	1896	\N	1	Fantasy,Short
tt0000113	short	Rip's Twenty Years' Sleep	Rip's Twenty Years' Sleep	0	1896	\N	1	Drama,Short
tt0000114	short	French Regiment Going to the Parade	Le régiment	0	1896	\N	\N	Documentary,Short
tt0000115	short	Réunion d'officiers	Réunion d'officiers	0	1896	\N	\N	Documentary,Short
tt0000116	short	Sac au dos	Sac au dos	0	1896	\N	\N	Short
tt0000117	short	Saída do Pessoal Operário da Fábrica Confiança	Saída do Pessoal Operário da Fábrica Confiança	0	1896	\N	1	Documentary,Short
tt0000118	short	Salut malencontreux d'un déserteur	Salut malencontreux d'un déserteur	0	1896	\N	\N	Short
tt0000119	short	Rescue on the River, Pt. 2	Sauvetage en rivière, 1er	0	1896	\N	\N	Documentary,Short
tt0000120	short	Rescue on the River, Pt. 1	Sauvetage en rivière, 2e	0	1896	\N	\N	Documentary,Short
tt0000121	short	The Soldier's Courtship	The Soldier's Courtship	0	1896	\N	1	Comedy,Short
tt0000122	short	Closing Hours at Vibert's Perfume Factory	Sortie des ateliers Vibert	0	1896	\N	\N	Documentary,Short
tt0000123	short	Conjuring	Séance de prestidigitation	0	1896	\N	1	Short
tt0000124	short	Tempête sur la jetée du treport	Tempête sur la jetée du treport	0	1896	\N	\N	Documentary,Short
tt0000125	short	The Terrible Railway Accident	The Terrible Railway Accident	0	1896	\N	\N	Short
tt0000126	short	Tom Old Boot	Tom Old Boot	0	1896	\N	\N	Short
tt0000127	short	Les tribulations d'un concierge	Les tribulations d'un concierge	0	1896	\N	\N	Comedy,Short
tt0000128	short	Academy for Young Ladies	Un lycée de jeunes filles	0	1896	\N	\N	Short
tt0000129	short	Un petit diable	Un petit diable	0	1896	\N	\N	Short
tt0000130	short	Une altercation au café	Une altercation au café	0	1896	\N	\N	Short
tt0000131	short	A Terrible Night	Une nuit terrible	0	1896	\N	1	Comedy,Horror,Short
tt0000132	short	Card Party	Une partie de cartes	0	1896	\N	1	Biography,Short
tt0000133	short	La voiture du potier	La voiture du potier	0	1896	\N	\N	Short
tt0000134	short	The Wandering Negro Minstrels	The Wandering Negro Minstrels	0	1896	\N	\N	Music,Short
tt0000135	short	A Watermelon Feast	A Watermelon Feast	0	1896	\N	\N	Documentary,Short
tt0000137	short	Au réfectoire	Au réfectoire	0	1897	\N	\N	Comedy,Short
tt0000138	short	The Bewitched Inn	L'Auberge ensorcelée	0	1897	\N	2	Comedy,Short
tt0000139	short	L'aveugle	L'aveugle	0	1897	\N	\N	Drama,Short
tt0000140	short	Baignade dans le torrent	Baignade dans le torrent	0	1897	\N	1	Documentary,Short
tt0000141	short	Ballet libella	Ballet libella	0	1897	\N	2	Documentary,Short
tt0000142	short	Buffalo Bill and Escort	Buffalo Bill and Escort	0	1897	\N	1	News,Short
tt0000143	short	Les cambrioleurs	Les cambrioleurs	0	1897	\N	1	Comedy,Short
tt0000144	short	Chez le magnétiseur	Chez le magnétiseur	0	1897	\N	1	Comedy,Short
tt0000145	short	En classe	En classe	0	1897	\N	\N	Comedy,Short
tt0000146	short	Le cocher de fiacre endormi	Le cocher de fiacre endormi	0	1897	\N	\N	Comedy,Short
tt0000147	movie	The Corbett-Fitzsimmons Fight	The Corbett-Fitzsimmons Fight	0	1897	\N	100	Documentary,News,Sport
tt0000148	short	Le Coucher d'Yvette	Le Coucher d'Yvette	0	1897	\N	\N	Short
tt0000149	short	Behind the Scenes	Dans les coulisses	0	1897	\N	\N	Comedy,Short
tt0000150	short	Danse fleur de lotus	Danse fleur de lotus	0	1897	\N	1	Documentary,Short
tt0000151	short	Faust et Marguerite	Faust et Marguerite	0	1897	\N	\N	Short
tt0000152	short	The Hallucinated Alchemist	L'hallucination de l'alchimiste	0	1897	\N	2	Fantasy,Horror,Short
tt0000153	short	The Haunted Castle	The Haunted Castle	0	1897	\N	1	Horror,Short
tt0000154	short	Henley Regatta	Henley Regatta	0	1897	\N	\N	News,Short,Sport
tt0000155	short	The Hypnotist at Work	Le magnétiseur	0	1897	\N	\N	Short
tt0000156	short	A Badly Managed Hotel	L'hôtel empoisonné	0	1896	\N	\N	Comedy,Short
tt0000157	short	Idylle	Idylle	0	1897	\N	\N	Short
tt0000158	short	Idylle interrompue	Idylle interrompue	0	1897	\N	\N	Comedy,Short
tt0000159	short	The Devil's Laboratory	Le cabinet de Méphistophélès	0	1897	\N	1	Horror,Short
tt0000160	short	The Last Days of Pompeii	The Last Days of Pompeii	0	1900	\N	\N	Drama,Short
tt0000161	short	Leçon de danse	Leçon de danse	0	1897	\N	\N	Comedy,Short
tt0000162	short	Niagara Falls	Les chutes	0	1896	\N	1	Documentary,Short
tt0000163	short	Le planton du colonel	Le planton du colonel	0	1897	\N	\N	Comedy,Short
tt0000164	short	Le pêcheur dans le torrent	Le pêcheur dans le torrent	0	1897	\N	1	Comedy,Short
tt0000165	short	Riña en un café	Riña en un café	0	1899	\N	1	Short
tt0000166	short	Salida de los trabajadores de la fábrica España Industrial	Salida de los trabajadores de la fábrica España Industrial	0	1897	\N	1	Documentary,Short
tt0000167	short	Salida de misa de doce del Pilar de Zaragoza	Salida de misa de doce del Pilar de Zaragoza	0	1899	\N	\N	Documentary,Short
tt0000168	short	Salida del público de la iglesia parroquial de Santa María de Sans	Salida del público de la iglesia parroquial de Santa María de Sans	0	1897	\N	1	Documentary,Short
tt0000169	short	Slagsmål i gamla Stockholm	Slagsmål i gamla Stockholm	0	1897	\N	1	Short
tt0000170	short	The Twins' Tea Party	The Twins' Tea Party	0	1896	\N	1	Comedy,Short
tt0000171	short	Une nuit agitée	Une nuit agitée	0	1897	\N	1	Comedy,Short
tt0000172	short	The X-Ray Fiend	The X-Ray Fiend	0	1897	\N	1	Comedy,Horror,Short
tt0000173	short	Battle of Santiago Bay	Battle of Santiago Bay	0	1900	\N	\N	Short,War
tt0000174	short	Výstavní párkar a lepic plakátù	Výstavní párkar a lepic plakátù	0	1898	\N	1	Comedy,Short
tt0000175	short	A Sea Cave Near Lisbon	A Sea Cave Near Lisbon	0	1896	\N	1	Documentary,Short
tt0000176	short	Brittania	Brittania	0	1898	\N	\N	Short
tt0000177	short	The Burglar on the Roof	The Burglar on the Roof	0	1898	\N	1	Crime,Short
tt0000178	short	The Cavalier's Dream	The Cavalier's Dream	0	1898	\N	1	Fantasy,Horror,Short
tt0000179	short	The Cave of the Demons	The Cave of the Demons	0	1898	\N	\N	Horror,Short
tt0000180	short	Le chemin de croix	Le chemin de croix	0	1898	\N	\N	Short
tt0000181	short	Cinderella	Cinderella	0	1898	\N	\N	Fantasy,Short
tt0000182	short	Come Along, Do!	Come Along, Do!	0	1898	\N	1	Comedy,Short
tt0000183	short	The Corsican Brothers	The Corsican Brothers	0	1898	\N	\N	Drama,Short
tt0000184	short	Cripple Creek Bar-Room Scene	Cripple Creek Bar-Room Scene	0	1899	\N	1	Short,Western
tt0000185	short	La crèche à Bethléem	La crèche à Bethléem	0	1898	\N	\N	Short
tt0000186	short	Le cuirassé Maine	Le cuirassé Maine	0	1898	\N	\N	Short,War
tt0000187	short	La cène	La cène	0	1898	\N	1	Short
tt0000188	short	The Deserter	The Deserter	0	1898	\N	\N	Drama,Short
tt0000189	short	Dorotea	Dorotea	0	1898	\N	\N	Short
tt0000190	short	Dostavenícko ve mlýnici	Dostavenícko ve mlýnici	0	1898	\N	1	Comedy,Short
tt0000191	short	Déménagement à la cloche de bois	Déménagement à la cloche de bois	0	1898	\N	\N	Short
tt0000192	short	Ella Lola, a la Trilby	Ella Lola, a la Trilby	0	1898	\N	\N	Short
tt0000193	short	L'entrée à Jérusalem	L'entrée à Jérusalem	0	1898	\N	\N	Short
tt0000194	short	Express Train on a Railway Cutting	Express Train on a Railway Cutting	0	1898	\N	\N	Documentary,Short
tt0000195	short	Les farces de Jocko	Les farces de Jocko	0	1898	\N	\N	Comedy,Short
tt0000196	short	Faust and Mephistopheles	Faust and Mephistopheles	0	1898	\N	\N	Fantasy,Short
tt0000197	short	La flagellation	La flagellation	0	1898	\N	1	Short
tt0000198	short	La fuite en Égypte	La fuite en Égypte	0	1898	\N	1	Short
tt0000199	short	Glasgow Fire Engine	Glasgow Fire Engine	0	1898	\N	\N	Short
tt0000200	short	Gran corrida de toros	Gran corrida de toros	0	1898	\N	\N	Documentary,Short,Sport
tt0000201	short	Indian War Council	Indian War Council	0	1894	\N	1	News,Short
tt0000202	short	Le jardin des oliviers	Le jardin des oliviers	0	1898	\N	\N	Short
tt0000203	short	Je vous y prrrrends!	Je vous y prrrrends!	0	1898	\N	\N	Short
tt0000204	short	Jésus devant Pilate	Jésus devant Pilate	0	1898	\N	2	Short
tt0000205	short	Leçons de boxe	Leçons de boxe	0	1898	\N	1	Comedy,Short,Sport
tt0000206	short	Llegada de un tren a la estación de ferrocarril del Norte, de Barcelona	Llegada de un tren a la estación de ferrocarril del Norte, de Barcelona	0	1898	\N	\N	Documentary,Short
tt0000207	short	London Express	London Express	0	1898	\N	\N	Documentary,Short
tt0000208	short	The Miller and Chimney Sweep	The Miller and the Sweep	0	1897	\N	1	Comedy,Short
tt0000209	short	Photographing a Ghost	Photographing a Ghost	0	1898	\N	\N	Fantasy,Horror,Short
tt0000210	short	A Novice at X-rays	Les rayons Röntgen	0	1898	\N	1	Short
tt0000211	short	The Astronomer's Dream; or, The Man in the Moon	La lune à un mètre	0	1898	\N	3	Comedy,Fantasy,Horror
tt0000212	short	Saida do Paquete Duque de Braganca	Saida do Paquete Duque de Braganca	0	1898	\N	\N	Short
tt0000213	short	Scène d'escamotage	Scène d'escamotage	0	1898	\N	1	Short
tt0000214	short	Tearing Down the Spanish Flag	Tearing Down the Spanish Flag	0	1898	\N	\N	Short,War
tt0000215	short	Smích a plác	Smích a plác	0	1898	\N	\N	Documentary,Short
tt0000216	short	Visita de Doña María Cristina y Alfonso XIII a Barcelona	Visita de Doña María Cristina y Alfonso XIII a Barcelona	0	1898	\N	\N	News,Short
tt0000217	short	Waves and Spray	Waves and Spray	0	1898	\N	\N	Short
tt0000218	short	L'affaire Dreyfus	L'affaire Dreyfus	0	1899	\N	13	Biography,Drama,Short
tt0000219	short	Aladdin and the Wonderful Lamp	Aladdin and the Wonderful Lamp	0	1899	\N	\N	Fantasy,Short
tt0000220	short	The Artist and the Flower Girl	The Artist and the Flower Girl	0	1901	\N	\N	Romance,Short
tt0000221	short	Aspectos da Praia de Cascais	Aspectos da Praia de Cascais	0	1899	\N	\N	Documentary,Short
tt0000222	short	Au cabaret	Au cabaret	0	1899	\N	1	Comedy,Short
tt0000223	short	L'aveugle	L'aveugle	0	1899	\N	\N	Short
tt0000224	short	Battlefield	Battlefield	0	1899	\N	\N	Short
tt0000225	short	Beauty and the Beast	La belle et la bête	0	1899	\N	\N	Family,Fantasy,Romance
tt0000226	short	Boat Race	Boat Race	0	1899	\N	\N	Short
tt0000227	short	Bombardment of Mafeking	Bombardment of Mafeking	0	1899	\N	\N	Drama,Short,War
tt0000228	short	La bonne absinthe	La bonne absinthe	0	1899	\N	1	Comedy,Short
tt0000229	short	Casey at the Bat	Casey at the Bat	0	1899	\N	1	Comedy,Short,Sport
tt0000230	short	Cinderella	Cendrillon	0	1899	\N	6	Drama,Family,Fantasy
tt0000231	short	Portuguese Railway Train	Portuguese Railway Train	0	1896	\N	1	Documentary,Short
tt0000232	short	Le chiffonnier	Le chiffonnier	0	1899	\N	\N	Comedy,Short
tt0000233	short	Choque de dos transatlánticos	Choque de dos transatlánticos	0	1899	\N	2	Animation,Short
tt0000234	short	Cleopatra's Tomb	Cléopâtre	0	1899	\N	1	Horror,Short
tt0000235	short	Haggard's She: The Pillar of Fire	La Danse du feu	0	1899	\N	1	Adventure,Fantasy,Horror
tt0000236	short	Courte échelle	Courte échelle	0	1899	\N	\N	Short
tt0000237	short	Le crucifiement	Le crucifiement	0	1899	\N	1	Short
tt0000238	short	Les dangers de l'alcoolisme	Les dangers de l'alcoolisme	0	1899	\N	\N	Drama,Short
tt0000239	short	Danse serpentine par Mme. Bob Walter	Danse serpentine par Mme. Bob Walter	0	1897	\N	2	Music,Short
tt0000240	short	Distributing a War Extra	Distributing a War Extra	0	1899	\N	1	Documentary,Short
tt0000241	short	La descente de croix	La descente de croix	0	1899	\N	\N	Short
tt0000242	short	The Sign of the Cross	Le Diable au couvent	0	1900	\N	3	Fantasy,Horror,Short
tt0000243	short	Le déjeuner des enfants	Le déjeuner des enfants	0	1899	\N	\N	Comedy,Short
tt0000244	short	Erreur judiciaire	Erreur judiciaire	0	1899	\N	\N	Short
tt0000245	short	The Haunted House	The Haunted House	0	1899	\N	\N	Comedy,Fantasy,Horror
tt0000246	short	A Turn of the Century Illusionist	L'Impressionniste fin de siècle	0	1899	\N	1	Fantasy,Short
tt0000247	short	King John	King John	0	1899	\N	5	Drama,Short
tt0000248	short	A Kiss in the Tunnel	The Kiss in the Tunnel	0	1899	\N	1	Comedy,Romance,Short
tt0000249	short	The Legacy	The Legacy	0	1899	\N	\N	Short
tt0000250	short	Llegada del vapor Bellver a Mallorca	Llegada del vapor Bellver a Mallorca	0	1899	\N	3	Documentary,Short
tt0000251	short	Matches: An Appeal	Matches: An Appeal	0	1899	\N	1	Animation,Short
tt0000252	short	La mauvaise soupe	La mauvaise soupe	0	1899	\N	\N	Comedy,Short
tt0000253	short	The Miser's Doom	The Miser's Doom	0	1899	\N	\N	Horror,Short
tt0000254	short	Monnaie de lapin	Monnaie de lapin	0	1899	\N	\N	Comedy,Short
tt0000255	short	Mésaventure d'un charbonnier	Mésaventure d'un charbonnier	0	1899	\N	\N	Comedy,Short
tt0000256	short	Panorama from the Tower of the Brooklyn Bridge	Panorama from the Tower of the Brooklyn Bridge	0	1899	\N	1	Documentary,Short
tt0000257	short	La résurrection	La résurrection	0	1899	\N	1	Short
tt0000258	short	Le tondeur de chiens	Le tondeur de chiens	0	1899	\N	\N	Comedy,Short
tt0000259	short	Le tonnelier	Le tonnelier	0	1899	\N	\N	Comedy,Short
tt0000260	short	Transformations	Transformations	0	1899	\N	\N	Comedy,Short
tt0000261	short	A Midnight Episode	Un bon lit	0	1899	\N	1	Comedy,Horror,Short
tt0000262	short	Un lunch	Un lunch	0	1899	\N	\N	Comedy,Short
tt0000263	short	Vista de la entrada principal de la plaza de toros de Jerez, el segundo día de feria	Vista de la entrada principal de la plaza de toros de Jerez, el segundo día de feria	0	1899	\N	\N	Documentary,Short
tt0000264	short	Summoning the Spirits	Évocation spirite	0	1899	\N	1	Fantasy,Horror,Short
tt0000265	short	Above the Limit	Above the Limit	0	1900	\N	\N	Comedy,Short
tt0000266	short	Above the Speedway	Above the Speedway	0	1900	\N	\N	Documentary,Short
tt0000267	short	L'angélus	L'angélus	0	1900	\N	\N	Short
tt0000268	short	L'arléquine	L'arléquine	0	1900	\N	\N	Short
tt0000269	short	Army Life; or, How Soldiers Are Made: Mounted Infantry	Army Life	0	1900	\N	\N	Documentary,Short
tt0000270	short	Arrivée d'Arléquin	Arrivée d'Arléquin	0	1900	\N	\N	Short
tt0000271	short	Arrivée de Pierette et Pierrot	Arrivée de Pierette et Pierrot	0	1900	\N	\N	Short
tt0000272	short	As Seen Through a Telescope	As Seen Through a Telescope	0	1900	\N	1	Comedy,Short
tt0000273	short	Attack on a China Mission	Attack on a China Mission	0	1900	\N	4	Action,Crime,Drama
tt0000274	short	Avenue de l'opéra	Avenue de l'opéra	0	1900	\N	1	Comedy,Short
tt0000275	short	Badinage	Badinage	0	1900	\N	\N	Short
tt0000276	short	Bataille d'oreillers	Bataille d'oreillers	0	1900	\N	\N	Short
tt0000277	short	Bataille de boules de neige	Bataille de boules de neige	0	1900	\N	\N	Short
tt0000278	short	Buffalo Bill's Show Parade	Buffalo Bill's Show Parade	0	1900	\N	\N	Short
tt0000279	short	Buffalo Bill's Wild West Parade	Buffalo Bill's Wild West Parade	0	1900	\N	\N	News,Short
tt0000280	short	Buffalo Bill's Wild West Parade	Buffalo Bill's Wild West Parade	0	1900	\N	\N	News,Short
tt0000281	short	Buffalo Bill's Wild West Show	Buffalo Bill's Wild West Show	0	1900	\N	\N	News,Short
tt0000282	short	Le bébé	Le bébé	0	1900	\N	\N	Short
tt0000283	short	Chez le Maréchal-Ferrant	Chez le Maréchal-Ferrant	0	1900	\N	\N	Short
tt0000284	short	Chez le photographe	Chez le photographe	0	1900	\N	1	Short
tt0000285	short	Chinese Magic	Chinese Magic	0	1900	\N	\N	Horror,Short
tt0000286	short	Chirurgie fin de siècle	Chirurgie fin de siècle	0	1900	\N	2	Comedy,Horror,Short
tt0000287	short	The Clown and the Alchemist	The Clown and the Alchemist	0	1900	\N	1	Comedy,Fantasy,Short
tt0000288	short	La concierge	La concierge	0	1900	\N	1	Comedy,Short
tt0000289	short	Coucher d'une Parisienne	Coucher d'une Parisienne	0	1900	\N	\N	Short
tt0000290	short	Dance de l'ivresse	Dance de l'ivresse	0	1900	\N	\N	Short
tt0000291	short	Dans les coulisses	Dans les coulisses	0	1900	\N	\N	Short
tt0000292	short	Danse du papillon	Danse du papillon	0	1900	\N	\N	Documentary,Short
tt0000293	short	Danse du pas des foulards par des almées	Danse du pas des foulards par des almées	0	1900	\N	\N	Short
tt0000294	short	La danse du ventre	La danse du ventre	0	1900	\N	\N	Short
tt0000295	short	Danse du voile	Danse du voile	0	1900	\N	\N	Short
tt0000296	short	Danse serpentine	Danse serpentine	0	1900	\N	2	Documentary,Short
tt0000297	short	Danses	Danses	0	1900	\N	\N	Short
tt0000298	short	Déclaration d'amour	Déclaration d'amour	0	1900	\N	\N	Short
tt0000299	short	Le départ d'Arlequin et de Pierrette	Le départ d'Arlequin et de Pierrette	0	1900	\N	2	Short
tt0000300	short	The Enchanted Drawing	The Enchanted Drawing	0	1900	\N	2	Animation,Comedy,Fantasy
tt0000301	short	Faust and Marguerite	Faust and Marguerite	0	1900	\N	1	Fantasy,Horror,Short
tt0000302	short	La fée aux choux, ou la naissance des enfants	La fée aux choux, ou la naissance des enfants	0	1900	\N	1	Short
tt0000303	short	Gavotte directoire	Gavotte directoire	0	1900	\N	\N	Short
tt0000304	short	Grandma's Reading Glass	Grandma's Reading Glass	0	1900	\N	2	Family,Short
tt0000305	short	L'Habanera	L'Habanera	0	1900	\N	\N	Short
tt0000306	short	Hamlet, Duel Scene with Laertes	Le duel d'Hamlet	0	1900	\N	2	Drama,Short
tt0000307	short	Happy Hooligan	Happy Hooligan	0	1900	\N	\N	Comedy,Short
tt0000308	short	The House That Jack Built	The House That Jack Built	0	1900	\N	1	Short
tt0000309	short	How It Feels to Be Run Over	How It Feels to Be Run Over	0	1900	\N	1	Comedy,Short
tt0000310	short	Chimmie Hicks and the Rum Omelet	Chimmie Hicks and the Rum Omelet	0	1900	\N	\N	Comedy,Short
tt0000312	short	Le lapin	Le lapin	0	1900	\N	\N	Short
tt0000313	short	Let Me Dream Again	Let Me Dream Again	0	1900	\N	1	Comedy,Short
tt0000314	short	Leçon de danse	Leçon de danse	0	1900	\N	\N	Short
tt0000315	short	Le marchand de coco	Le marchand de coco	0	1900	\N	\N	Short
tt0000316	short	Marché à la volaille	Marché à la volaille	0	1900	\N	\N	Short
tt0000317	short	Le matelot	Le matelot	0	1900	\N	\N	Short
tt0000318	short	Eine moderne Jungfrau von Orleans	Eine moderne Jungfrau von Orleans	0	1900	\N	14	Short
tt0000319	short	Maple Leaf Viewing	Momijigari	0	1899	\N	6	Horror,Short
tt0000320	short	Mort d'Adonis	Mort d'Adonis	0	1900	\N	\N	Short
tt0000321	short	The Mystic Swing	The Mystic Swing	0	1900	\N	1	Fantasy,Short
tt0000322	short	Panorama de Barcelona: monumentos y fiestas	Panorama de Barcelona: monumentos y fiestas	0	1900	\N	6	Documentary,Short
tt0000323	short	Pas Japonais	Pas Japonais	0	1900	\N	\N	Short
tt0000324	short	Pas de grâce	Pas de grâce	0	1900	\N	\N	Short
tt0000325	short	Pas des éventails	Pas des éventails	0	1900	\N	\N	Short
tt0000326	short	Pas du poignard	Pas du poignard	0	1900	\N	\N	Short
tt0000327	short	La paysanne	La paysanne	0	1900	\N	\N	Short
tt0000328	short	La petite magicienne	La petite magicienne	0	1900	\N	1	Short
tt0000329	short	Le Polichinelle	Le Polichinelle	0	1900	\N	\N	Short
tt0000330	short	La poupée noire	La poupée noire	0	1900	\N	\N	Short
tt0000331	short	La reine des jouets	La reine des jouets	0	1900	\N	\N	Short
tt0000332	short	Retour des champs	Retour des champs	0	1900	\N	2	Documentary,Short
tt0000333	short	Le sang d'Adonis donnant naissance à la rose rouge	Le sang d'Adonis donnant naissance à la rose rouge	0	1900	\N	\N	Short
tt0000334	short	Saut humidifié de M. Plick	Saut humidifié de M. Plick	0	1900	\N	\N	Comedy,Short
tt0000335	short	Soldiers of the Cross	Soldiers of the Cross	0	1900	\N	40	Biography,Drama,Short
tt0000336	short	La source	La source	0	1900	\N	\N	Short
tt0000337	short	Spanish Bullfight	Spanish Bullfight	0	1900	\N	1	Short,Sport
tt0000338	short	Suite de la danse	Suite de la danse	0	1900	\N	\N	Short
tt0000339	short	La tarentelle	La tarentelle	0	1900	\N	\N	Short
tt0000340	short	Uncle Josh in a Spooky Hotel	Uncle Josh in a Spooky Hotel	0	1900	\N	1	Comedy,Fantasy,Horror
tt0000341	short	Uncle Josh's Nightmare	Uncle Josh's Nightmare	0	1900	\N	2	Comedy,Fantasy,Short
tt0000342	short	Une rage de dents	Une rage de dents	0	1900	\N	\N	Comedy,Short
tt0000343	short	Valse directoire	Valse directoire	0	1900	\N	\N	Short
tt0000344	short	Valse lente	Valse lente	0	1900	\N	\N	Short
tt0000345	short	L'écossaise	L'écossaise	0	1900	\N	\N	Short
tt0000346	short	Another Job for the Undertaker	Another Job for the Undertaker	0	1901	\N	2	Comedy,Short
tt0000347	short	Buffalo Bill's Wild West Parade	Buffalo Bill's Wild West Parade	0	1901	\N	2	Documentary,News,Short
tt0000348	short	Charmant froufrou	Charmant froufrou	0	1901	\N	\N	Short
tt0000349	short	What Came Out of the Cheese; or, The Lilliputians in a New York Restaurant	The Cheese Mites, or Lilliputians in a London Restaurant	0	1901	\N	1	Comedy,Short
tt0000350	short	The Countryman's First Sight of the Animated Pictures	The Countryman and the Cinematograph	0	1901	\N	1	Comedy,Short
tt0000351	short	Danses basques	Danses basques	0	1901	\N	\N	Short
tt0000352	short	Day at the Circus	Day at the Circus	0	1901	\N	2	Documentary,Short
tt0000353	short	Execution of Czolgosz with Panorama of Auburn Prison	Execution of Czolgosz with Panorama of Auburn Prison	0	1901	\N	4	Drama,History,Short
tt0000354	short	Exercício de Artilharia no Hipódromo de Belém	Exercício de Artilharia no Hipódromo de Belém	0	1901	\N	\N	Documentary,Short
tt0000355	short	Fire!	Fire!	0	1901	\N	5	Action,Drama,Short
tt0000356	short	Frivolité	Frivolité	0	1901	\N	\N	Short
tt0000357	short	The Haunted Curiosity Shop	The Haunted Curiosity Shop	0	1901	\N	2	Comedy,Fantasy,Horror
tt0000358	short	History of a Crime	Histoire d'un crime	0	1901	\N	5	Crime,Drama,Short
tt0000359	short	The India Rubber Head	L'homme à la tête en caoutchouc	0	1901	\N	3	Comedy,Fantasy,Short
tt0000360	short	Hussards et grisettes	Hussards et grisettes	0	1901	\N	\N	Short
tt0000361	short	Lavatory moderne	Lavatory moderne	0	1901	\N	\N	Short
tt0000362	short	Lecture quotidienne	Lecture quotidienne	0	1901	\N	\N	Short
tt0000363	short	Magical Sword	The Magic Sword	0	1901	\N	2	Fantasy,Romance,Short
tt0000364	short	Panorama of Esplanade by Night	Panorama of Esplanade by Night	0	1901	\N	1	Documentary,Short
tt0000365	short	Parada de Bombeiros	Parada de Bombeiros	0	1901	\N	\N	Documentary,Short
tt0000366	short	Uma Parada dos Alunos da Casa Pia de Lisboa	Uma Parada dos Alunos da Casa Pia de Lisboa	0	1901	\N	\N	Documentary,Short
tt0000367	short	Pas de colombine	Pas de colombine	0	1901	\N	\N	Short
tt0000368	short	Little Red Riding Hood	Le petit chaperon rouge	0	1901	\N	\N	Fantasy,Short
tt0000369	short	A Road for Children's Bicycles in Barcelona	Pista de bicicletas para niños en Barcelona	0	1901	\N	3	Documentary,Short
tt0000370	short	Scrooge; or Marley's Ghost	Scrooge; or Marley's Ghost	0	1901	\N	6	Drama,Fantasy,Horror
tt0000371	short	Scène d'amour	Scène d'amour	0	1901	\N	\N	Short
tt0000372	short	Scène d'ivresse	Scène d'ivresse	0	1901	\N	\N	Short
tt0000373	short	The Devil's Seven Castles	Les sept châteaux du diable	0	1902	\N	11	Drama,Horror,Short
tt0000374	short	Tel est pris qui croyait prendre	Tel est pris qui croyait prendre	0	1901	\N	\N	Short
tt0000375	short	Uma Tourada à Antiga Portuguesa	Uma Tourada à Antiga Portuguesa	0	1901	\N	\N	Documentary,Short
tt0000376	short	A táncz	A táncz	0	1901	\N	\N	Documentary,Short
tt0000377	short	Undressing Extraordinary	Undressing Extraordinary	0	1901	\N	3	Comedy,Fantasy,Short
tt0000378	short	Les vagues	Les vagues	0	1901	\N	\N	Short
tt0000379	short	Visita de la escuadra inglesa a Barcelona	Visita de la escuadra inglesa a Barcelona	0	1901	\N	6	Documentary,Short
tt0000380	short	Sleeping Beauty	La belle au bois dormant	0	1903	\N	\N	Drama,Fantasy,Short
tt0000381	short	Buffalo Bill's Wild West Show	Buffalo Bill's Wild West Show	0	1902	\N	1	News,Short
tt0000382	short	Carnaval en las ramblas	Carnaval en las ramblas	0	1902	\N	9	Documentary,Short
tt0000383	short	Carreras de caballos en el hipódromo de Barcelona	Carreras de caballos en el hipódromo de Barcelona	0	1902	\N	6	Documentary,Short
tt0000384	short	Miss Dundee and Her Performing Dogs	Les chiens savants	0	1902	\N	3	Documentary,Short
tt0000385	short	Les clowns	Les clowns	0	1902	\N	\N	Comedy,Short
tt0000386	short	La cour des miracles	La cour des miracles	0	1902	\N	\N	Comedy,Short
tt0000387	short	The Coronation of King Edward VII	The Coronation of Edward VII	0	1902	\N	4	History,Short
tt0000388	short	Danse excentrique	Danse excentrique	0	1902	\N	2	Music,Short
tt0000389	short	Danse fantaisiste	Danse fantaisiste	0	1902	\N	\N	Short
tt0000390	short	Danse mauresque	Danse mauresque	0	1902	\N	\N	Short
tt0000391	short	La dent récalcitrante	La dent récalcitrante	0	1902	\N	\N	Comedy,Short
tt0000392	short	The Enchanted Cup	The Enchanted Cup	0	1903	\N	\N	Fantasy,Short
tt0000393	short	En faction	En faction	0	1902	\N	\N	Comedy,Short
tt0000394	short	Farces de cuisinière	Farces de cuisinière	0	1902	\N	\N	Comedy,Short
tt0000395	short	La fiole enchantée	La fiole enchantée	0	1902	\N	\N	Short
tt0000396	short	Fruits de saison	Fruits de saison	0	1902	\N	\N	Short
tt0000397	short	La gavotte	La gavotte	0	1902	\N	\N	Short
tt0000398	short	La gigue	La gigue	0	1902	\N	\N	Short
tt0000399	short	Jack and the Beanstalk	Jack and the Beanstalk	0	1902	\N	10	Fantasy,Short
tt0000400	short	Le lion savant	Le lion savant	0	1902	\N	\N	Comedy,Short
tt0000401	short	Le marchand de ballons	Le marchand de ballons	0	1902	\N	\N	Comedy,Short
tt0000402	short	Mother Goose Nursery Rhymes	Mother Goose Nursery Rhymes	0	1902	\N	\N	Comedy,Short
tt0000403	short	Le pommier	Le pommier	0	1902	\N	\N	Short
tt0000404	short	Pour secouer la salade	Pour secouer la salade	0	1902	\N	\N	Short
tt0000405	short	La première gamelle	La première gamelle	0	1902	\N	\N	Comedy,Short
tt0000406	short	The Prince of Darkness	The Prince of Darkness	0	1900	\N	\N	Horror,Short
tt0000407	short	Procesión de las hijas de María de la parroquia de Sans	Procesión de las hijas de María de la parroquia de Sans	0	1902	\N	2	Documentary,Short
tt0000408	short	Quadrille réaliste	Quadrille réaliste	0	1902	\N	\N	Short
tt0000409	short	Midwife to the Upper Classes	Sage-femme de première classe	0	1902	\N	4	Comedy,Short
tt0000410	short	Demolishing and Building Up the Star Theatre	Demolishing and Building Up the Star Theatre	0	1901	\N	2	Documentary,Short
tt0000411	short	Trompé mais content	Trompé mais content	0	1902	\N	\N	Comedy,Short
tt0000412	short	The Troublesome Fly	The Troublesome Fly	0	1900	\N	\N	Comedy,Horror,Short
tt0000413	short	The Devil's Money Bags	Les trésors de satan	0	1902	\N	3	Comedy,Fantasy,Horror
tt0000414	short	Uncle Josh at the Moving Picture Show	Uncle Josh at the Moving Picture Show	0	1902	\N	2	Comedy,Short
tt0000415	short	A Peculiar Cabinet	Une scène en cabinet particulier vue à travers le trou de la serrure	0	1906	\N	\N	Short
tt0000416	short	Alcohol and Its Victims	Les victimes de l'alcoolisme	0	1902	\N	4	Drama,Short
tt0000417	short	A Trip to the Moon	Le voyage dans la lune	0	1902	\N	13	Adventure,Comedy,Fantasy
tt0000418	short	The Wild Man of Borneo	The Wild Man of Borneo	0	1902	\N	\N	Drama,Short
tt0000419	short	L'équilibriste	L'équilibriste	0	1902	\N	\N	Short
tt0000420	short	Alice in Wonderland	Alice in Wonderland	0	1903	\N	9	Family,Fantasy,Short
tt0000421	short	Les apaches pas veinards	Les apaches pas veinards	0	1903	\N	\N	Short
tt0000422	short	Les aventures d'un voyageur trop pressé	Les aventures d'un voyageur trop pressé	0	1903	\N	\N	Short
tt0000423	short	The Enchanted Box	La boîte à malice	0	1903	\N	1	Fantasy,Short
tt0000424	short	Les braconniers	Les braconniers	0	1905	\N	\N	Short
tt0000425	short	Buffalo Bill's Parade	Buffalo Bill's Parade	0	1903	\N	\N	Documentary,Short
tt0000426	short	Buffalo Bill's Street Parade	Buffalo Bill's Street Parade	0	1903	\N	\N	Documentary,Short
tt0000427	short	Cake-walk de la pendule	Cake-walk de la pendule	0	1903	\N	\N	Short
tt0000428	short	Carreras de bicicletas en el parque	Carreras de bicicletas en el parque	0	1903	\N	\N	Documentary,Short
tt0000429	short	La chasse au cambrioleur	La chasse au cambrioleur	0	1906	\N	\N	Crime,Drama,Short
tt0000430	short	A Chess Dispute	A Chess Dispute	0	1903	\N	1	Comedy,Short
tt0000431	short	Comme on fait son lit on se couche	Comme on fait son lit on se couche	0	1903	\N	\N	Short
tt0000432	short	How Monsieur Takes His Bath	Comment monsieur prend son bain	0	1903	\N	1	Comedy,Short
tt0000433	short	Compagnons de voyage encombrants	Compagnons de voyage encombrants	0	1903	\N	\N	Short
tt0000434	short	Dorothy's Dream	Dorothy's Dream	0	1903	\N	\N	Fantasy,Short
tt0000435	short	Enlèvement en automobile et mariage précipité	Enlèvement en automobile et mariage précipité	0	1903	\N	\N	Short
tt0000436	short	An Extraordinary Cab Accident	An Extraordinary Cab Accident	0	1903	\N	1	Comedy,Short
tt0000437	short	Faust and Mephistopheles	Faust et Méphistophélès	0	1903	\N	2	Drama,Horror,Short
tt0000438	short	Le fiancé ensorcelé	Le fiancé ensorcelé	0	1904	\N	\N	Short
tt0000439	short	The Great Train Robbery	The Great Train Robbery	0	1903	\N	11	Action,Adventure,Crime
tt0000440	short	La guirlande merveilleuse	La guirlande merveilleuse	0	1903	\N	4	Fantasy,Short
tt0000441	short	Gulliver en el país de los gigantes	Gulliver en el país de los gigantes	0	1903	\N	\N	Short
tt0000442	short	Capital Execution	Henrettelsen	0	1900	\N	1	Drama,Short
tt0000443	short	Hiawatha	Hiawatha, the Messiah of the Ojibway	0	1903	\N	15	Adventure,Drama,Short
tt0000444	short	Illusionniste renversant	Illusionniste renversant	0	1903	\N	\N	Short
tt0000445	short	Jocko musicien	Jocko musicien	0	1903	\N	\N	Short
tt0000446	short	Kit Carson	Kit Carson	0	1903	\N	21	Short,Western
tt0000447	short	Life of an American Fireman	Life of an American Fireman	0	1903	\N	6	Action,Short
tt0000448	short	Le liqueur du couvent	Le liqueur du couvent	0	1903	\N	\N	Short
tt0000449	short	Lutteurs américains	Lutteurs américains	0	1903	\N	\N	Short
tt0000450	short	La main du professeur Hamilton ou le roi des dollars	La main du professeur Hamilton ou le roi des dollars	0	1903	\N	\N	Short
tt0000451	short	Mary Jane's Mishap	Mary Jane's Mishap	0	1903	\N	4	Comedy,Short
tt0000452	short	The Messenger Boy's Mistake	The Messenger Boy's Mistake	0	1903	\N	2	Comedy,Romance,Short
tt0000453	short	Modelage express	Modelage express	0	1903	\N	\N	Short
tt0000454	short	La mouche	La mouche	0	1903	\N	\N	Short
tt0000455	short	The Music Lover	Le mélomane	0	1903	\N	3	Comedy,Music,Short
tt0000456	short	N.Y. Fire Department Returning	N.Y. Fire Department Returning	0	1903	\N	1	Documentary,Short
tt0000457	short	Ne bougeons plus	Ne bougeons plus	0	1903	\N	\N	Short
tt0000458	short	Nos bons étudiants	Nos bons étudiants	0	1903	\N	\N	Short
tt0000459	short	Panorama of Riker's Island, N.Y.	Panorama of Riker's Island, N.Y.	0	1903	\N	2	Documentary,Short
tt0000460	short	The Pioneers	The Pioneers	0	1903	\N	15	Short,Western
tt0000461	short	Potage indigeste	Potage indigeste	0	1903	\N	\N	Short
tt0000462	short	La poule fantaisiste	La poule fantaisiste	0	1903	\N	\N	Short
tt0000463	short	Puerto de Barcelona	Puerto de Barcelona	0	1903	\N	1	Documentary,Short
tt0000464	short	Rip Van Winkle	Rip Van Winkle	0	1903	\N	4	Comedy,Short
tt0000465	short	The Kingdom of the Fairies	Le royaume des fées	0	1903	\N	16	Adventure,Fantasy,Short
tt0000466	short	Répétition dans un cirque	Répétition dans un cirque	0	1903	\N	\N	Short
tt0000467	short	Secours aux naufragés	Secours aux naufragés	0	1904	\N	\N	Short
tt0000468	short	Service précipité	Service précipité	0	1903	\N	\N	Short
tt0000469	short	The Sick Kitten	The Sick Kitten	0	1903	\N	1	Comedy,Family,Short
tt0000470	short	Les surprises de l'affichage	Les surprises de l'affichage	0	1903	\N	\N	Short
tt0000471	short	Uncle Tom's Cabin	Uncle Tom's Cabin	0	1903	\N	13	Drama,Short
tt0000472	short	Uncle Tom's Cabin	Uncle Tom's Cabin	0	1903	\N	\N	Drama,Short
tt0000473	short	La valise enchantée	La valise enchantée	0	1905	\N	\N	Short
tt0000474	short	Le voleur sacrilège	Le voleur sacrilège	0	1903	\N	\N	Short
tt0000475	short	Voyage of the 'Arctic'	The Adventurous Voyage of 'The Arctic'	0	1903	\N	10	Drama,Short
tt0000476	short	Après la fête	Après la fête	0	1904	\N	\N	Short
tt0000477	short	L'assassinat du courrier de Lyon	L'assassinat du courrier de Lyon	0	1904	\N	\N	Drama,Short
tt0000478	short	Behind the Scenes	Behind the Scenes	0	1904	\N	\N	Comedy,Short
tt0000479	short	Rum vs. Cherries	Buy Your Own Cherries	0	1904	\N	4	Drama,Short
tt0000480	short	Le coffre enchanté	Le coffre enchanté	0	1904	\N	3	Fantasy,Short
tt0000481	short	A Collier's Life	A Collier's Life	0	1904	\N	\N	Short
tt0000482	short	Comment on disperse les foules	Comment on disperse les foules	0	1904	\N	\N	Comedy,Short
tt0000483	short	Les deux rivaux	Les deux rivaux	0	1905	\N	\N	Comedy,Short
tt0000484	short	Les enfants du miracle	Les enfants du miracle	0	1904	\N	\N	Short
tt0000485	short	La gavotte de la reine	La gavotte de la reine	0	1904	\N	\N	Short
tt0000486	short	A Gentleman of France	A Gentleman of France	0	1905	\N	5	Adventure,Drama,Short
tt0000487	short	The Great Train Robbery	The Great Train Robbery	0	1904	\N	8	Drama,Short,Western
tt0000488	short	The Land Beyond the Sunset	The Land Beyond the Sunset	0	1912	\N	14	Drama,Fantasy,Short
tt0000489	short	La leçon de pipeau	La leçon de pipeau	0	1904	\N	\N	Short
tt0000490	short	L'oiseau envolé	L'oiseau envolé	0	1904	\N	\N	Short
tt0000491	short	Opening the Williamsburg Bridge	Opening the Williamsburg Bridge	0	1904	\N	1	News,Short
tt0000492	short	Personal	Personal	0	1904	\N	6	Comedy,Short
tt0000493	short	Pierrot, Murderer	Pierrot assassin	0	1904	\N	\N	Short
tt0000494	short	Le pompon malencontreux	Le pompon malencontreux	0	1904	\N	\N	Short
tt0000495	short	The Pearl Fisher	Le pêcheur de perles	0	1907	\N	12	Fantasy,Short
tt0000496	short	Railroad Smashup	Railroad Smashup	0	1904	\N	1	Action,Short
tt0000497	short	A Railway Tragedy	A Railway Tragedy	0	1904	\N	5	Crime,Short
tt0000498	short	Rescued by Rover	Rescued by Rover	0	1905	\N	7	Crime,Drama,Family
tt0000499	short	An Impossible Voyage	Le voyage à travers l'impossible	0	1904	\N	24	Action,Adventure,Family
tt0000500	short	The Abductors	The Abductors	0	1905	\N	\N	Drama,Short
tt0000501	short	Adventures of Sherlock Holmes	Adventures of Sherlock Holmes	0	1905	\N	10	Crime,Drama,Mystery
tt0000502	movie	Bohemios	Bohemios	0	1905	\N	100	\N
tt0000503	short	Corrida de beneficencia celebrada por Quinito y Montes	Corrida de beneficencia celebrada por Quinito y Montes	0	1905	\N	2	Documentary,Short
tt0000504	short	Coso y Paseo de Santa Engracia (Calles y plazas de Zaragoza)	Coso y Paseo de Santa Engracia (Calles y plazas de Zaragoza)	0	1905	\N	\N	Documentary,Short
tt0000505	short	The Wig Chase	La course à la perruque	0	1906	\N	6	Comedy,Short
tt0000506	short	The Effects of Too Much Scotch	D.T.'s, or the Effect of Drink	0	1905	\N	\N	Drama,Short
tt0000574	movie	The Story of the Kelly Gang	The Story of the Kelly Gang	0	1906	\N	70	Action,Adventure,Biography
tt0000591	movie	The Prodigal Son	L'enfant prodigue	0	1907	\N	90	Drama
tt0000615	movie	Robbery Under Arms	Robbery Under Arms	0	1907	\N	\N	Drama
tt0000630	movie	Hamlet	Amleto	0	1908	\N	\N	Drama
tt0000675	movie	Don Quijote	Don Quijote	0	1908	\N	\N	Drama
tt0000679	movie	The Fairylogue and Radio-Plays	The Fairylogue and Radio-Plays	0	1908	\N	120	Adventure,Fantasy
tt0000838	movie	A Cultura do Cacau	A Cultura do Cacau	0	1909	\N	\N	\N
tt0000842	movie	De Garraf a Barcelona	De Garraf a Barcelona	0	1909	\N	\N	\N
tt0000846	movie	Un día en Xochimilco	Un día en Xochimilco	0	1909	\N	\N	\N
tt0000850	movie	Los dos hermanos	Los dos hermanos	0	1909	\N	\N	\N
tt0000859	movie	Fabricación del corcho en Sant Feliu de Guixols	Fabricación del corcho en Sant Feliu de Guixols	0	1909	\N	\N	\N
tt0000862	movie	Faldgruben	Faldgruben	0	1909	\N	\N	\N
tt0000867	movie	Fiesta de toros	Fiesta de toros	0	1909	\N	\N	\N
tt0000868	movie	Fiestas de Santa Lucía - Belenes	Fiestas de Santa Lucía - Belenes	0	1909	\N	\N	\N
tt0000869	movie	Fiestas en La Garriga	Fiestas en La Garriga	0	1909	\N	\N	\N
tt0000879	movie	Gira política de Madero y Pino Suárez	Gira política de Madero y Pino Suárez	0	1909	\N	\N	\N
tt0000886	movie	Hamlet, Prince of Denmark	Hamlet	0	1910	\N	\N	Drama
tt0000941	movie	Locura de amor	Locura de amor	0	1909	\N	45	Drama
tt0000947	movie	Lægens offer	Lægens offer	0	1909	\N	\N	\N
tt0000959	movie	Melilla y el Gurugu	Melilla y el Gurugu	0	1909	\N	\N	\N
tt0000984	movie	Niños en la alameda	Niños en la alameda	0	1909	\N	\N	\N
tt0001007	movie	La primera y segunda casetas	La primera y segunda casetas	0	1909	\N	\N	\N
tt0001010	movie	Protección de un convoy de víveres en el puente de camellos	Protección de un convoy de víveres en el puente de camellos	0	1909	\N	\N	\N
tt0001028	movie	Salome Mad	Salome Mad	0	1909	\N	\N	Comedy
tt0001038	movie	Sherlock Holmes VI	Sherlock Holmes VI	0	1910	\N	\N	\N
tt0001043	movie	Smith's Knockabout Theatre	Smith's Knockabout Theatre	0	1909	\N	\N	\N
tt0001049	movie	Gøngehøvdingen	Gøngehøvdingen	0	1909	\N	\N	Drama,War
tt0001051	movie	El sueño milagroso	El sueño milagroso	0	1909	\N	\N	\N
tt0001059	movie	O Terremoto de Benavente	O Terremoto de Benavente	0	1909	\N	\N	Documentary
tt0001069	movie	Toma del Gurugu	Toma del Gurugu	0	1909	\N	\N	\N
tt0001080	movie	Two of the Boys	Two of the Boys	0	1909	\N	\N	\N
tt0001081	movie	La vida en el campamento	La vida en el campamento	0	1909	\N	\N	\N
tt0001082	movie	Viernes de dolores	Viernes de dolores	0	1909	\N	\N	\N
tt0001109	movie	L'aluminite	L'aluminite	0	1910	\N	\N	\N
tt0001112	movie	Hamlet	Amleto	0	1910	\N	\N	Drama
tt0001113	movie	Amor gitano	Amor gitano	0	1910	\N	\N	\N
tt0001115	movie	Ansigttyven I	Ansigttyven I	0	1910	\N	\N	Crime
tt0001116	movie	Ansigttyven II	Ansigttyven II	0	1910	\N	\N	\N
tt0001122	movie	The Red Inn	L'auberge rouge	0	1910	\N	\N	\N
tt0001141	movie	The Butterfly	The Butterfly	0	1910	\N	\N	\N
tt0001142	movie	By Order of Napoleon	By Order of Napoleon	0	1910	\N	\N	\N
tt0001147	movie	O Centenário da Guerra Peninsular	O Centenário da Guerra Peninsular	0	1910	\N	\N	Documentary
tt0001159	movie	The Connecticut Yankee	The Connecticut Yankee	0	1910	\N	\N	\N
tt0001163	movie	Corrida da Rampa	Corrida da Rampa	0	1910	\N	\N	Documentary
tt0001175	movie	Camille	La dame aux camélias	0	1912	\N	114	Drama,Romance
tt0001179	movie	Desfile histórico del centenario	Desfile histórico del centenario	0	1910	\N	\N	\N
tt0001184	movie	Don Juan de Serrallonga	Don Juan de Serrallonga	0	1910	\N	58	Adventure,Drama
tt0001203	movie	Excursión al Gombreny	Excursión al Gombreny	0	1910	\N	\N	\N
tt0001230	movie	Gentleman Joe	Gentleman Joe	0	1910	\N	\N	\N
tt0001240	movie	Hamlet	Hamlet	0	1911	\N	\N	Drama
tt0001247	movie	His Brother's Wife	His Brother's Wife	0	1910	\N	\N	\N
tt0001277	movie	Kapergasten	Kapergasten	0	1910	\N	\N	Drama
tt0001285	movie	The Life of Moses	The Life of Moses	0	1909	\N	50	Biography,Drama,Family
tt0001338	movie	A Night in May	Maiskaya noch, ili utoplennitsa	0	1910	\N	\N	Drama
tt0001341	movie	Jarní sen starého mládence	Jarní sen starého mládence	0	1913	\N	\N	Comedy
tt0001348	movie	Orientalsk dans	Orientalsk dans	0	1910	\N	\N	\N
tt0001359	movie	A Pesca do Bacalhau	A Pesca do Bacalhau	0	1910	\N	\N	Documentary
tt0001364	movie	El pobre Valbuena	El pobre Valbuena	0	1910	\N	\N	\N
tt0001366	movie	Un portero modelo	Un portero modelo	0	1910	\N	\N	\N
tt0001370	movie	Rainha Depois de Morta Inês de Castro	Rainha Depois de Morta Inês de Castro	0	1910	\N	\N	Drama,History
tt0001379	movie	A Record Hustle Through Foggy London	A Record Hustle Through Foggy London	0	1910	\N	\N	\N
tt0001382	movie	Revolução de 5 de Outubro	Revolução de 5 de Outubro	0	1910	\N	\N	Documentary
tt0001386	movie	Le roi des parfums	Le roi des parfums	0	1910	\N	\N	\N
tt0001422	movie	Trail to the West	Trail to the West	0	1910	\N	\N	\N
tt0001440	movie	Valdemar Sejr	Valdemar Sejr	0	1910	\N	\N	Drama,History
tt0001465	movie	As Últimas Inundações do Tejo em Santarém	As Últimas Inundações do Tejo em Santarém	0	1910	\N	\N	\N
tt0001475	movie	Amor fatal	Amor fatal	0	1911	\N	\N	Drama,Romance
tt0001495	movie	A Balkan Episode	A Balkan Episode	0	1911	\N	\N	\N
tt0001498	movie	The Battle of Trafalgar	The Battle of Trafalgar	0	1911	\N	51	War
tt0001515	movie	The Brand	The Brand	0	1911	\N	\N	\N
tt0001530	movie	The Bushranger's Bride	Captain Midnight, the Bush King	0	1911	\N	\N	Drama
tt0001531	movie	Captain Starlight, or Gentleman of the Road	Captain Starlight, or Gentleman of the Road	0	1911	\N	\N	\N
tt0001555	movie	Cortejo Cívico	Cortejo Cívico	0	1911	\N	\N	\N
tt0001586	movie	A Dog's Tale	A Dog's Tale	0	1911	\N	\N	\N
tt0001592	movie	In the Prime of Life	Ekspeditricen	0	1911	\N	52	Drama
tt0001602	movie	El fantasma del castillo	El fantasma del castillo	0	1911	\N	\N	\N
tt0001603	movie	Den farlige leg	Den farlige leg	0	1911	\N	\N	Drama
tt0001604	movie	The Fatal Wedding	The Fatal Wedding	0	1911	\N	\N	Drama
tt0001628	movie	The Four Poster Pest	The Four Poster Pest	0	1911	\N	\N	\N
tt0001630	movie	Der fremde Vogel	Der fremde Vogel	0	1911	\N	45	\N
tt0001648	movie	The Golden West	The Golden West	0	1911	\N	\N	\N
tt0001706	movie	The Infant at Snakeville	The Infant at Snakeville	0	1911	\N	\N	\N
tt0001711	movie	Jahreszeiten des Lebens	Jahreszeiten des Lebens	0	1915	\N	\N	\N
tt0001712	movie	Jane Shore	Jane Shore	0	1911	\N	\N	\N
tt0001716	movie	Julius Caesar's Sandals	Julius Caesar's Sandals	0	1911	\N	\N	\N
tt0001731	movie	The Convict Hero	The Life of Rufus Dawes	0	1911	\N	\N	Drama
tt0001756	movie	Lucha por la herencia	Lucha por la herencia	0	1911	\N	92	\N
tt0001764	movie	Madero al sur del país	Madero al sur del país	0	1911	\N	\N	\N
tt0001778	movie	Menneskedyret	Menneskedyret	0	1911	\N	\N	\N
tt0001785	movie	The Miner's Curse	The Miner's Curse	0	1911	\N	\N	Drama
tt0001790	movie	Les Misérables, Part 1: Jean Valjean	Les misérables - Époque 1: Jean Valjean	0	1913	\N	60	Drama
tt0001803	movie	The Mystery of a Hansom Cab	The Mystery of a Hansom Cab	0	1911	\N	\N	\N
tt0001812	movie	Oedipus Rex	Oedipus Rex	0	1911	\N	56	Drama
tt0001889	movie	Skæbnebæltet	Skæbnebæltet	0	1911	\N	\N	\N
tt0001892	movie	Den sorte drøm	Den sorte drøm	0	1911	\N	53	Drama
tt0001895	movie	Sport Hípico	Sport Hípico	0	1911	\N	\N	Documentary
tt0001911	movie	Nell Gwynne	Sweet Nell of Old Drury	0	1911	\N	50	Biography,Drama,History
tt0001914	movie	The Devil's Assistant	Die Sünden der Väter	0	1913	\N	\N	Drama
tt0001920	movie	Temblor de 1911 en México	Temblor de 1911 en México	0	1911	\N	\N	\N
tt0001964	movie	The Traitress	Die Verräterin	0	1911	\N	48	Drama
tt0001965	movie	Vicio y virtud	Vicio y virtud	0	1911	\N	\N	\N
tt0001992	movie	Zwei Frauen	Zwei Frauen	0	1911	\N	\N	\N
tt0001993	movie	L'électrocuté	L'électrocuté	0	1911	\N	\N	Sci-Fi
tt0001998	movie	The Adventures of Lieutenant Petrosino	The Adventures of Lieutenant Petrosino	0	1912	\N	47	Drama
tt0002001	movie	The Alaska-Siberian Expedition	The Alaska-Siberian Expedition	0	1912	\N	\N	Documentary
tt0002019	movie	Amor de bestia	Amor de bestia	0	1912	\N	\N	\N
tt0002020	movie	Queen Elizabeth	Les amours de la reine Élisabeth	0	1912	\N	53	Biography,Drama,History
tt0002022	movie	Anfisa	Anfisa	0	1912	\N	45	Drama
tt0002026	movie	Anny - Story of a Prostitute	Anny - en gatepiges roman	0	1912	\N	68	Drama,Romance
tt0002031	movie	As You Like It	As You Like It	0	1912	\N	\N	\N
tt0002039	movie	Atop of the World in Motion	Atop of the World in Motion	0	1912	\N	\N	Documentary
tt0002044	movie	Le bagnard	Le bagnard	0	1912	\N	\N	\N
tt0002046	movie	La Barrera número 13	La Barrera número 13	0	1913	\N	\N	\N
tt0002047	movie	A Batalha	A Batalha	0	1912	\N	\N	Documentary
tt0002088	movie	Carlota Angela	Carlota Angela	0	1912	\N	\N	\N
tt0002089	movie	Carmen	Carmen	0	1912	\N	\N	\N
tt0002094	movie	Charles IV	Charles IV	0	1912	\N	50	\N
tt0002101	movie	Cleopatra	Cleopatra	0	1912	\N	100	Drama,History
tt0002102	movie	The Clod	The Clod	0	1912	\N	\N	\N
tt0002109	movie	The Colonel's Son	The Colonel's Son	0	1912	\N	\N	\N
tt0002112	movie	Concurso Hípico no Porto	Concurso Hípico no Porto	0	1912	\N	\N	Documentary
tt0002115	movie	La conspiration des drapeaux	La conspiration des drapeaux	0	1912	\N	\N	\N
tt0002119	movie	The Crime and the Criminal	The Crime and the Criminal	0	1912	\N	\N	\N
tt0002130	movie	Dante's Inferno	L'inferno	0	1911	\N	71	Adventure,Drama,Fantasy
tt0002131	movie	A Dança dos Apaches	A Dança dos Apaches	0	1912	\N	\N	\N
tt0002140	movie	Do Men Love Women?	Do Men Love Women?	0	1912	\N	\N	\N
tt0002153	movie	The Great Circus Catastrophe	Dødsspring til hest fra cirkuskuplen	0	1912	\N	45	Drama
tt0002156	movie	Eclipse de sol	Eclipse de sol	0	1912	\N	\N	\N
tt0002157	movie	The Oath of Stephen Huller	Der Eid des Stephan Huller	0	1912	\N	\N	\N
tt0002161	movie	Episódios da Terrível Explosão de Bombas no Porto	Episódios da Terrível Explosão de Bombas no Porto	0	1912	\N	\N	Documentary
tt0002163	movie	Eva	Eva	0	1913	\N	\N	Drama
tt0002165	movie	Excursión a San Lorenzo de Munt	Excursión a San Lorenzo de Munt	0	1912	\N	\N	\N
tt0002186	movie	The Flying Circus	Den flyvende cirkus	0	1912	\N	46	Drama
tt0002188	movie	For Freedom of Cuba	For Freedom of Cuba	0	1912	\N	\N	\N
tt0002199	movie	From the Manger to the Cross	From the Manger to the Cross	0	1912	\N	71	Biography,Drama
tt0002211	movie	Den glade løjtnant	Den glade løjtnant	0	1912	\N	\N	Romance
tt0002220	movie	Grannie	Grannie	0	1912	\N	\N	\N
tt0002239	movie	Her Own Money	Her Own Money	0	1914	\N	\N	\N
tt0002262	movie	Il y a des pieds au plafond	Il y a des pieds au plafond	0	1912	\N	\N	\N
tt0002276	movie	De industrieel van Pont Avesnes	De industrieel van Pont Avesnes	0	1912	\N	\N	\N
tt0002286	movie	Judith	Judith	0	1912	\N	\N	\N
tt0002301	movie	Leiria	Leiria	0	1912	\N	\N	Documentary
tt0002305	movie	Life of Villa	Life of Villa	0	1912	\N	\N	Documentary,War
tt0002315	movie	El lobo de la sierra	El lobo de la sierra	0	1912	\N	76	\N
tt0002328	movie	The Lust for Gold	The Lust for Gold	0	1912	\N	\N	\N
tt0002333	movie	The Might of Gold	Die Macht des Goldes	0	1912	\N	\N	\N
tt0002335	movie	Magda	Magda	0	1912	\N	\N	\N
tt0002337	movie	The Mail Order Wife	The Mail Order Wife	0	1912	\N	\N	\N
tt0002345	movie	Marocco en het Vreemdelingenlegioen	Marocco en het Vreemdelingenlegioen	0	1912	\N	\N	\N
tt0002348	movie	Maskierte Liebe	Maskierte Liebe	0	1912	\N	\N	\N
tt0002361	movie	The Midnight Wedding	The Midnight Wedding	0	1912	\N	\N	Drama
tt0002362	movie	The Mighty Dollar	The Mighty Dollar	0	1912	\N	\N	\N
tt0002375	movie	La mort du duc d'Enghien	La mort du duc d'Enghien	0	1912	\N	\N	\N
tt0002395	movie	Le nègre blanc	Le nègre blanc	0	1912	\N	\N	\N
tt0002405	movie	Oliver Twist	Oliver Twist	0	1912	\N	\N	Drama
tt0002406	movie	Oliver Twist	Oliver Twist	0	1912	\N	\N	Drama
tt0002410	movie	Only a Woman	Only a Woman	0	1912	\N	\N	\N
tt0002423	movie	Passion	Madame DuBarry	0	1919	\N	113	Biography,Drama,Romance
tt0002425	movie	Paul J. Rainey's African Hunt	Paul J. Rainey's African Hunt	0	1912	\N	60	Documentary
tt0002431	movie	La pierre philosophe	La pierre philosophe	0	1912	\N	\N	\N
tt0002432	movie	Los Pirineos de Port-Bou a Andorra	Los Pirineos de Port-Bou a Andorra	0	1912	\N	58	\N
tt0002438	movie	The Prodigal Daughter	The Prodigal Daughter	0	1912	\N	\N	\N
tt0002439	movie	The Prodigal Son	The Prodigal Son	0	1913	\N	\N	\N
tt0002445	movie	Quo Vadis?	Quo Vadis?	0	1913	\N	120	Drama,History
tt0002446	movie	Race for a Life	Race for a Life	0	1912	\N	\N	\N
tt0002452	movie	The Independence of Romania	Independenta Romaniei	0	1912	\N	120	History,War
tt0002458	movie	Orozquista Revolution	Revolución orozquista	0	1912	\N	\N	\N
tt0002461	movie	The Life and Death of King Richard III	Richard III	0	1912	\N	55	Drama
tt0002467	movie	Romani, the Brigand	Romani, the Brigand	0	1912	\N	\N	\N
tt0002479	movie	Seal Hunting in Newfoundland	Seal Hunting in Newfoundland	0	1912	\N	\N	Documentary
tt0002491	movie	The Sin of a Woman	The Sin of a Woman	0	1912	\N	\N	\N
tt0002500	movie	The Black Chancellor	Den sorte kansler	0	1912	\N	48	Drama
tt0002514	movie	Saved in Mid-Air	De svarta maskerna	0	1912	\N	60	Drama
tt0002517	movie	Talma	Talma	0	1912	\N	\N	\N
tt0002525	movie	The Tide of Death	The Tide of Death	0	1912	\N	\N	\N
tt0002555	movie	The Last Bohemian	Az utolsó bohém	0	1913	\N	\N	Drama,Romance
tt0002559	movie	Verkannt	Verkannt	0	1912	\N	\N	\N
tt0002572	movie	Wenn die Maske fällt	Wenn die Maske fällt	0	1912	\N	\N	\N
tt0002574	movie	What Happened to Mary	What Happened to Mary	0	1912	\N	150	Action,Drama,Thriller
tt0002588	movie	Zigomar contre Nick Carter	Zigomar contre Nick Carter	0	1912	\N	48	Crime,Thriller
tt0002589	movie	Zona de Incursões em Chaves	Zona de Incursões em Chaves	0	1912	\N	\N	\N
tt0002590	movie	Zu Tode gehetzt	Zu Tode gehetzt	0	1912	\N	\N	\N
tt0002591	movie	Zu spät	Zu spät	0	1913	\N	\N	\N
tt0002594	movie	'Neath Austral Skies	'Neath Austral Skies	0	1913	\N	\N	\N
tt0002595	movie	...denn alle Schuld rächt sich auf Erden	...denn alle Schuld rächt sich auf Erden	0	1913	\N	\N	\N
tt0002605	movie	The Adventures of Kathlyn	The Adventures of Kathlyn	0	1913	\N	300	Adventure
tt0002624	movie	El amigo del alma	El amigo del alma	0	1913	\N	\N	\N
tt0002625	movie	Ana Kadova	Ana Kadova	0	1913	\N	92	\N
tt0002628	movie	Der Andere	Der Andere	0	1913	\N	48	Drama,Thriller
tt0002637	movie	Arizona	Arizona	0	1913	\N	45	Drama,Western
tt0002642	movie	The Heir to Skjoldborg	Arvingen til Skjoldborg	0	1914	\N	50	Drama
tt0002646	movie	Atlantis	Atlantis	0	1913	\N	121	Drama
tt0002648	movie	Old Brandis' Eyes	Die Augen des Ole Brandis	0	1913	\N	\N	Drama,Fantasy
tt0002649	movie	Australia Calls	Australia Calls	0	1913	\N	\N	\N
tt0002660	movie	Barbarous Mexico	Barbarous Mexico	0	1913	\N	\N	Documentary
tt0002661	movie	Barcelona bajo la nieve	Barcelona bajo la nieve	0	1913	\N	\N	\N
tt0002665	movie	The Bartered Bride	The Bartered Bride	0	1913	\N	\N	\N
tt0002669	movie	The Battle of Gettysburg	The Battle of Gettysburg	0	1913	\N	48	Drama,War
tt0002670	movie	The Battle of Shiloh	The Battle of Shiloh	0	1913	\N	\N	Drama,History,War
tt0002676	movie	El bello Arturo	El bello Arturo	0	1913	\N	\N	Comedy
tt0002679	movie	Bianco contro negro	Bianco contro negro	0	1913	\N	\N	\N
tt0002685	movie	Blodets röst	Blodets röst	0	1913	\N	89	Drama
tt0002722	movie	Buch i Trøjen	Buch i Trøjen	0	1913	\N	\N	\N
tt0002725	movie	Buried Alive in a Coal Mine	Buried Alive in a Coal Mine	0	1913	\N	\N	Drama
tt0002727	movie	Bøffen og bananen	Bøffen og bananen	0	1913	\N	\N	\N
tt0002735	movie	Le camée	Le camée	0	1913	\N	\N	\N
tt0002739	movie	Carmen	Carmen	0	1914	\N	\N	\N
tt0002743	movie	El Caín moderno	El Caín moderno	0	1913	\N	48	\N
tt0002746	movie	Checkers	Checkers	0	1913	\N	\N	Comedy,Drama
tt0002751	movie	A Chopin Nocturne	Noktyurn Chopyena	0	1913	\N	\N	Drama
tt0002763	movie	Corazón de presidiario	Corazón de presidiario	0	1913	\N	\N	\N
tt0002764	movie	Corrida de feria de las fiestas del Pilar	Corrida de feria de las fiestas del Pilar	0	1913	\N	\N	\N
tt0002765	movie	Corrida de toros en Calatayud	Corrida de toros en Calatayud	0	1913	\N	\N	\N
tt0002767	movie	The Count of Monte Cristo	The Count of Monte Cristo	0	1913	\N	69	Drama,History
tt0002771	movie	El crimen del otro	El crimen del otro	0	1913	\N	\N	\N
tt0002772	movie	The Criminal Path	The Criminal Path	0	1914	\N	\N	Crime,Drama
tt0002785	movie	La dame de Monsoreau	La dame de Monsoreau	0	1913	\N	\N	\N
tt0002790	movie	De muerte a vida	De muerte a vida	0	1913	\N	\N	\N
tt0002798	movie	Le dernier pardon	Le dernier pardon	0	1913	\N	\N	Comedy
tt0002799	movie	Desastre do Monoplano Gnome na Amadora	Desastre do Monoplano Gnome na Amadora	0	1913	\N	\N	Documentary
tt0002801	movie	The Black Diamond	Le diamant noir	0	1913	\N	50	\N
tt0002820	movie	East Lynne	East Lynne	0	1913	\N	69	Drama
tt0002822	movie	What 80 Million Women Want	What 80 Million Women Want	0	1913	\N	56	Crime,Drama,Romance
tt0002823	movie	Die Eisbraut	Die Eisbraut	0	1913	\N	\N	\N
tt0002832	movie	Evangeline	Evangeline	0	1914	\N	50	Drama
tt0002833	movie	Evinrude	Evinrude	0	1913	\N	\N	Crime,Drama
tt0002844	movie	Fantômas: In the Shadow of the Guillotine	Fantômas I: À l'ombre de la guillotine	0	1913	\N	54	Crime,Drama
tt0002857	movie	Uma Ferra em Salvaterra de Magos	Uma Ferra em Salvaterra de Magos	0	1913	\N	\N	Documentary
tt0002858	movie	Fiestas en Palafrugell	Fiestas en Palafrugell	0	1913	\N	\N	\N
tt0002859	movie	The Fight for Millions	The Fight for Millions	0	1913	\N	\N	Drama
tt0002880	movie	The Four Devils	Chetyre chyorta	0	1913	\N	\N	\N
tt0002883	movie	Les frères ennemis	Les frères ennemis	0	1913	\N	\N	\N
tt0002885	movie	From Dusk to Dawn	From Dusk to Dawn	0	1913	\N	90	Drama
tt0002886	movie	La fuerza del destino	La fuerza del destino	0	1913	\N	\N	\N
tt0002888	movie	Fulano de Tal se enamora de Manón	Fulano de Tal se enamora de Manón	0	1916	\N	\N	Comedy
tt0002898	movie	Germinal; or, The Toll of Labor	Germinal	0	1913	\N	150	Drama
tt0002901	movie	The Girl of the Sunny South	The Girl of the Sunny South	0	1913	\N	\N	Drama
tt0002916	movie	Die große Sünderin	Die große Sünderin	0	1914	\N	\N	\N
tt0002917	movie	Brother Against Brother	Gränsfolken	0	1913	\N	51	Drama
tt0002922	movie	Hamlet	Hamlet	0	1913	\N	64	Drama
tt0002928	movie	Hasard	Hasard	0	1913	\N	\N	\N
tt0002953	movie	Herrerín y Ballesteros, en Alagón	Herrerín y Ballesteros, en Alagón	0	1913	\N	\N	\N
tt0002958	movie	El hijo del mar	El hijo del mar	0	1913	\N	\N	\N
tt0002973	movie	Dr. Mawson in the Antarctic	Dr. Mawson in the Antarctic	0	1913	\N	68	Documentary
tt0002975	movie	L'homme qui assassina	L'homme qui assassina	0	1913	\N	\N	\N
tt0002977	movie	Za chest' russkogo znameni	Za chest' russkogo znameni	0	1913	\N	\N	Drama
tt0002978	movie	Hoodman Blind	Hoodman Blind	0	1913	\N	50	Drama
tt0002987	movie	How Fine, How Fresh the Roses Were	Kak khoroshi, kak svezhi byli rozy	0	1913	\N	\N	Romance
tt0002996	movie	My Husband's Getting Married	Házasodik az uram	0	1913	\N	\N	Comedy
tt0003002	movie	The Firefly	Ildfluen	0	1913	\N	47	Drama
tt0003006	movie	In the Bishop's Carriage	In the Bishop's Carriage	0	1913	\N	50	Crime,Drama
tt0003008	movie	In the Stretch	In the Stretch	0	1913	\N	\N	Drama
tt0003010	movie	Incendio en el barrio de Montemolín, Zaragoza	Incendio en el barrio de Montemolín, Zaragoza	0	1913	\N	\N	\N
tt0003014	movie	Ingeborg Holm	Ingeborg Holm	0	1913	\N	96	Drama
tt0003015	movie	Die Insel der Seligen	Die Insel der Seligen	0	1913	\N	49	Comedy,Fantasy
tt0003022	movie	Ivanhoe	Ivanhoe	0	1913	\N	53	Adventure,Drama,Romance
tt0003024	movie	Jack London's Adventures in the South Sea Islands	Jack London's Adventures in the South Sea Islands	0	1913	\N	\N	Documentary
tt0003037	movie	Fantomas: The Man in Black	Fantômas II: Juve contre Fantômas	0	1913	\N	61	Crime,Drama
tt0003039	movie	The Keys to Happiness	Klyuchi schastya	0	1913	\N	\N	Drama
tt0003042	movie	Kleiner Svend und seine Mutter	Kleiner Svend und seine Mutter	0	1913	\N	\N	Drama
tt0003048	movie	A Lady of Quality	A Lady of Quality	0	1913	\N	50	Drama
tt0003051	movie	Die Landstraße	Die Landstraße	0	1913	\N	\N	\N
tt0003053	movie	Laura y sus pretendientes	Laura y sus pretendientes	0	1913	\N	\N	\N
tt0003056	movie	Leah Kleschna	Leah Kleschna	0	1913	\N	\N	Crime,Drama
tt0003058	movie	The Legend of Provence	The Legend of Provence	0	1913	\N	\N	Drama
tt0003070	movie	The Lipton Cup: Introducing Sir Thomas Lipton	The Lipton Cup: Introducing Sir Thomas Lipton	0	1913	\N	\N	Drama,Sport
tt0003076	movie	Livets konflikter	Livets konflikter	0	1913	\N	64	Drama
tt0003084	movie	The Lotus Dancer	The Lotus Dancer	0	1913	\N	\N	Drama
tt0003098	movie	The Lure of New York	The Lure of New York	0	1913	\N	\N	Drama
tt0003100	movie	La luz que vuelve	La luz que vuelve	0	1913	\N	\N	\N
tt0003102	movie	Love Everlasting	Ma l'amor mio non muore...	0	1914	\N	90	Drama
tt0003108	movie	Macbeth	Macbeth	0	1913	\N	50	Crime,Drama
tt0003113	movie	Mala raza	Mala raza	0	1913	\N	101	\N
tt0003116	movie	The Man from the Golden West	The Man from the Golden West	0	1913	\N	\N	Adventure,Crime,Drama
tt0003124	movie	Los marinos de papel	Los marinos de papel	0	1913	\N	\N	\N
tt0003131	movie	War Is Hell	Maudite soit la guerre	0	1914	\N	50	Drama,War
tt0003139	movie	Mexican War Pictures	Mexican War Pictures	0	1913	\N	\N	Documentary
tt0003140	movie	Mexican War Pictures	Mexican War Pictures	0	1913	\N	\N	Documentary
tt0003143	movie	Mijntje en Trijntje	Mijntje en Trijntje	0	1913	\N	\N	\N
tt0003150	movie	Miraklet: Tavlor ur det katolska samfundslivet	Miraklet: Tavlor ur det katolska samfundslivet	0	1913	\N	100	Drama
tt0003159	movie	Les Misérables, Part 2: Fantine	Les misérables - Époque 2: Fantine	0	1913	\N	300	Drama
tt0003160	movie	El modelo de virtudes	El modelo de virtudes	0	1913	\N	\N	\N
tt0003165	movie	Fantômas: The Dead Man Who Killed	Fantômas III: Le mort qui tue	0	1913	\N	90	Crime,Drama,Mystery
tt0003167	movie	Home, Sweet Home	Home, Sweet Home	0	1914	\N	55	Drama
tt0003171	movie	Moths	Moths	0	1913	\N	\N	Drama
tt0003218	movie	Novillada de beneficencia en Zaragoza	Novillada de beneficencia en Zaragoza	0	1913	\N	\N	\N
tt0003227	movie	The Girl from Abroad; or, The Great Underworld	Den okända	0	1913	\N	54	Drama
tt0003230	movie	The Old Armchair	The Old Armchair	0	1913	\N	\N	\N
tt0003240	movie	On the Steps of the Throne	On the Steps of the Throne	0	1913	\N	\N	\N
tt0003241	movie	One Hundred Years of Mormonism	One Hundred Years of Mormonism	0	1913	\N	90	Drama,History
tt0003243	movie	The Orphan	The Orphan	0	1913	\N	\N	\N
tt0003267	movie	The Pendleton, Oregon, Round-Up	The Pendleton, Oregon, Round-Up	0	1913	\N	\N	Documentary
tt0003287	movie	Pommy Arrives in Australia	Pommy Arrives in Australia	0	1913	\N	\N	Comedy
tt0003289	movie	The Port of Doom	The Port of Doom	0	1913	\N	\N	Drama
tt0003294	movie	Primera comunión de las alumnas de las Escuelas Pías	Primera comunión de las alumnas de las Escuelas Pías	0	1913	\N	\N	\N
tt0003298	movie	A Princess of Bagdad	A Princess of Bagdad	0	1913	\N	\N	Drama,Fantasy
tt0003299	movie	A Prisoner in the Harem	A Prisoner in the Harem	0	1913	\N	\N	Drama
tt0003301	movie	The Prisoner of Zenda	The Prisoner of Zenda	0	1913	\N	55	Adventure
tt0003305	movie	The Secret of the Well	Le puits mitoyen	0	1914	\N	\N	\N
tt0003306	movie	På livets ödesvägar	På livets ödesvägar	0	1913	\N	57	Drama
tt0003309	movie	Captive Souls	Rablélek	0	1914	\N	99	\N
tt0003316	movie	The Rattlesnake	The Rattlesnake	0	1913	\N	56	Drama,Western
tt0003324	movie	A Regiment of Two	A Regiment of Two	0	1913	\N	57	Comedy,Drama
tt0003330	movie	The Life of Richard Wagner	Richard Wagner	0	1913	\N	110	Biography,Drama,History
tt0003334	movie	The Road to Ruin	The Road to Ruin	0	1913	\N	\N	Drama
tt0003335	movie	The Robbers	The Robbers	0	1913	\N	56	Drama
tt0003337	movie	Robin Hood	Robin Hood	0	1913	\N	\N	Adventure
tt0003351	movie	Sapho	Sapho	0	1913	\N	\N	Drama
tt0003362	movie	The Sea Wolf	The Sea Wolf	0	1913	\N	70	Drama
tt0003363	movie	The Seed of the Fathers	The Seed of the Fathers	0	1913	\N	\N	Drama,War
tt0003365	movie	Shadows of the Moulin Rouge	Shadows of the Moulin Rouge	0	1913	\N	60	Drama
tt0003366	movie	The Shame of the Empire State	The Shame of the Empire State	0	1913	\N	\N	Crime,Drama
tt0003367	movie	The Shattered Vase	Razbitaya vaza	0	1913	\N	\N	Drama
tt0003376	movie	Silvia Silombra	Silvia Silombra	0	1913	\N	\N	\N
tt0003378	movie	A Sister to Carmen	A Sister to Carmen	0	1913	\N	\N	Drama
tt0003379	movie	Sixty Years a Queen	Sixty Years a Queen	0	1913	\N	\N	Biography
tt0003386	movie	Sodoms Ende	Sodoms Ende	0	1913	\N	\N	Drama
tt0003387	movie	The Sparrow	Soeurette	0	1914	\N	\N	\N
tt0003390	movie	Ein Sommernachtstraum in unserer Zeit	Ein Sommernachtstraum in unserer Zeit	0	1914	\N	\N	\N
tt0003394	movie	Den sorte familie	Den sorte familie	0	1914	\N	\N	\N
tt0003406	movie	Statistinnen des Lebens	Statistinnen des Lebens	0	1913	\N	\N	\N
tt0003414	movie	The Stranglers of Paris	The Stranglers of Paris	0	1913	\N	\N	Crime,Drama
tt0003419	movie	The Student of Prague	Der Student von Prag	0	1913	\N	83	Drama,Fantasy,Horror
tt0003423	movie	Die Sumpfblume	Die Sumpfblume	0	1913	\N	53	\N
tt0003431	movie	Die Tangokönigin	Die Tangokönigin	0	1913	\N	60	\N
tt0003438	movie	Ten Nights in a Barroom	Ten Nights in a Barroom	0	1913	\N	\N	Drama
tt0003441	movie	The Terrible Vengeance	Strashnaya mest	0	1913	\N	\N	\N
tt0003442	movie	Tess of the D'Urbervilles	Tess of the D'Urbervilles	0	1913	\N	\N	Drama,Romance
tt0003449	movie	The Third Degree	The Third Degree	0	1913	\N	\N	Drama
tt0003456	movie	Through Fire and Air	Through Fire and Air	0	1913	\N	\N	\N
tt0003464	movie	The Tonopah Stampede for Gold	The Tonopah Stampede for Gold	0	1913	\N	\N	Drama,Western
tt0003465	movie	Tonto de la huerta	Tonto de la huerta	0	1913	\N	\N	\N
tt0003469	movie	Tortures Within Prison Walls	Tortures Within Prison Walls	0	1913	\N	\N	Drama
tt0003470	movie	A Tourada dos Casimiros	A Tourada dos Casimiros	0	1913	\N	\N	Documentary
tt0003471	movie	Traffic in Souls	Traffic in Souls	0	1913	\N	88	Crime,Drama
tt0003472	movie	Trampa y cartón	Trampa y cartón	0	1913	\N	\N	\N
tt0003489	movie	The Last Days of Pompeii	Gli ultimi giorni di Pompei	0	1913	\N	107	Adventure,Drama
tt0003493	movie	Ungarische Rhapsodie	Ungarische Rhapsodie	0	1913	\N	\N	\N
tt0003502	movie	A Venetian Night	Eine venezianische Nacht	0	1914	\N	52	\N
tt0003504	movie	Der Verführte	Der Verführte	0	1913	\N	54	\N
tt0003506	movie	The Vicar of Wakefield	The Vicar of Wakefield	0	1913	\N	\N	Drama
tt0003507	movie	The Vicar of Wakefield	The Vicar of Wakefield	0	1913	\N	\N	Drama
tt0003508	movie	Victory	Victory	0	1913	\N	\N	War
tt0003510	movie	Volunteer Organist	Volunteer Organist	0	1913	\N	\N	Drama
tt0003511	movie	The Vortex of Fate	The Vortex of Fate	0	1913	\N	\N	\N
tt0003545	movie	Who Will Marry Mary?	Who Will Marry Mary?	0	1913	\N	\N	Action,Adventure
tt0003561	movie	With General Pancho Villa in Mexico	With General Pancho Villa in Mexico	0	1913	\N	\N	\N
tt0003565	movie	Where Is Coletti?	Wo ist Coletti?	0	1913	\N	105	Comedy,Crime
tt0003576	movie	The Wreck	The Wreck	0	1913	\N	48	Drama
tt0003584	movie	The $5, 000, 000 Counterfeiting Plot	The $5,000,000 Counterfeiting Plot	0	1914	\N	\N	Crime,Thriller
tt0003587	movie	'Round the World in 80 Days	'Round the World in 80 Days	0	1914	\N	\N	Adventure
tt0003589	movie	0-18 or A Message from the Sky	On His Majesty's Service	0	1914	\N	\N	Crime,Drama
tt0003590	movie	A 300 éves ember	A 300 éves ember	0	1914	\N	\N	\N
tt0003593	movie	Across America by Motor Car	Across America by Motor Car	0	1914	\N	\N	Documentary
tt0003595	movie	Across the Pacific	Across the Pacific	0	1914	\N	50	Adventure,Drama,Romance
tt0003596	movie	The Active Life of Dolly of the Dailies	The Active Life of Dolly of the Dailies	0	1914	\N	170	Drama
tt0003597	movie	Adoptivkind	Adoptivkind	0	1914	\N	\N	\N
tt0003598	movie	The Adventures of Andy Clark	The Adventures of Andy Clark	0	1914	\N	\N	Adventure,Comedy
tt0003599	movie	The Adventures of Buffalo Bill	The Adventures of Buffalo Bill	0	1917	\N	75	Documentary,Drama,Western
tt0003600	movie	The Adventures of Kitty Cobb	The Adventures of Kitty Cobb	0	1914	\N	\N	Adventure
tt0003602	movie	The Adventures of a Diplomatic Freelance	The Adventures of a Diplomatic Freelance	0	1914	\N	\N	\N
tt0003605	movie	After the Ball	After the Ball	0	1914	\N	\N	Drama
tt0003606	movie	Aftermath	Aftermath	0	1914	\N	\N	Drama
tt0003608	movie	El alcalde de Zalamea	El alcalde de Zalamea	0	1914	\N	\N	\N
tt0003609	movie	Alexandra	Alexandra	0	1914	\N	\N	Drama,Romance
tt0003610	movie	Alexia o La niña del misterio	Alexia o La niña del misterio	0	1916	\N	\N	\N
tt0003613	movie	Alone in New York	Alone in New York	0	1914	\N	\N	Crime,Drama
tt0003617	movie	America	America	0	1914	\N	\N	Adventure
tt0003619	movie	Amigas siempre	Amigas siempre	0	1914	\N	\N	\N
tt0003622	movie	Love of Perdition	Amor de Perdição	0	1914	\N	\N	Drama
tt0003623	movie	Amor de pescadora	Amor de pescadora	0	1914	\N	\N	\N
tt0003625	movie	Anna Karenina	Anna Karenina	0	1914	\N	\N	Drama
tt0003629	movie	Apuntes de la fiesta de la flor	Apuntes de la fiesta de la flor	0	1914	\N	\N	Documentary
tt0003630	movie	Golddigger	Az aranyásó	0	1914	\N	\N	Drama,Western
tt0003631	movie	Aristocracy	Aristocracy	0	1914	\N	\N	Drama
tt0003632	movie	Arme Eva	Arme Eva	0	1916	\N	63	Drama
tt0003634	movie	As Ye Sow	As Ye Sow	0	1914	\N	50	Drama
tt0003637	movie	Assunta Spina	Assunta Spina	0	1915	\N	72	Drama
tt0003639	movie	At the Cross Roads	At the Cross Roads	0	1914	\N	\N	Drama
tt0003643	movie	The Avenging Conscience: or 'Thou Shalt Not Kill'	The Avenging Conscience: or 'Thou Shalt Not Kill'	0	1914	\N	78	Crime,Drama,Horror
tt0003651	movie	Badehotellet	Badehotellet	0	1915	\N	45	Drama
tt0003654	movie	Bandits of the Border Mine	Bandits of the Border Mine	0	1914	\N	\N	Drama
tt0003655	movie	The Banker's Daughter	The Banker's Daughter	0	1914	\N	\N	Drama
tt0003657	movie	The Bargain	The Bargain	0	1914	\N	70	Drama,Western
tt0003663	movie	Battle of Gettysgoat	Battle of Gettysgoat	0	1914	\N	\N	Comedy
tt0003664	movie	The Battle of Love	The Battle of Love	0	1914	\N	\N	Drama
tt0003665	movie	The Battle of the Sexes	The Battle of the Sexes	0	1914	\N	50	Drama
tt0003668	movie	Beating Back	Beating Back	0	1914	\N	60	Adventure,Biography,Drama
tt0003669	movie	A becsapott újságíró	A becsapott újságíró	0	1915	\N	\N	\N
tt0003670	movie	Behind the Scenes	Behind the Scenes	0	1914	\N	75	Drama
tt0003672	movie	La Belle Russe	La Belle Russe	0	1914	\N	\N	Drama
tt0003675	movie	The Beloved Adventurer	The Beloved Adventurer	0	1914	\N	450	Adventure
tt0003676	movie	Beneath the Czar	Beneath the Czar	0	1914	\N	\N	Drama
tt0003677	movie	The Better Man	The Better Man	0	1914	\N	\N	Drama
tt0003685	movie	Det blaa vidunder	Det blaa vidunder	0	1915	\N	\N	Comedy
tt0003686	movie	The Boer War	The Boer War	0	1914	\N	\N	Drama
tt0003688	movie	The Book of Nature	The Book of Nature	0	1914	\N	\N	Documentary
tt0003689	movie	Born Again	Born Again	0	1914	\N	\N	Drama
tt0003692	movie	The Boundary Rider	The Boundary Rider	0	1914	\N	\N	Adventure,Crime
tt0003693	movie	A Boy and the Law	A Boy and the Law	0	1913	\N	\N	Drama
tt0003698	movie	Brewster's Millions	Brewster's Millions	0	1914	\N	\N	Comedy
tt0003724	movie	In the Days of the Thundering Herd	In the Days of the Thundering Herd	0	1914	\N	48	Drama,Western
tt0003730	movie	The Burglar and the Lady	The Burglar and the Lady	0	1914	\N	\N	Crime,Drama
tt0003731	movie	Burning Daylight: The Adventures of 'Burning Daylight' in Alaska	Burning Daylight: The Adventures of 'Burning Daylight' in Alaska	0	1914	\N	50	Adventure,Drama
tt0003732	movie	Burning Daylight: The Adventures of 'Burning Daylight' in Civilization	Burning Daylight: The Adventures of 'Burning Daylight' in Civilization	0	1914	\N	50	Drama
tt0003735	movie	Bánk bán	Bánk bán	0	1915	\N	\N	\N
tt0003736	movie	C.O.D.	C.O.D.	0	1914	\N	\N	Comedy
tt0003737	movie	Cabalgata de los mercados en Barcelona	Cabalgata de los mercados en Barcelona	0	1914	\N	\N	Documentary
tt0003738	movie	El caballero Casarroja	El caballero Casarroja	0	1914	\N	\N	\N
tt0003740	movie	Cabiria	Cabiria	0	1914	\N	148	Adventure,Drama,History
tt0003742	movie	Calatayud en fiestas	Calatayud en fiestas	0	1914	\N	\N	Documentary
tt0003743	movie	The Call of the North	The Call of the North	0	1914	\N	\N	Adventure,Drama
tt0003744	movie	Called Back	Called Back	0	1914	\N	\N	Drama
tt0003746	movie	El calvario de un héroe	El calvario de un héroe	0	1914	\N	\N	\N
tt0003747	movie	Cameo Kirby	Cameo Kirby	0	1914	\N	50	Action,Drama,Romance
tt0003748	movie	Captain Alvarez	Captain Alvarez	0	1914	\N	60	Drama
tt0003749	movie	The Captain Besley Expedition	The Captain Besley Expedition	0	1914	\N	\N	Documentary
tt0003752	movie	Captain Swift	Captain Swift	0	1914	\N	\N	Drama
tt0003754	movie	The Capture of a Sea Elephant and Hunting Wild Game in the South Pacific Islands	The Capture of a Sea Elephant and Hunting Wild Game in the South Pacific Islands	0	1914	\N	\N	Documentary
tt0003756	movie	Cardinal Richelieu's Ward	Cardinal Richelieu's Ward	0	1914	\N	\N	Drama
tt0003757	movie	Catástrofe de Aguilón	Catástrofe de Aguilón	0	1914	\N	\N	Documentary
tt0003761	movie	A Celebrated Case	A Celebrated Case	0	1914	\N	\N	Drama
tt0003763	movie	Charlotte Corday	Charlotte Corday	0	1914	\N	\N	Drama,History
tt0003764	movie	La chavala	La chavala	0	1914	\N	\N	\N
tt0003765	movie	The Chechako	The Chechako	0	1914	\N	\N	Drama
tt0003768	movie	The Chimes	The Chimes	0	1914	\N	50	Drama,Fantasy
tt0003771	movie	The Christian	The Christian	0	1914	\N	80	Drama
tt0003772	movie	Cinderella	Cinderella	0	1914	\N	52	Drama,Fantasy
tt0003774	movie	The Circus Man	The Circus Man	0	1914	\N	50	Drama
tt0003779	movie	Cocaine Traffic; or, the Drug Terror	Cocaine Traffic; Or, The Drug Terror	0	1914	\N	\N	Drama
tt0003780	movie	The Colosseum in Films	The Colosseum in Films	0	1914	\N	\N	Documentary
tt0003790	movie	The Coming Power	The Coming Power	0	1914	\N	\N	Drama
tt0003791	movie	Common Beasts of Africa	Common Beasts of Africa	0	1914	\N	\N	Documentary
tt0003792	movie	The Conspiracy	The Conspiracy	0	1914	\N	\N	Crime,Drama,Mystery
tt0003798	movie	The Country Mouse	The Country Mouse	0	1914	\N	\N	Comedy
tt0003799	movie	The County Chairman	The County Chairman	0	1914	\N	\N	Comedy,Drama
tt0003802	movie	The Criminal Code	The Criminal Code	0	1914	\N	\N	Drama
tt0003804	movie	The Crucible	The Crucible	0	1914	\N	\N	Drama,Romance
tt0003806	movie	Crushed	Crushed	0	1914	\N	\N	\N
tt0003807	movie	El cuervo del campamento	El cuervo del campamento	0	1914	\N	\N	\N
tt0003808	movie	La cueva vengadora	La cueva vengadora	0	1914	\N	\N	Drama
tt0003815	movie	Damaged Goods	Damaged Goods	0	1914	\N	\N	Drama
tt0003816	movie	Damon and Pythias	Damon and Pythias	0	1914	\N	100	Drama
tt0003817	movie	Dan	Dan	0	1914	\N	\N	Drama,War
tt0003820	movie	The Dancer and the King	The Dancer and the King	0	1914	\N	50	Drama
tt0003822	movie	La danza fatal	La danza fatal	0	1915	\N	58	\N
tt0003825	movie	The Daughters of Men	The Daughters of Men	0	1914	\N	\N	Drama
tt0003830	movie	Detective Craig's Coup	Detective Craig's Coup	0	1914	\N	\N	Crime,Drama
tt0003831	movie	The Detective Queen	The Detective Queen	0	1914	\N	\N	Drama
tt0003832	movie	La deuda del pasado	La deuda del pasado	0	1914	\N	\N	\N
tt0003836	movie	Diego Corrientes	Diego Corrientes	0	1914	\N	\N	\N
tt0003838	movie	The Dishonored Medal	The Dishonored Medal	0	1914	\N	\N	Adventure
tt0003840	movie	Doc	Doc	0	1914	\N	\N	Drama,Western
tt0003854	movie	Dodge City Trail	Dodge City Trail	0	1936	\N	56	Drama,Music,Western
tt0003856	movie	The Dollar Mark	The Dollar Mark	0	1914	\N	50	Drama
tt0003859	movie	Dope	Dope	0	1914	\N	\N	Drama
tt0003866	movie	Un drama en Aragón	Un drama en Aragón	0	1914	\N	\N	\N
tt0003867	movie	Un drama en la montaña	Un drama en la montaña	0	1914	\N	\N	\N
tt0003870	movie	Judge Not	Dömen icke	0	1914	\N	57	Drama
tt0003871	movie	The Eagle's Mate	The Eagle's Mate	0	1914	\N	\N	Drama
tt0003874	movie	La echadora de cartas	La echadora de cartas	0	1914	\N	\N	\N
tt0003875	movie	The Education of Mr. Pipp	The Education of Mr. Pipp	0	1914	\N	\N	Comedy
tt0003878	movie	O Embarque das Tropas Expedicionárias para Angola e Moçambique	O Embarque das Tropas Expedicionárias para Angola e Moçambique	0	1914	\N	\N	Documentary
tt0003883	movie	The Child of Paris	L'enfant de Paris	0	1913	\N	124	Crime,Drama
tt0003884	movie	Engelein	Engelein	0	1914	\N	49	Comedy
tt0003886	movie	Enoch Arden	Enoch Arden	0	1914	\N	\N	Drama
tt0003887	movie	Entre ruinas	Entre ruinas	0	1914	\N	\N	\N
tt0003888	movie	The Envoy Extraordinary	The Envoy Extraordinary	0	1914	\N	\N	Drama
tt0003889	movie	Erstarrte Liebe	Erstarrte Liebe	0	1915	\N	\N	\N
tt0003890	movie	The Escape	The Escape	0	1914	\N	60	Drama
tt0003891	movie	Escaped from Siberia	Escaped from Siberia	0	1914	\N	\N	Drama
tt0003893	movie	Even Unto Death	Even Unto Death	0	1914	\N	\N	Drama
tt0003897	movie	The Exploits of Elaine	The Exploits of Elaine	0	1914	\N	220	Action
tt0003924	movie	Facing the Gattling Guns	Facing the Gattling Guns	0	1914	\N	\N	Drama
tt0003925	movie	A Factory Magdalen	A Factory Magdalen	0	1914	\N	\N	Drama
tt0003929	movie	Fantasma	Fantasma	0	1914	\N	\N	Fantasy
tt0003930	movie	Fantomas: The Mysterious Finger Print	Fantômas IV: Fantômas contre Fantômas	0	1914	\N	59	Crime,Drama
tt0003935	movie	The Fatal Night	The Fatal Night	0	1914	\N	\N	Drama,History
tt0003938	movie	The Fates and Flora Fourflush	The Fates and Flora Fourflush	0	1914	\N	\N	Comedy
tt0003951	movie	Fatum	Fatum	0	1915	\N	70	\N
tt0003952	movie	Fantômas: The False Magistrate	Fantômas V: Le faux magistrat	0	1914	\N	70	Crime,Drama
tt0003954	movie	La festa del Blat	La festa del Blat	0	1914	\N	\N	\N
tt0003955	movie	Fiestas del Coso Blanco en Tarragona	Fiestas del Coso Blanco en Tarragona	0	1914	\N	\N	Documentary
tt0003957	movie	A Fight for Freedom; or, Exiled to Siberia	A Fight for Freedom; Or, Exiled to Siberia	0	1914	\N	\N	Drama
tt0003958	movie	The Fight for the Great Black Diamond	The Fight for the Great Black Diamond	0	1914	\N	\N	\N
tt0003960	movie	Loyalty	La fille de Delft	0	1914	\N	68	\N
tt0003965	movie	Fire and Sword	Fire and Sword	0	1914	\N	\N	Adventure
tt0003967	movie	The Perfect Thirty-Six	Die Firma heiratet	0	1914	\N	\N	Comedy
tt0003971	movie	The Flooding and Opening of the Panama Canal	The Flooding and Opening of the Panama Canal	0	1914	\N	\N	Documentary
tt0003973	movie	A Florida Enchantment	A Florida Enchantment	0	1914	\N	63	Comedy
tt0003974	movie	Florida Historic Scenes and Florida in Mid-Winter	Florida Historic Scenes and Florida in Mid-Winter	0	1914	\N	15	Documentary
tt0003977	movie	The Folly of Revenge	The Folly of Revenge	0	1916	\N	50	Drama
tt0003987	movie	Forgiven; or, the Jack of Diamonds	Forgiven; Or, The Jack of Diamonds	0	1914	\N	\N	Drama
tt0003988	movie	The Fortune Hunter	The Fortune Hunter	0	1914	\N	\N	Comedy
tt0003993	movie	The Fringe of War	The Fringe of War	0	1914	\N	\N	Drama,War
tt0003994	movie	Frou Frou	Frou Frou	0	1914	\N	\N	Drama
tt0003997	movie	La fuerza del mal	La fuerza del mal	0	1915	\N	\N	\N
tt0029270	tvShort	Much Ado About Nothing	Much Ado About Nothing	0	1937	\N	10	Comedy,Romance,Short
tt0030298	tvMovie	Julius Caesar	Julius Caesar	0	1938	\N	101	Drama,History
tt0031458	tvEpisode	El huésped del sevillano	El huésped del sevillano	0	1970	\N	86	Musical
tt0035599	tvSeries	Voice of Firestone Televues	Voice of Firestone Televues	0	1943	1947	15	\N
tt0035803	tvSeries	The German Weekly Review	Die Deutsche Wochenschau	0	1940	1945	\N	Documentary,News
tt0038276	tvSeries	You Are an Artist	You Are an Artist	0	1946	1955	15	Talk-Show
tt0038309	tvMovie	As You Like It	As You Like It	0	1946	\N	\N	Drama
tt0038738	tvMovie	A Midsummer Night's Dream	A Midsummer Night's Dream	0	1946	\N	150	Drama,Fantasy
tt0039120	tvSeries	Americana	Americana	0	1947	1949	30	Family,Game-Show
tt0039121	tvSeries	Birthday Party	Birthday Party	0	1947	1949	30	Family
tt0039122	tvSeries	The Borden Show	The Borden Show	0	1947	\N	30	Comedy,Music
tt0039123	tvSeries	Kraft Mystery Theatre	Kraft Television Theatre	0	1947	1958	60	Drama
tt0039124	tvSeries	Party Line	Party Line	0	1946	\N	30	\N
tt0039125	tvSeries	Public Prosecutor	Public Prosecutor	0	1947	1951	20	Crime,Drama,Mystery
tt0039445	tvMovie	Hamlet Part 1	Hamlet Part 1	0	1947	\N	88	Drama
tt0039618	tvMovie	The Merchant of Venice	The Merchant of Venice	0	1947	\N	90	Drama
tt0039624	tvMovie	A Midsummer Night's Dream	A Midsummer Night's Dream	0	1947	\N	\N	Fantasy
tt0040021	tvSeries	Actor's Studio	Actor's Studio	0	1948	1950	30	Drama
tt0040022	tvSeries	The Adventures of Oky Doky	The Adventures of Oky Doky	0	1948	1949	30	Comedy,Family,Fantasy
tt0040023	tvSeries	The Alan Dale Show	The Alan Dale Show	0	1948	1951	30	Music
tt0040024	tvSeries	America Song	America Song	0	1948	1949	15	Music
tt0040025	tvSeries	America Speaks	America Speaks	0	1948	\N	15	\N
tt0040026	tvSeries	America's Town Meeting	America's Town Meeting	0	1948	1952	60	Talk-Show
tt0040027	tvSeries	The Arrow Show	The Arrow Show	0	1948	1949	30	Comedy,Music
tt0040028	tvSeries	Talent Scouts	Talent Scouts	0	1948	1958	30	Comedy,Family,Music
tt0040029	tvSeries	At Liberty Club	At Liberty Club	0	1948	\N	30	Music
tt0040030	tvSeries	Author Meets the Critics	Author Meets the Critics	0	1947	1954	30	Family,Talk-Show
tt0040031	tvSeries	Barney Blake, Police Reporter	Barney Blake, Police Reporter	0	1948	\N	30	Crime,Drama
tt0040032	tvSeries	The Bigelow Show	The Bigelow Show	0	1948	1949	30	Music
tt0040033	tvSeries	Break the Bank	Break the Bank	0	1948	1957	30	Family,Game-Show
tt0040034	tvSeries	Candid Camera	Candid Camera	0	1948	1952	30	Comedy,Family,Reality-TV
tt0040035	tvSeries	Captain Billy's Mississippi Music Hall	Captain Billy's Mississippi Music Hall	0	1948	\N	30	Comedy,Music
tt0040036	tvSeries	The Chevrolet Tele-Theatre	The Chevrolet Tele-Theatre	0	1948	1950	30	Drama
tt0040037	tvSeries	The Fashion Story	The Fashion Story	0	1948	1949	30	Comedy
tt0040038	tvSeries	The Growing Paynes	The Growing Paynes	0	1948	1949	30	Comedy,Family
tt0040039	tvSeries	Hollywood Screen Test	Hollywood Screen Test	0	1948	1953	30	Family
tt0040040	tvSeries	Kobb's Corner	Kobb's Corner	0	1948	1949	30	\N
tt0040041	tvSeries	The Milton Berle Show	Texaco Star Theatre Starring Milton Berle	0	1948	1956	60	Comedy,Family
tt0040042	tvSeries	The Morey Amsterdam Show	The Morey Amsterdam Show	0	1948	1950	30	Comedy,Family,Music
tt0040043	tvSeries	Movieland Quiz	Movieland Quiz	0	1948	\N	30	Game-Show
tt0040044	tvSeries	Museum of Science and Industry	Museum of Science and Industry	0	1948	\N	30	\N
tt0040045	tvSeries	Okay, Mother	Okay, Mother	0	1948	1951	30	Comedy,Family,Music
tt0040046	tvSeries	On the Corner	On the Corner	0	1948	\N	30	Talk-Show
tt0040047	tvSeries	Paris Cavalcade of Fashions	Paris Cavalcade of Fashions	0	1948	1949	15	\N
tt0040048	tvSeries	The Perry Como Show	The Perry Como Show	0	1948	1967	60	Music
tt0040049	tvSeries	The Philco Television Playhouse	The Philco Television Playhouse	0	1948	1956	60	Drama
tt0040050	tvSeries	Picture This	Picture This	0	1948	1949	10	Family
tt0040051	tvSeries	Studio One	Studio One	0	1948	1958	60	Drama
tt0040052	tvSeries	The Swift Show	The Swift Show	0	1948	\N	30	Comedy,Music
tt0040053	tvSeries	The Ed Sullivan Show	Toast of the Town	0	1948	1971	60	Music,Talk-Show
tt0040054	tvSeries	U.N. Casebook	U.N. Casebook	0	1948	1949	\N	\N
tt0040055	tvSeries	Variety	Variety	0	1948	\N	30	\N
tt0040056	tvSeries	Village Barn	Village Barn	0	1948	1950	\N	Music
tt0040057	tvSeries	We, the People	We, the People	0	1948	1952	30	Talk-Show
tt0040058	tvSeries	Welcome Aboard	Welcome Aboard	0	1948	1949	30	Comedy,Music
tt0040059	tvSeries	What's It Worth	What's It Worth	0	1948	1949	30	\N
tt0040060	tvMovie	Wit and Wisdom	Wit and Wisdom	0	1948	\N	45	Comedy
tt0040061	tvSeries	You're Invited	You're Invited	0	1948	\N	30	Comedy,Music
tt0040062	tvSeries	Young Broadway	Young Broadway	0	1948	1949	20	Musical
tt0040510	tvMovie	The Tragedy of King Lear Part 1	The Tragedy of King Lear Part 1	0	1948	\N	108	Drama
tt0040990	tvSeries	ABC Barn Dance	ABC Barn Dance	0	1949	\N	30	Music
tt0040991	tvSeries	ABC Television Players	ABC Television Players	0	1949	\N	30	Drama
tt0040992	tvSeries	Action Autographs	Action Autographs	0	1949	\N	15	Comedy,Family
tt0040993	tvSeries	The Admiral Broadway Revue	The Admiral Broadway Revue	0	1949	\N	60	Comedy,Music
tt0040994	tvSeries	Adventures in Jazz	Adventures in Jazz	0	1949	\N	30	Music
tt0040995	tvSeries	Al Morgan	Al Morgan	0	1949	1951	30	Family,Music
tt0040996	tvSeries	The Aldrich Family	The Aldrich Family	0	1949	1953	30	Comedy,Family
tt0040997	tvSeries	Alice Pearce	Alice Pearce	0	1949	\N	15	Comedy,Music
tt0040998	tvSeries	The Amazing Polgar	The Amazing Polgar	0	1949	\N	10	\N
tt0040999	tvSeries	American Minstrels of 1949	American Minstrels of 1949	0	1949	\N	60	Music
tt0041000	tvSeries	And Everything Nice	And Everything Nice	0	1949	1950	30	\N
tt0041001	tvSeries	Armchair Detective	Armchair Detective	0	1949	1949	\N	Crime,Drama,Mystery
tt0041002	tvSeries	Arthur Godfrey and His Friends	Arthur Godfrey and His Friends	0	1949	1959	60	Music
tt0041003	tvSeries	Auction-Aire	Auction-Aire	0	1949	1950	30	\N
tt0041004	tvSeries	Backstage with Barry Wood	Backstage with Barry Wood	0	1949	\N	15	Music
tt0041005	tvSeries	Believe It or Not	Believe It or Not	0	1949	1950	30	Drama,History
tt0041006	tvSeries	The Benny Rubin Show	The Benny Rubin Show	0	1949	\N	30	Comedy
tt0041007	tvSeries	The Big Story	The Big Story	0	1949	1959	30	Drama
tt0041008	tvSeries	The Black Robe	The Black Robe	0	1949	\N	\N	Drama
tt0041009	tvSeries	Blind Date	Blind Date	0	1949	1953	30	Game-Show
tt0041010	tvSeries	Blues by Bargy	Blues by Bargy	0	1949	1950	15	Music
tt0041011	tvSeries	Bowling Headliners	Bowling Headliners	0	1949	\N	30	Sport
tt0041012	tvSeries	Cactus Jim	Cactus Jim	0	1949	\N	30	\N
tt0041013	tvSeries	Capitol Cloak Room	Capitol Cloak Room	0	1949	1950	30	\N
tt0041014	tvSeries	Captain Video and His Video Rangers	Captain Video and His Video Rangers	0	1949	1955	30	Action,Adventure,Family
tt0041015	tvSeries	Cavalcade of Stars	Cavalcade of Stars	0	1949	1952	60	Comedy,Family,Music
tt0041016	tvSeries	Celebrity Time	Celebrity Time	0	1948	1952	30	Family,Game-Show
tt0041017	tvSeries	The Cliff Edwards Show	The Cliff Edwards Show	0	1949	\N	15	Music
tt0041018	tvSeries	Colgate Theatre	Colgate Theatre	0	1949	1950	30	Drama
tt0041019	tvSeries	A Couple of Joes	A Couple of Joes	0	1949	1950	30	Comedy,Music
tt0041020	tvSeries	Easy Aces	Easy Aces	0	1949	1950	15	Comedy,Family,Talk-Show
tt0041021	tvSeries	The Ed Wynn Show	The Ed Wynn Show	0	1949	1950	30	Comedy,Music
tt0041022	tvSeries	The Fifty-Fourth Street Revue	The Fifty-Fourth Street Revue	0	1949	1950	60	Comedy,Music
tt0041023	tvSeries	Fireside Theatre	Fireside Theatre	0	1949	1955	30	Drama
tt0041024	tvSeries	The Ford Television Theatre	The Ford Television Theatre	0	1952	1957	30	Drama
tt0041025	tvSeries	The Front Page	The Front Page	0	1949	1950	30	Comedy,Drama
tt0041026	tvSeries	Front Row Center	Front Row Center	0	1949	1950	60	Comedy,Family,Music
tt0041027	tvSeries	The Goldbergs	The Goldbergs	0	1949	1957	30	Comedy
tt0041028	tvSeries	Hold It Please	Hold It Please	0	1949	\N	30	Family,Game-Show
tt0041029	tvSeries	Hollywood House	Hollywood House	0	1949	1950	30	Comedy
tt0041030	tvSeries	Hopalong Cassidy	Hopalong Cassidy	0	1952	1954	60	Western
tt0041031	tvSeries	Inside U.S.A. with Chevrolet	Inside U.S.A. with Chevrolet	0	1949	1950	30	Comedy,Music
tt0041032	tvSeries	Jack Leonard	Jack Leonard	0	1949	\N	15	\N
tt0041033	tvSeries	The Jacques Fray Music Room	The Jacques Fray Music Room	0	1949	\N	30	Music
tt0041034	tvSeries	Kay Kyser's Kollege of Musical Knowledge	Kay Kyser's Kollege of Musical Knowledge	0	1949	\N	60	Comedy,Family,Game-Show
tt0041035	tvSeries	Leave It to the Girls	Leave It to the Girls	0	1947	1963	30	Family,Talk-Show
tt0041036	tvSeries	The Life of Riley	The Life of Riley	0	1948	1950	30	Comedy
tt0041037	tvSeries	Lights Out	Lights Out	0	1946	1952	30	Horror,Mystery,Sci-Fi
tt0041038	tvSeries	The Lone Ranger	The Lone Ranger	0	1949	1957	30	Action,Western
tt0041039	tvSeries	Mama	Mama	0	1949	1957	30	Comedy,Drama,Family
tt0041040	tvSeries	Man Against Crime	Man Against Crime	0	1949	1954	30	Action,Crime,Drama
tt0041041	tvSeries	Manhattan Showcase	Manhattan Showcase	0	1949	\N	15	\N
tt0041042	tvSeries	Martin Kane, Private Eye	Martin Kane, Private Eye	0	1949	1954	30	Crime,Drama
tt0041043	tvSeries	The Molly Picon Show	The Molly Picon Show	0	1949	\N	15	\N
tt0041044	tvSeries	Mr. I. Magination	Mr. I. Magination	0	1949	1952	30	Family,Western
tt0041045	tvSeries	Mysteries of Chinatown	Mysteries of Chinatown	0	1949	1950	\N	Crime,Drama
tt0041046	tvSeries	The O'Neills	The O'Neills	0	1949	1950	30	Drama,Family
tt0041047	tvSeries	Oboler Comedy Theatre	Arch Oboler's Comedy Theatre	0	1949	\N	30	Comedy
tt0041048	tvSeries	One Man's Family	One Man's Family	0	1949	1955	30	Drama
tt0041049	tvSeries	The Paul Whiteman's Goodyear Revue	The Paul Whiteman's Goodyear Revue	0	1949	1952	30	Music
tt0041050	tvSeries	The Ruggles	The Ruggles	0	1949	1952	30	Comedy,Family
tt0041051	tvSeries	School House	School House	0	1949	\N	30	Comedy,Family,Music
tt0041052	tvSeries	Sessions	Sessions	0	1949	\N	\N	\N
tt0041053	tvSeries	The Silver Theatre	The Silver Theatre	0	1949	1950	30	Drama,Romance
tt0041054	tvSeries	Starring Boris Karloff	Starring Boris Karloff	0	1949	1949	30	Drama
tt0041055	tvSeries	Stop the Music	Stop the Music	0	1949	1956	30	Game-Show
tt0041056	tvSeries	Stump the Authors	Stump the Authors	0	1946	\N	30	Family,Game-Show
tt0041057	tvSeries	Sugar Hill Times	Sugar Hill Times	0	1949	\N	60	Comedy,Music
tt0041058	tvSeries	Sunday Date	Sunday Date	0	1949	\N	15	Music
tt0041059	tvSeries	Sunday at Home	Sunday at Home	0	1949	\N	15	Game-Show,Music
tt0041060	tvSeries	Super Circus	Super Circus	0	1949	1956	\N	Family
tt0041061	tvSeries	Suspense	Suspense	0	1949	1954	25	Drama,Horror,Mystery
tt0041062	tvSeries	TV Teen Club	TV Teen Club	0	1949	1954	60	Music
tt0041063	tvSeries	That Wonderful Guy	That Wonderful Guy	0	1949	1950	30	Comedy
tt0041064	tvSeries	Think Fast	Think Fast	0	1949	1950	30	Family,Game-Show
tt0041065	tvSeries	This Is Show Business	This Is Show Business	0	1949	1956	30	Family,Talk-Show
tt0041066	tvSeries	U.S. Marine Band	U.S. Marine Band	0	1949	\N	30	Music
tt0041067	tvSeries	Vaudeo Varieties	Vaudeo Varieties	0	1949	\N	60	Comedy,Music
tt0041068	tvSeries	Versatile Varieties	Versatile Varieties	0	1949	1951	30	Family,Music
tt0041069	tvSeries	The Voice of Firestone	The Voice of Firestone	0	1949	1963	30	Music
tt0041070	tvSeries	Volume One	Volume One	0	1949	\N	30	Drama,Horror,Mystery
tt0041071	tvSeries	Wayne King	Wayne King	0	1949	1952	30	Music
tt0041072	tvSeries	The Wendy Barrie Show	The Wendy Barrie Show	0	1948	1950	15	Family
tt0041073	tvSeries	Wesley	Wesley	0	1949	\N	30	Comedy
tt0041074	tvSeries	What Do You Think?	What Do You Think?	0	1949	\N	30	\N
tt0041075	tvSeries	Window on the World	Window on the World	0	1949	\N	30	Comedy,Family,Music
tt0041076	tvSeries	Your Show Time	Your Show Time	0	1949	1949	30	Drama
tt0041077	tvSeries	Your Witness	Your Witness	0	1949	1950	30	Drama
tt0041078	tvSeries	Youth on the March	Youth on the March	0	1949	1953	30	\N
tt0041533	tvMovie	Julius Caesar	Julius Caesar	0	1949	\N	\N	Drama,History
tt0041614	tvMovie	Macbeth	Macbeth	0	1949	\N	120	Drama
tt0041951	tvEpisode	The Tenderfeet	The Tenderfeet	0	1949	\N	30	Action,Western
tt0042068	tvSeries	Abe Burrows' Almanac	Abe Burrows' Almanac	0	1950	\N	30	Comedy,Music,Talk-Show
tt0042069	tvSeries	The Adventures of Ellery Queen	The Adventures of Ellery Queen	0	1950	1956	30	Crime,Drama,Mystery
tt0042070	tvSeries	The Alan Young Show	The Alan Young Show	0	1950	1953	30	Comedy
tt0042071	tvSeries	Alkali Ike	Alkali Ike	0	1950	\N	15	Comedy,Western
tt0042072	tvSeries	American Forum of the Air	American Forum of the Air	0	1950	1954	30	Talk-Show
tt0042073	tvSeries	Answer Yes or No	Answer Yes or No	0	1950	\N	30	Family,Game-Show
tt0042074	tvSeries	Armstrong Circle Theatre	Armstrong Circle Theatre	0	1950	1963	60	Drama
tt0042075	tvSeries	Around the Town	Around the Town	0	1950	\N	30	\N
tt0042076	tvSeries	Art Ford on Broadway	Art Ford on Broadway	0	1950	\N	15	\N
tt0042077	tvSeries	Arthur Godfrey and His Ukulele	Arthur Godfrey and His Ukulele	0	1950	\N	15	Music
tt0042078	tvSeries	The Arthur Murray Party	The Arthur Murray Party	0	1950	1960	30	Family,Music
tt0042079	tvSeries	Battle Report	Battle Report	0	1950	1952	30	Documentary,War
tt0042080	tvSeries	Beat the Clock	Beat the Clock	0	1950	1961	30	Family,Game-Show
tt0042081	tvSeries	Beulah	Beulah	0	1950	1953	30	Comedy
tt0042082	tvSeries	Big Top	Big Top	0	1950	1957	60	Family
tt0042083	tvSeries	Big Town	Big Town	0	1950	1956	30	Drama
tt0042084	tvSeries	The Bigelow Theatre	The Bigelow Theatre	0	1950	1951	30	Drama,Family
tt0042085	tvSeries	Billy Boone and Cousin Kib	Billy Boone and Cousin Kib	0	1950	\N	30	Family
tt0042086	tvSeries	The Billy Rose Show	The Billy Rose Show	0	1950	1951	30	Drama
tt0042087	tvSeries	By Popular Demand	By Popular Demand	0	1950	\N	30	Family,Game-Show
tt0042088	tvSeries	Can You Top This	Can You Top This	0	1950	\N	30	Family,Game-Show
tt0042089	tvSeries	Cavalcade of Bands	Cavalcade of Bands	0	1950	1951	60	Family,Music
tt0042091	tvSeries	Chance of a Lifetime	Chance of a Lifetime	0	1950	1956	30	Family,Game-Show
tt0042092	tvSeries	Charlie Wild, Private Detective	Charlie Wild, Private Detective	0	1950	1952	30	Crime,Drama
tt0042093	tvSeries	The Cisco Kid	The Cisco Kid	0	1950	1956	30	Western
tt0042094	tvSeries	The Colgate Comedy Hour	The Colgate Comedy Hour	0	1950	1955	60	Comedy,Romance
tt0042095	tvSeries	The College Bowl	The College Bowl	0	1950	1951	30	Comedy,Family
tt0042096	tvSeries	Crash Corrigan's Ranch	Crash Corrigan's Ranch	0	1950	\N	30	Family,Music,Western
tt0042097	tvSeries	Crusader Rabbit	Crusader Rabbit	0	1950	1957	4	Adventure,Animation,Family
tt0042098	tvSeries	Danger	Danger	0	1950	1955	30	Drama
tt0042099	tvSeries	Detective's Wife	Detective's Wife	0	1950	\N	30	Comedy
tt0042100	tvSeries	Dick Tracy	Dick Tracy	0	1950	1952	30	Crime,Drama
tt0042101	tvSeries	Escape	Escape	0	1950	\N	30	Action,Drama,Fantasy
tt0042102	tvSeries	The Faye Emerson Show	The Faye Emerson Show	0	1949	\N	15	Family,Talk-Show
tt0042104	tvSeries	The First Hundred Years	The First Hundred Years	0	1950	1952	\N	Drama
tt0042105	tvSeries	Ford Star Revue	Ford Star Revue	0	1950	\N	60	Comedy,Music
tt0042106	tvSeries	Four Star Revue	Four Star Revue	0	1950	\N	60	Comedy
tt0042107	tvSeries	The Frank Sinatra Show	The Frank Sinatra Show	0	1950	1952	60	Music
tt0042108	tvSeries	The Gabby Hayes Show	The Gabby Hayes Show	0	1950	1954	15	Family,Western
tt0042109	tvSeries	The Garry Moore Show	The Garry Moore Show	0	1950	1958	30	Comedy
tt0042110	tvSeries	The Gene Autry Show	The Gene Autry Show	0	1950	1955	30	Western
tt0042111	tvSeries	The George Burns and Gracie Allen Show	The George Burns and Gracie Allen Show	0	1950	1958	30	Comedy
tt0042112	tvSeries	The Girls	The Girls	0	1950	\N	30	Comedy
tt0042113	tvSeries	Holiday Hotel	Holiday Hotel	0	1950	1951	30	Comedy,Music
tt0042114	tvSeries	The Honeymooners	The Honeymooners	0	1955	1956	30	Comedy,Family
tt0042115	tvSeries	I Cover Times Square	I Cover Times Square	0	1950	1951	30	Drama
tt0042116	tvSeries	The Jack Benny Program	The Jack Benny Program	0	1950	1965	30	Comedy
tt0042117	tvSeries	The Saturday Night Revue with Jack Carter	The Saturday Night Revue with Jack Carter	0	1950	1951	60	Comedy,Music
tt0042118	tvSeries	Joey Faye's Frolics	Joey Faye's Frolics	0	1950	\N	30	Comedy
tt0042119	tvSeries	The Ken Murray Show	The Ken Murray Show	0	1950	1953	30	Comedy,Music
tt0042120	tvSeries	Leave It to Papa	Leave It to Papa	0	1950	\N	\N	Comedy
tt0042121	tvSeries	Life with Snarky Parker	Life with Snarky Parker	0	1950	\N	\N	Family
tt0042122	tvSeries	Lights, Camera, Action!	Lights, Camera, Action!	0	1950	\N	30	\N
tt0042123	tvSeries	Lux Video Theatre	Lux Video Theatre	0	1950	1959	30	Comedy,Drama
tt0042124	tvSeries	Mama Rosa	Mama Rosa	0	1950	\N	30	Comedy
tt0042125	tvSeries	The Marshal of Gunsight Pass	The Marshal of Gunsight Pass	0	1950	\N	30	Western
tt0042126	tvSeries	The Most Important People	The Most Important People	0	1950	1951	15	Music
tt0042127	tvSeries	Nash Airflyte Theatre	Nash Airflyte Theatre	0	1950	1951	30	Drama
tt0042128	tvSeries	Old Fashioned Meeting	Old Fashioned Meeting	0	1950	1951	30	\N
tt0042129	tvSeries	Panhandle Pete and Jennifer	Panhandle Pete and Jennifer	0	1950	\N	15	Family
tt0042130	tvSeries	Pantomime Quiz	Pantomime Quiz	0	1947	\N	30	Game-Show
tt0042131	tvSeries	Party Time at Club Roma	Party Time at Club Roma	0	1950	1951	30	Comedy,Music
tt0042132	tvSeries	Penthouse Party	Penthouse Party	0	1950	1951	30	Comedy,Music,Talk-Show
tt0042133	tvSeries	The Peter Lind Hayes Show	The Peter Lind Hayes Show	0	1950	1951	30	Comedy,Music
tt0042134	tvSeries	The Pinky Lee Show	The Pinky Lee Show	0	1950	\N	30	Comedy,Family,Music
tt0042135	tvSeries	The Popsicle Parade of Stars	The Popsicle Parade of Stars	0	1950	\N	15	Comedy,Music
tt0042136	tvSeries	Prize Performance	Prize Performance	0	1950	\N	30	Music
tt0042137	tvSeries	The Prudential Family Playhouse	The Prudential Family Playhouse	0	1950	1951	60	Drama
tt0042138	tvSeries	Pulitzer Prize Playhouse	Pulitzer Prize Playhouse	0	1950	1952	60	Drama
tt0042139	tvSeries	Racket Squad	Racket Squad	0	1950	1953	30	Crime,Drama
tt0042140	tvSeries	Rhythm Rodeo	Rhythm Rodeo	0	1950	1951	30	Family,Music
tt0042141	tvSeries	Robert Montgomery Presents	Robert Montgomery Presents	0	1950	1957	60	Drama
tt0042142	tvSeries	Rocky King, Detective	Inside Detective	0	1950	1954	30	Action,Crime,Drama
tt0042143	tvSeries	Rootie Kazootie	Rootie Kazootie	0	1951	\N	\N	Family
tt0042144	tvSeries	Somerset Maugham TV Theatre	Somerset Maugham TV Theatre	0	1950	1951	30	Drama
tt0042145	tvSeries	Songs for Sale	Songs for Sale	0	1950	1952	60	\N
tt0042146	tvSeries	The Stage Door	The Stage Door	0	1950	\N	30	\N
tt0042147	tvSeries	Star Time	Star Time	0	1950	1951	60	Comedy,Family,Music
tt0042148	tvSeries	Star of the Family	Star of the Family	0	1950	1952	30	Comedy,Music,Talk-Show
tt0042149	tvSeries	Starlit Time	Starlit Time	0	1950	\N	\N	Comedy,Family,Music
tt0042150	tvSeries	The Steve Allen Show	The Steve Allen Show	0	1952	1952	60	Comedy
tt0042151	tvSeries	The Stu Erwin Show	The Stu Erwin Show	0	1950	1955	30	Comedy
tt0042152	tvSeries	Sure As Fate	Sure As Fate	0	1950	1951	60	Drama
tt0042153	tvSeries	The Susan Raye Show	The Susan Raye Show	0	1950	\N	15	Family,Music
tt0042154	tvSeries	Take a Chance	Take a Chance	0	1950	\N	30	Game-Show
tt0042155	tvSeries	Three's Company	Three's Company	0	1950	\N	15	Music
tt0042156	tvSeries	Tom Corbett, Space Cadet	Tom Corbett, Space Cadet	0	1950	1955	15	Action,Adventure,Family
tt0042157	tvSeries	Toni Twin Time	Toni Twin Time	0	1950	\N	\N	Music
tt0042158	tvSeries	The Trap	The Trap	0	1950	\N	60	Drama
tt0042159	tvSeries	Treasury Men in Action	Treasury Men in Action	0	1950	1955	30	Crime,Drama
tt0042160	tvSeries	Van Camp's Little Show	Van Camp's Little Show	0	1950	1951	15	Music
tt0042161	tvSeries	The Vaughn Monroe Show	The Vaughn Monroe Show	0	1950	1951	30	Music
tt0042162	tvSeries	Village Barn	Village Barn	0	1950	\N	30	Music
tt0042163	tvSeries	Visit with the Armed Forces	Visit with the Armed Forces	0	1950	1951	30	Documentary,War
tt0042164	tvSeries	Waiting for the Break	Waiting for the Break	0	1950	\N	30	Music
tt0042165	tvSeries	Watch the World	Watch the World	0	1950	\N	30	\N
tt0042166	tvSeries	We Take Your Word	We Take Your Word	0	1950	1951	30	Family,Game-Show
tt0042167	tvSeries	The Web	The Web	0	1950	1954	30	Drama
tt0042168	tvSeries	What's My Line?	What's My Line?	0	1950	1967	30	Family,Game-Show
tt0042169	tvMovie	Wit and Wisdom	Wit and Wisdom	0	1950	\N	45	Comedy
tt0042170	tvSeries	You Asked for It	You Asked for It	0	1950	1959	30	Family,Game-Show
tt0042171	tvSeries	You Bet Your Life	You Bet Your Life	0	1950	1961	30	Comedy,Family,Game-Show
tt0042172	tvSeries	Your Hit Parade	Your Hit Parade	0	1950	1959	30	Family,Music
tt0042173	tvSeries	Your Show of Shows	Your Show of Shows	0	1950	1954	90	Comedy
tt0042174	tvSeries	Your Story Theatre	Your Story Theatre	0	1950	1951	30	Drama
tt0042816	tvEpisode	Othello	Othello	0	1950	\N	143	Drama,Fantasy
tt0042889	tvEpisode	The Tragedy of King Richard II/II	The Tragedy of King Richard II/II	0	1950	\N	145	Drama,Fantasy
tt0043168	tvSeries	The Ad-Libbers	The Ad-Libbers	0	1951	\N	30	Comedy,Game-Show
tt0043169	tvSeries	The Adventures of Kit Carson	The Adventures of Kit Carson	0	1951	1960	30	Western
tt0043170	tvSeries	Adventures of Wild Bill Hickok	Adventures of Wild Bill Hickok	0	1951	1958	30	Family,Western
tt0043171	tvSeries	All Around the Town	All Around the Town	0	1951	1952	30	Music,Talk-Show
tt0043173	tvSeries	The Amazing Mr. Malone	The Amazing Mr. Malone	0	1951	1952	30	Crime,Drama
tt0043174	tvSeries	American Inventory	American Inventory	0	1951	1955	30	Drama
tt0043175	tvSeries	The Amos 'n Andy Show	The Amos 'n Andy Show	0	1951	1953	30	Comedy
tt0043176	tvSeries	The Art Ford Show	The Art Ford Show	0	1951	\N	30	Game-Show
tt0043177	tvSeries	The Better Home Show	The Better Home Show	0	1951	1952	30	\N
tt0043178	tvSeries	The Big Payoff	The Big Payoff	0	1951	1959	60	Game-Show,Music
tt0043179	tvSeries	The Big Question	The Big Question	0	1951	1952	30	News,Talk-Show
tt0043180	tvSeries	The Bill Gwinn Show	The Bill Gwinn Show	0	1951	1952	30	Game-Show
tt0043181	tvSeries	The Bob & Ray Show	The Bob & Ray Show	0	1951	1953	15	Comedy
tt0043182	tvSeries	Boston Blackie	Boston Blackie	0	1951	1953	30	Crime,Drama
tt0043183	tvSeries	Celanese Theatre	Celanese Theatre	0	1951	1952	60	Drama
tt0043184	tvSeries	Cosmopolitan Theatre	Cosmopolitan Theatre	0	1951	\N	60	Drama,Family
tt0043185	tvSeries	Crawford Mystery Theatre	Crawford Mystery Theatre	0	1951	1952	30	Drama,Game-Show,Mystery
tt0043186	tvSeries	Crime Photographer	Crime Photographer	0	1951	1952	30	Drama
tt0043187	tvSeries	Crime Syndicate	Crime Syndicate	0	1951	1953	30	Crime
tt0043188	tvSeries	Crime with Father	Crime with Father	0	1951	1952	30	Drama
tt0043189	tvSeries	A Date with Judy	A Date with Judy	0	1951	1953	30	Comedy
tt0043190	tvSeries	Daydreaming with Laraine	Daydreaming with Laraine	0	1951	\N	15	\N
tt0043191	tvSeries	The Dennis James Show	The Dennis James Show	0	1952	\N	30	Comedy
tt0043192	tvSeries	The Dinah Shore Chevy Show	The Dinah Shore Chevy Show	0	1956	1963	60	Music
tt0043193	tvSeries	Door with No Name	Door with No Name	0	1951	1953	30	\N
tt0043194	tvSeries	Dragnet	Dragnet	0	1951	1959	30	Crime,Drama,Mystery
tt0043195	tvSeries	Ernie in Kovacsland	Ernie in Kovacsland	0	1951	\N	30	Comedy
tt0043196	tvSeries	Fairmeadows, U.S.A.	Fairmeadows, U.S.A.	0	1951	1952	30	Drama
tt0043197	tvSeries	Faith Baldwin Romance Theatre	Faith Baldwin Romance Theatre	0	1951	\N	30	Drama
tt0043198	tvSeries	Ford Festival	Ford Festival	0	1951	1952	60	Music
tt0043199	tvSeries	Foreign Intrigue	Foreign Intrigue	0	1951	1955	30	Crime,Mystery,Thriller
tt0043200	tvSeries	The Frances Langford-Don Ameche Show	The Frances Langford-Don Ameche Show	0	1951	1952	60	Comedy,Music
tt0043201	tvSeries	Front Page Detective	Front Page Detective	0	1951	1953	30	Crime,Drama,Mystery
tt0043202	tvSeries	The Gallery of Madame Liu-Tsong	The Gallery of Madame Liu-Tsong	0	1951	\N	30	Adventure,Mystery
tt0043203	tvSeries	General Electric Guest House	General Electric Guest House	0	1951	\N	60	\N
tt0043204	tvSeries	Goodyear Television Playhouse	Goodyear Television Playhouse	0	1951	1957	60	Drama
tt0043205	tvSeries	Henry Morgan's Great Talent Hunt	Henry Morgan's Great Talent Hunt	0	1951	\N	30	Comedy,Music
tt0043206	tvSeries	Hollywood Opening Night	Hollywood Opening Night	0	1951	1953	30	Drama
tt0043207	tvSeries	How To	How To	0	1951	\N	30	Family,Game-Show
tt0043208	tvSeries	I Love Lucy	I Love Lucy	0	1951	1957	30	Comedy
tt0043209	tvSeries	The Jerry Colonna Show	The Jerry Colonna Show	0	1951	\N	30	Comedy
tt0043210	tvSeries	The Kate Smith Evening Hour	The Kate Smith Evening Hour	0	1951	1952	60	Comedy,Drama,Music
tt0043211	tvSeries	The Laraine Day Show	The Laraine Day Show	0	1951	\N	30	Family,Talk-Show
tt0043212	tvSeries	Life with Buster Keaton	Life with Buster Keaton	0	1951	\N	30	Comedy
tt0043213	tvSeries	The Lilli Palmer Show	The Lilli Palmer Show	0	1951	\N	30	\N
tt0043214	tvSeries	Love of Life	Love of Life	0	1951	1980	25	Drama,Romance
tt0043215	tvSeries	Mark Saber	Mark Saber	0	1951	1953	30	Drama
tt0043216	tvSeries	Meet Corliss Archer	Meet Corliss Archer	0	1950	\N	30	Comedy
tt0043217	tvSeries	Miss Susan	Miss Susan	0	1951	1951	15	Drama
tt0043218	tvSeries	Mr. District Attorney	Mr. District Attorney	0	1951	1952	30	Crime,Drama
tt0043219	tvSeries	Music from Chicago	Music from Chicago	0	1951	\N	30	Music
tt0043220	tvSeries	Not for Publication	Not for Publication	0	1951	\N	30	Crime,Drama,Mystery
tt0043221	tvSeries	Q.E.D.	Q.E.D.	0	1951	\N	30	\N
tt0043222	tvSeries	The Ezio Pinza Show	The Ezio Pinza Show	0	1951	1953	30	\N
tt0043223	tvSeries	The Range Rider	The Range Rider	0	1951	1953	30	Drama,Western
tt0043224	tvSeries	The Red Skelton Hour	The Red Skelton Show	0	1951	1971	60	Comedy
tt0043225	tvSeries	The Roy Rogers Show	The Roy Rogers Show	0	1951	2014	30	Family,Western
tt0043226	tvSeries	The Sarah Churchill Show	The Sarah Churchill Show	0	1951	\N	15	\N
tt0043227	tvSeries	Saturday Roundup	Saturday Roundup	0	1951	\N	60	Western
tt0043228	tvSeries	Schlitz Playhouse	Schlitz Playhouse of Stars	0	1951	1959	30	Comedy,Drama
tt0043229	tvSeries	Search for Tomorrow	Search for Tomorrow	0	1951	1986	30	Drama,Romance
tt0043230	tvSeries	Seven at Eleven	Seven at Eleven	0	1951	\N	60	Comedy,Music
tt0043231	tvSeries	Shadow of the Cloak	Shadow of the Cloak	0	1951	1952	30	Action,Drama,Mystery
tt0043232	tvSeries	Sky King	Sky King	0	1951	1962	30	Adventure,Drama,Family
tt0043233	tvSeries	Chesterfield Sound Off Time	Chesterfield Sound Off Time	0	1951	1952	30	Comedy,Music
tt0043234	tvSeries	Space Patrol	Space Patrol	0	1950	1955	30	Action,Adventure,Family
tt0043235	tvSeries	Strike It Rich	Strike It Rich	0	1951	1958	30	Game-Show
tt0043236	tvSeries	TV Recital Hall	TV Recital Hall	0	1951	1954	30	Music
tt0043237	tvSeries	TV's Top Tunes	TV's Top Tunes	0	1951	1955	\N	Music
tt0043238	tvSeries	Tales of Tomorrow	Tales of Tomorrow	0	1951	1953	25	Drama,Horror,Mystery
tt0043239	tvSeries	Ted Mack Family Hour	Ted Mack Family Hour	0	1951	\N	60	Family,Music
tt0043240	tvSeries	Those Two	Those Two	0	1951	1953	15	\N
tt0043241	tvSeries	Two Girls Named Smith	Two Girls Named Smith	0	1951	1951	30	Comedy
tt0043242	tvSeries	The Victor Borge Show	The Victor Borge Show	0	1951	\N	30	Comedy,Music
tt0043243	tvSeries	Washington Report	Washington Report	0	1951	\N	15	News,Talk-Show
tt0043244	tvSeries	Watch Mr. Wizard	Watch Mr. Wizard	0	1951	1972	30	Family
tt0043245	tvSeries	What's the Story?	What's the Story?	0	1951	1955	30	Family,Game-Show
tt0043246	tvSeries	Wonderful Town, U.S.A.	Wonderful Town, U.S.A.	0	1951	1952	30	Music
tt0043247	tvSeries	Young Mr. Bobbin	Young Mr. Bobbin	0	1951	1952	30	Comedy
tt0043248	tvSeries	Your Pet Parade	Your Pet Parade	0	1951	\N	\N	Family
tt0043249	tvSeries	Youth Wants to Know	Youth Wants to Know	0	1951	1957	30	\N
tt0043426	tvEpisode	Coriolanus	Coriolanus	0	1951	\N	60	Drama
tt0043631	tvEpisode	The Life of King Henry V	The Life of King Henry V	0	1951	\N	133	Drama,Fantasy
tt0043691	tvMovie	The Gamblers	Les joueurs	0	1950	\N	50	Comedy,Drama
tt0043693	tvEpisode	Julius Caesar	Julius Caesar	0	1951	\N	\N	Drama,Fantasy
tt0043710	tvEpisode	The Life and Death of King John	The Life and Death of King John	0	1952	\N	\N	Drama,Fantasy
tt0044089	tvShort	The Sun Was Setting	The Sun Was Setting	0	1951	\N	20	Drama,Short
tt0044093	tvEpisode	The Three Musketeers	The Three Musketeers	0	1950	\N	60	Drama
tt0044229	tvSeries	The Abbott and Costello Show	The Abbott and Costello Show	0	1952	1957	25	Comedy,Family,Mystery
tt0044230	tvSeries	The Adventures of Ozzie and Harriet	The Adventures of Ozzie and Harriet	0	1952	1966	30	Comedy,Drama,Family
tt0044231	tvSeries	Adventures of Superman	Adventures of Superman	0	1952	1958	30	Action,Adventure,Crime
tt0044232	tvSeries	All in One	All in One	0	1952	1953	30	Comedy
tt0044233	tvSeries	Anywhere, U.S.A.	Anywhere, U.S.A.	0	1952	\N	30	Drama
tt0044234	tvSeries	Are You Positive	Are You Positive	0	1952	\N	30	Family,Game-Show,Sport
tt0044235	tvSeries	Ask Me Another	Ask Me Another	0	1952	\N	30	Family,Game-Show
tt0044236	tvSeries	Balance Your Budget	Balance Your Budget	0	1952	1953	30	Game-Show
tt0044237	tvSeries	Battle of the Ages	Battle of the Ages	0	1952	\N	30	Family,Game-Show
tt0044238	tvSeries	Biff Baker, U.S.A.	Biff Baker, U.S.A.	0	1952	1954	30	Adventure
tt0044239	tvSeries	The Big Idea	The Big Idea	0	1952	1953	30	Documentary,Family
tt0044240	tvSeries	Billy Bunter of Greyfriars School	Billy Bunter of Greyfriars School	0	1952	1961	30	Comedy
tt0044241	tvSeries	The Billy Daniels Show	The Billy Daniels Show	0	1952	\N	15	Music
tt0044242	tvSeries	Boss Lady	Boss Lady	0	1952	\N	30	Comedy
tt0044243	tvSeries	Broadway Television Theatre	Broadway Television Theatre	0	1952	1954	60	Comedy,Drama
tt0044244	tvSeries	The Buick Circus Hour	The Buick Circus Hour	0	1952	\N	60	Comedy,Family,Music
tt0044245	tvSeries	Campbell Playhouse	Campbell Playhouse	0	1952	1954	30	Drama
tt0044247	tvSeries	The Cases of Eddie Drake	The Cases of Eddie Drake	0	1952	\N	30	Action,Adventure,Crime
tt0044248	tvSeries	Cavalcade of America	Cavalcade of America	0	1952	1957	60	Drama
tt0044249	tvSeries	Chance of a Lifetime	Chance of a Lifetime	0	1950	1956	30	Family,Game-Show,Music
tt0044250	tvSeries	China Smith	China Smith	0	1952	\N	30	Adventure
tt0044251	tvSeries	City Hospital	City Hospital	0	1951	1953	30	Drama
tt0044252	tvSeries	Claudia: The Story of a Marriage	Claudia: The Story of a Marriage	0	1952	\N	30	Drama
tt0044253	tvSeries	Columbia University Seminar	Columbia University Seminar	0	1952	1953	30	\N
tt0044254	tvSeries	Cowboy G-Men	Cowboy G-Men	0	1952	\N	30	Drama,Western
tt0044255	tvSeries	Craig Kennedy, Criminologist	Craig Kennedy, Criminologist	0	1952	1953	30	Crime,Drama,Mystery
tt0044256	tvSeries	Curtain Call	Curtain Call	0	1952	\N	30	Drama
tt0044257	tvSeries	Dangerous Assignment	Dangerous Assignment	0	1952	\N	26	Adventure
tt0044258	tvSeries	Dave and Charley	Dave and Charley	0	1950	\N	\N	Comedy
tt0044259	tvSeries	Death Valley Days	Death Valley Days	0	1952	1970	25	Western
tt0044260	tvSeries	Doc Corkle	Doc Corkle	0	1952	\N	30	Comedy
tt0044261	tvSeries	The Doctor	The Doctor	0	1952	1953	30	Drama
tt0044262	tvSeries	The Ernie Kovacs Show	The Ernie Kovacs Show	0	1952	1956	60	Comedy,Family
tt0044263	tvSeries	Four Star Playhouse	Four Star Playhouse	0	1952	1956	30	Comedy,Crime,Drama
tt0044264	tvSeries	Gang Busters	Gang Busters	0	1952	\N	30	Crime,Drama
tt0044265	tvSeries	Guiding Light	The Guiding Light	0	1952	2009	60	Drama,Romance
tt0044266	tvSeries	Hallmark Hall of Fame	Hallmark Hall of Fame	0	1951	1978	\N	Comedy,Drama
tt0044267	tvSeries	Heaven for Betsy	Heaven for Betsy	0	1952	1952	15	Comedy
tt0044268	tvSeries	The Hunter	The Hunter	0	1952	\N	30	Drama
tt0044269	tvSeries	I Married Joan	I Married Joan	0	1952	1955	30	Comedy
tt0044270	tvSeries	I've Got a Secret	I've Got a Secret	0	1952	1967	30	Family,Game-Show
tt0044271	tvSeries	Information Please	Information Please	0	1952	\N	30	Family,Game-Show
tt0044272	tvSeries	The Jackie Gleason Show	The Jackie Gleason Show	0	1952	1973	60	Comedy
tt0044273	tvSeries	Leave It to Larry	Leave It to Larry	0	1952	1952	30	Comedy
tt0044274	tvSeries	Life with Luigi	Life with Luigi	0	1952	\N	30	Comedy
tt0044275	tvSeries	Masquerade Party	Masquerade Party	0	1952	1960	30	Family,Game-Show
tt0044276	tvSeries	Meet Millie	Meet Millie	0	1952	1956	30	Comedy
tt0044277	tvSeries	Mr. & Mrs. North	Mr. & Mrs. North	0	1952	1954	30	Comedy,Drama,Mystery
tt0044278	tvSeries	Mr. Arsenic	Mr. Arsenic	0	1952	\N	30	Mystery
tt0044279	tvSeries	Mister Peepers	Mister Peepers	0	1952	1955	30	Comedy
tt0044280	tvSeries	Music Hall	Music Hall	0	1952	\N	15	Music
tt0044281	tvSeries	My Friend Irma	My Friend Irma	0	1952	1954	30	Comedy
tt0044282	tvSeries	My Hero	My Hero	0	1952	1953	30	Comedy
tt0044283	tvSeries	My Little Margie	My Little Margie	0	1952	1955	30	Comedy
tt0044284	tvSeries	Omnibus	Omnibus	0	1952	1961	55	Drama,History,Music
tt0044285	tvSeries	On Guard	On Guard	0	1952	1954	30	Documentary
tt0044286	tvSeries	Operation Information	Operation Information	0	1952	\N	30	Documentary
tt0044287	tvSeries	Our Miss Brooks	Our Miss Brooks	0	1952	1956	30	Comedy,Family
tt0044288	tvSeries	Police Story	Police Story	0	1952	\N	30	Crime,Drama
tt0044289	tvSeries	Ramar of the Jungle	Ramar of the Jungle	0	1952	1954	30	Adventure
tt0044290	tvSeries	Rebound	Rebound	0	1952	1953	30	Drama,Mystery
tt0044291	tvSeries	The Red Buttons Show	The Red Buttons Show	0	1952	1955	30	Comedy
tt0044292	tvSeries	Rendezvous	Rendezvous	0	1952	\N	\N	\N
tt0044293	tvSeries	Stars in Khaki and Blue	Stars in Khaki and Blue	0	1952	\N	30	\N
tt0044294	tvSeries	Steve Randall	Hollywood Off-Beat	0	1952	1953	30	Drama
tt0044295	tvSeries	Super Ghost	Super Ghost	0	1952	1953	30	Family,Game-Show
tt0044296	tvSeries	This Is Your Life	This Is Your Life	0	1950	1993	30	Biography,Family,Talk-Show
tt0044297	tvSeries	Those Endearing Young Charms	Those Endearing Young Charms	0	1952	\N	30	Comedy
tt0044298	tvSeries	Today	Today	0	1952	\N	240	News,Talk-Show
tt0044299	tvSeries	Two for the Money	Two for the Money	0	1952	1957	30	Family,Game-Show
tt0044300	tvSeries	The U.S. Royal Showcase	The U.S. Royal Showcase	0	1952	\N	\N	Comedy,Music
tt0044301	tvSeries	The Unexpected	The Unexpected	0	1952	\N	30	Drama
tt0044302	tvSeries	Up to Paar	Up to Paar	0	1952	\N	30	Family,Game-Show
tt0044303	tvSeries	Valentino	Valentino	0	1952	1953	30	Romance
tt0044304	tvSeries	The Walter Winchell Show	The Walter Winchell Show	0	1952	1955	15	News,Talk-Show
tt0044305	tvSeries	The Week in Religion	The Week in Religion	0	1952	1954	60	News
tt0044306	tvSeries	What Happened?	What Happened?	0	1952	\N	30	Family,Game-Show
tt0044307	tvSeries	What's It Worth	What's It Worth	0	1952	1953	30	\N
tt0044308	tvSeries	Wheel of Fortune	Wheel of Fortune	0	1952	1953	30	Game-Show
tt0044309	tvSeries	Who's There?	Who's There?	0	1952	\N	30	Family,Game-Show
tt0044310	tvSeries	Your Lucky Clue	Your Lucky Clue	0	1952	\N	30	Game-Show
tt0044311	tvSeries	Your Prize Story	Your Prize Story	0	1952	\N	30	Drama
tt0044668	tvEpisode	The Gold Diggers	The Gold Diggers	0	1952	\N	90	Comedy,Drama
tt0044901	tvEpisode	The Merry Wives of Windsor	The Merry Wives of Windsor	0	1952	\N	\N	Drama,Fantasy
tt0045365	tvSeries	Adventure	Adventure	0	1953	\N	60	Adventure
tt0045366	tvSeries	Answers for Americans	Answers for Americans	0	1953	1954	30	Family,Talk-Show
tt0045367	tvSeries	Anyone Can Win	Anyone Can Win	0	1953	\N	30	Game-Show
tt0045368	tvSeries	At Issue	At Issue	0	1953	1954	15	\N
tt0045369	tvSeries	Back That Fact	Back That Fact	0	1953	\N	30	Game-Show
tt0045370	tvSeries	Bank on the Stars	Bank on the Stars	0	1953	1954	30	Family,Game-Show
tt0045371	tvSeries	The Big Issue	Keep Posted	0	1951	1954	30	Talk-Show
tt0045372	tvSeries	The Big Picture	The Big Picture	0	1950	1968	30	Documentary
tt0045373	tvSeries	The Bob Hope Show	The Bob Hope Show	0	1950	\N	60	Comedy,Family,Talk-Show
tt0045374	tvSeries	Bonino	Bonino	0	1953	1953	30	Comedy
tt0045375	tvSeries	Both Sides	Both Sides	0	1953	\N	30	\N
tt0045376	tvSeries	Candid Camera	Candid Camera	0	1953	\N	30	Comedy,Reality-TV
tt0045377	tvSeries	Charles Boyer Theater	Charles Boyer Theater	0	1953	\N	30	Drama
tt0045378	tvSeries	City Detective	City Detective	0	1953	1955	30	Drama
tt0045379	tvSeries	Coke Time	Coke Time	0	1953	1957	15	Comedy,Music
tt0045380	tvSeries	Colonel Humphrey Flack	Colonel Humphrey Flack	0	1953	1959	30	Comedy,Family
tt0045381	tvSeries	The Comeback Story	The Comeback Story	0	1953	1954	30	Drama
tt0045383	tvSeries	The RCA Victor Show	The RCA Victor Show	0	1952	1954	30	Comedy,Music
tt0045384	tvSeries	Double Play	Double Play	0	1953	\N	30	Talk-Show
tt0045385	tvSeries	Rheingold Theatre	Douglas Fairbanks, Jr., Presents	0	1953	1957	23	Drama
tt0045386	tvSeries	The Eddie Albert Show	The Eddie Albert Show	0	1952	\N	\N	Comedy
tt0045387	tvSeries	Ethel and Albert	Ethel and Albert	0	1953	\N	30	Comedy
tt0045388	tvSeries	Excursion	Excursion	0	1953	\N	\N	Family
tt0045389	tvSeries	Eye Witness	Eye Witness	0	1953	\N	30	Drama
tt0045390	tvSeries	The Faith of Our Children	The Faith of Our Children	0	1955	1957	\N	Drama
tt0045391	tvSeries	Faye and Skitch	Faye and Skitch	0	1953	\N	15	Music
tt0045392	tvSeries	Follow the Leader	Follow the Leader	0	1953	\N	30	\N
tt0045394	tvSeries	Freedom Rings	Freedom Rings	0	1953	\N	30	Game-Show
tt0045395	tvSeries	General Electric Theater	General Electric Theater	0	1953	1962	30	Drama
tt0045396	tvSeries	The George Jessel Show	The George Jessel Show	0	1953	1960	30	Comedy,Music
tt0045397	tvSeries	I Led 3 Lives	I Led 3 Lives	0	1953	1956	30	Drama
tt0045398	tvSeries	I'm the Law	I'm the Law	0	1953	\N	30	Action,Crime,Drama
tt0045399	tvSeries	Jamie	Jamie	0	1953	1954	30	Comedy,Romance
tt0045400	tvSeries	The Jean Carroll Show	The Jean Carroll Show	0	1953	1954	30	Comedy
tt0045401	tvSeries	Jimmy Hughes, Rookie Cop	Jimmy Hughes, Rookie Cop	0	1953	\N	30	Action,Crime,Drama
tt0045402	tvSeries	Joseph Schildkraut Presents	Joseph Schildkraut Presents	0	1952	\N	30	Drama,Family
tt0045403	tvSeries	Judge for Yourself	Judge for Yourself	0	1953	1954	30	Family,Game-Show
tt0045404	tvSeries	The Larry Storch Show	The Larry Storch Show	0	1953	1953	60	Comedy
tt0045405	tvSeries	Lash of the West	Lash of the West	0	1953	\N	15	Drama,Western
tt0045406	tvSeries	The Life of Riley	The Life of Riley	0	1953	1958	30	Comedy
tt0045407	tvSeries	Life with Elizabeth	Life with Elizabeth	0	1952	1955	30	Comedy
tt0045408	tvSeries	Life with Father	Life with Father	0	1953	1955	30	Comedy,Family
tt0045409	tvSeries	The Loretta Young Show	Letter to Loretta	0	1953	1961	30	Drama
tt0045410	tvSeries	The Danny Thomas Show	Make Room for Daddy	0	1953	1965	30	Comedy,Family
tt0045411	tvSeries	The Man Behind the Badge	The Man Behind the Badge	0	1953	1955	30	Crime,Drama
tt0045412	tvSeries	Medallion Theatre	Medallion Theatre	0	1953	1954	30	Drama
tt0045413	tvSeries	Meet Betty Furness	Meet Betty Furness	0	1953	\N	15	\N
tt0045414	tvSeries	The Ray Milland Show	Meet Mr. McNutley	0	1953	1955	30	Comedy
tt0045415	tvSeries	The Motorola Television Hour	The Motorola Television Hour	0	1953	1954	60	Drama
tt0045416	tvSeries	The Music Show	The Music Show	0	1953	1954	30	Family,Music
tt0045417	tvSeries	Music at the Meadowbrook	Music at the Meadowbrook	0	1953	1956	60	Music
tt0045418	tvSeries	My Favorite Husband	My Favorite Husband	0	1953	1955	30	Comedy
tt0045419	tvSeries	Your Favorite Story	Your Favorite Story	0	1953	1955	30	Comedy,Drama
tt0045420	tvSeries	My Son Jeep	My Son Jeep	0	1953	1953	30	Comedy
tt0045421	tvSeries	Name That Tune	Name That Tune	0	1953	1959	\N	Family,Game-Show,Music
tt0045422	tvSeries	Nothing But the Best	Nothing But the Best	0	1953	\N	30	\N
tt0045423	tvSeries	Of Many Things	Of Many Things	0	1953	1954	30	Talk-Show
tt0045424	tvSeries	Old American Barn Dance	Old American Barn Dance	0	1953	\N	30	Comedy,Music
tt0045425	tvSeries	On Your Account	On Your Account	0	1953	1956	30	Game-Show
tt0045426	tvSeries	Operation Neptune	Operation Neptune	0	1953	\N	30	Sci-Fi
tt0045427	tvSeries	The Orchid Award	The Orchid Award	0	1953	1954	15	Biography,Music
tt0045428	tvSeries	Paris Precinct	Paris Precinct	0	1955	\N	30	Crime,Drama
tt0045429	tvSeries	Pentagon U.S.A.	Pentagon U.S.A.	0	1953	\N	30	\N
tt0045430	tvSeries	The Pepsi-Cola Playhouse	The Pepsi-Cola Playhouse	0	1953	1955	30	Drama
tt0045431	tvSeries	Person to Person	Person to Person	0	1953	1961	30	Documentary,News,Talk-Show
tt0045432	tvSeries	Personality Puzzle	Personality Puzzle	0	1953	\N	\N	Game-Show
tt0045433	tvSeries	The Philip Morris Playhouse	The Philip Morris Playhouse	0	1953	1954	30	Drama
tt0045434	tvSeries	The Pride of the Family	Pride of the Family	0	1953	1955	30	Comedy
tt0045435	tvSeries	Private Secretary	Private Secretary	0	1953	1957	30	Comedy
tt0045436	tvSeries	The Quatermass Experiment	The Quatermass Experiment	0	1953	1953	30	Drama,Horror,Sci-Fi
tt0045437	tvSeries	Rod Brown of the Rocket Rangers	Rod Brown of the Rocket Rangers	0	1953	1954	30	Family,Sci-Fi
tt0045438	tvSeries	The Saturday Night Revue	The Saturday Night Revue	0	1953	1954	\N	Comedy
tt0045439	tvSeries	Space Command	Space Command	0	1953	1954	30	Sci-Fi
tt0045440	tvSeries	Summer Night Theater	Summer Night Theater	0	1953	\N	30	\N
tt0045441	tvSeries	Summer Theatre	Summer Theatre	0	1953	\N	30	Drama
tt0045442	tvSeries	Summertime U.S.A.	Summertime U.S.A.	0	1953	\N	15	Music
tt0045443	tvSeries	Take a Guess	Take a Guess	0	1953	\N	30	Family,Game-Show
tt0045444	tvSeries	Talent Patrol	Talent Patrol	0	1953	1955	60	Game-Show
tt0045445	tvSeries	This Is Charles Laughton	This Is Charles Laughton	0	1953	\N	60	Talk-Show
tt0045446	tvSeries	Three Steps to Heaven	Three Steps to Heaven	0	1953	1954	15	Drama
tt0045447	tvSeries	Topper	Topper	0	1953	1955	30	Comedy,Fantasy
tt0045448	tvSeries	Turn to a Friend	Turn to a Friend	0	1953	\N	\N	Game-Show
tt0045449	tvSeries	The United States Steel Hour	The United States Steel Hour	0	1953	1963	60	Comedy,Drama
tt0045450	tvSeries	Valiant Lady	Valiant Lady	0	1953	1957	15	Drama
tt0045451	tvSeries	The Vaudeville Show	The Vaudeville Show	0	1953	\N	30	Music
tt0045452	tvSeries	Washington Exclusive	Washington Exclusive	0	1953	\N	30	Talk-Show
tt0045453	tvSeries	What in the World?	What in the World?	0	1950	\N	30	Family,Talk-Show
tt0045454	tvSeries	What's Your Bid	What's Your Bid	0	1953	\N	30	Family,Game-Show
tt0045455	tvSeries	Where's Raymond?	Where's Raymond?	0	1953	\N	\N	Comedy
tt0045456	tvSeries	Winky-Dink and You	Winky-Dink and You	0	1953	1957	\N	Animation,Family
tt0045457	tvSeries	The Wonderful John Acton	The Wonderful John Acton	0	1953	\N	30	Drama
tt0045458	tvSeries	You Are There	You Are There	0	1953	1972	30	Drama,History
tt0045459	tvSeries	Your Chevrolet Showroom	Your Chevrolet Showroom	0	1953	1954	60	Comedy,Family,Music
tt0045460	tvSeries	Your Play Time	Your Play Time	0	1953	\N	30	Drama
tt0045519	tvEpisode	As You Like It	As You Like It	0	1953	\N	\N	Drama,Fantasy
tt0045553	tvMovie	Beyond the Moon	Beyond the Moon	0	1954	\N	76	Adventure,Family,Sci-Fi
tt0045655	tvMovie	Crash of Moons	Crash of Moons	0	1954	\N	78	Adventure,Family,Sci-Fi
tt0045658	tvMovie	Crossroad Avenger: The Adventures of the Tucson Kid	Crossroad Avenger: The Adventures of the Tucson Kid	0	1953	\N	25	Western
tt0045781	tvMovie	Forbidden Moon	Forbidden Moon	0	1956	\N	78	Sci-Fi
tt0045865	tvMovie	Henry V	Henry V	0	1953	\N	\N	Drama,War
tt0045960	tvEpisode	King Lear	King Lear	0	1953	\N	75	Drama,History,Music
tt0046065	tvMovie	Menace from Outer Space	Menace from Outer Space	0	1956	\N	78	Adventure,Family,Sci-Fi
tt0046135	tvEpisode	Number Three	Number Three	0	1953	\N	80	Drama,Fantasy
tt0046150	tvEpisode	Othello	Othello	0	1953	\N	84	Drama
tt0046316	tvMovie	Silver Needle in the Sky	Silver Needle in the Sky	0	1954	\N	76	Adventure,Family,Sci-Fi
tt0046324	tvMovie	Skip Taylor	Skip Taylor	0	1953	\N	\N	\N
tt0046619	tvMovie	Mandrake the Magician	Mandrake the Magician	0	1954	\N	26	Fantasy
tt0046684	tvMovie	The Adventures of Huckleberry Finn	The Adventures of Huckleberry Finn	0	1955	\N	60	Drama
tt0046855	tvEpisode	A Christmas Carol	A Christmas Carol	0	1954	\N	52	Adventure,Drama,Family
tt0046864	tvEpisode	The Comedy of Errors	The Comedy of Errors	0	1954	\N	\N	Drama,Fantasy
tt0046978	tvMovie	Fire One	Fire One	0	1954	\N	53	Drama
tt0047198	tvMovie	Macbeth	Macbeth	0	1954	\N	103	Drama
tt0047211	tvMovie	Manhunt in Space	Manhunt in Space	0	1956	\N	78	Adventure,Family,Sci-Fi
tt0047409	tvMovie	King Richard II	King Richard II	0	1954	\N	\N	Drama
tt0047766	tvMiniSeries	Quatermass II	Quatermass II	0	1955	1955	\N	Drama,Horror,Sci-Fi
tt0047798	tvMovie	Abschiedsvorstellung	Abschiedsvorstellung	0	1955	\N	90	Comedy,Musical
tt0047810	tvEpisode	All My Sons	All My Sons	0	1958	\N	\N	Comedy,Drama
tt0047852	tvEpisode	Bamboo Cross	Bamboo Cross	0	1955	\N	29	Drama
tt0047858	tvEpisode	The Barretts of Wimpole Street	The Barretts of Wimpole Street	0	1956	\N	90	Comedy,Drama,Family
tt0047961	tvEpisode	The Creature	The Creature	0	1955	\N	90	Drama,Fantasy
tt0048067	tvEpisode	The Fifth Wheel	The Fifth Wheel	0	1956	\N	60	Drama
tt0048088	tvMovie	Foreign Intrigue: Jeannie	Foreign Intrigue: Jeannie	0	1955	\N	\N	\N
tt0048144	tvMovie	Hamlet	Hamlet	0	1955	\N	\N	Drama
tt0048205	tvEpisode	The Indiscreet Mrs. Jarvis	The Indiscreet Mrs. Jarvis	0	1955	\N	30	Drama
tt0048302	tvEpisode	Life of Vernon Hathaway	Life of Vernon Hathaway	0	1955	\N	26	Comedy,Drama
tt0048357	tvMovie	Masquerade	Masquerade	0	1955	\N	71	Western
tt0048371	tvEpisode	The Merchant of Venice	The Merchant of Venice	0	1955	\N	118	Drama,Fantasy
tt0048372	tvMovie	The Merry Wives of Windsor	The Merry Wives of Windsor	0	1955	\N	\N	Comedy,Romance
tt0048378	tvEpisode	The Miracle on 34th Street	The Miracle on 34th Street	0	1955	\N	46	Drama
tt0048456	tvMovie	Othello	Othello	0	1955	\N	124	Drama,Romance
tt0048462	tvEpisode	The Ox-Bow Incident	The Ox-Bow Incident	0	1955	\N	60	Drama
tt0048562	tvEpisode	Rookie of the Year	Rookie of the Year	0	1955	\N	30	Comedy,Drama
tt0048650	tvMovie	Spin and Marty: The Movie	Spin and Marty: The Movie	0	1955	\N	\N	Family,Western
tt0048714	tvMovie	Oni znali Mayakovsky	Oni znali Mayakovsky	0	1955	\N	\N	Drama
tt0048883	tvEpisode	The Makepeace Story #1: The Ruthless Destiny	The Makepeace Story #1: The Ruthless Destiny	0	1955	\N	90	Drama,Fantasy
tt0048957	tvMovie	Invaders from Space	Invaders from Space	0	1965	\N	78	Sci-Fi
tt0049025	tvEpisode	Border Showdown	Border Showdown	0	1955	\N	40	Western
tt0049197	tvMovie	Die Fahrt ins Blaue	Die Fahrt ins Blaue	0	1956	\N	\N	\N
tt0049402	tvMovie	Keiner stirbt leicht	Keiner stirbt leicht	0	1956	\N	\N	Crime,Drama
tt0049473	tvEpisode	Man in Space	Man in Space	0	1955	\N	51	Adventure,Drama,Family
tt0049556	tvMovie	The Ninth Day	The Ninth Day	0	1956	\N	\N	\N
tt0049572	tvEpisode	One	One	0	1956	\N	90	Comedy,Drama
tt0049585	tvEpisode	The Outlanders	The Outlander	0	1955	\N	60	Western
tt0049669	tvEpisode	Requiem for a Heavyweight	Requiem for a Heavyweight	0	1956	\N	73	Comedy,Crime,Drama
tt0049770	tvMovie	Smaragden - Geschichte	Smaragden - Geschichte	0	1956	\N	50	Comedy,Crime
tt0049835	tvMovie	Termin Julia wird gehalten	Termin Julia wird gehalten	0	1956	\N	\N	\N
tt0050031	tvEpisode	Junior Miss	Junior Miss	0	1957	\N	90	Comedy,Drama,History
tt0050259	tvEpisode	The Comedian	The Comedian	0	1957	\N	90	Comedy,Crime,Drama
tt0050273	tvMovie	The Critical Point	The Critical Point	0	1957	\N	90	\N
tt0050318	tvEpisode	The Fourth Anniversary Show	The Fourth Anniversary Show	0	1957	\N	60	Adventure,Drama,Family
tt0050320	tvEpisode	Disturbance	Disturbance	0	1958	\N	\N	Comedy,Drama
tt0050502	tvMovie	Mr. Sleeman Is Coming	Herr Sleeman kommer	0	1957	\N	43	Drama
tt0050536	tvMovie	Illusionen	Illusionen	0	1957	\N	82	\N
tt0050581	tvMovie	Einen Jux will er sich machen	Einen Jux will er sich machen	0	1956	\N	88	Comedy
tt0050602	tvMovie	Kolportage	Kolportage	0	1957	\N	62	Drama
tt0050641	tvEpisode	The Life of Henry V	The Life of Henry V	0	1957	\N	\N	Drama
tt0050678	tvEpisode	Man in a Moon	Man in a Moon	0	1957	\N	60	Drama
tt0050695	tvEpisode	Mayerling	Mayerling	0	1957	\N	85	Comedy,Drama,Family
tt0050761	tvMovie	Nebel	Nebel	0	1957	\N	93	Crime
tt0050819	tvMovie	Die Panne	Die Panne	0	1957	\N	88	Drama
tt0050842	tvMovie	The Pied Piper of Hamelin	The Pied Piper of Hamelin	0	1957	\N	89	Family,Fantasy,Musical
tt0050846	tvMovie	Pinocchio	Pinocchio	0	1957	\N	60	Family
tt0050898	tvMovie	Der Richter und sein Henker	Der Richter und sein Henker	0	1957	\N	89	Drama,Mystery
tt0050938	tvMovie	Schinderhannes	Schinderhannes	0	1957	\N	102	Drama
tt0050988	tvEpisode	So Soon to Die	So Soon to Die	0	1957	\N	67	Comedy,Crime,Drama
tt0051037	tvMovie	The Sword	The Sword	0	1957	\N	\N	\N
tt0051305	tvMiniSeries	Quatermass and the Pit	Quatermass and the Pit	0	1958	1959	30	Drama,Horror,Sci-Fi
tt0051344	tvEpisode	Cole Porter's 'Aladdin'	Cole Porter's 'Aladdin'	0	1958	\N	90	Comedy,Drama,History
tt0051347	tvMovie	Die Alkestiade	Die Alkestiade	0	1958	\N	125	Drama
tt0051359	tvMovie	Androklus und der Löwe	Androklus und der Löwe	0	1958	\N	116	Comedy
tt0051384	tvMovie	Iz pepla	Iz pepla	0	1958	\N	\N	\N
tt0051483	tvMovie	Colombe	Colombe	0	1958	\N	130	Comedy
tt0051523	tvEpisode	Days of Wine and Roses	Days of Wine and Roses	0	1958	\N	90	Comedy,Crime,Drama
tt0051625	tvEpisode	For I Have Loved Strangers	For I Have Loved Strangers	0	1957	\N	90	Comedy,Crime,Drama
tt0051680	tvEpisode	The Greatest Man in the World	The Greatest Man in the World	0	1958	\N	57	Drama
tt0051763	tvEpisode	If You Knew Tomorrow	If You Knew Tomorrow	0	1958	\N	\N	Drama
tt0051929	tvEpisode	A Midsummer Night's Dream	A Midsummer Night's Dream	0	1958	\N	105	Drama,Fantasy
tt0052095	tvMovie	Próbáld meg, Daddy!	Próbáld meg, Daddy!	0	1959	\N	60	Drama
tt0052128	tvEpisode	Rest in Violence	Rest in Violence	0	1958	\N	60	Drama
tt0052236	tvEpisode	Bankraub in Köln	Bankraub in Köln	0	1958	\N	36	Crime,Drama,Thriller
tt0052237	tvEpisode	Das zwölfte Messer	Das zwölfte Messer	0	1958	\N	50	Crime,Drama,Thriller
tt0052238	tvEpisode	Die Tote im Hafenbecken	Die Tote im Hafenbecken	0	1958	\N	50	Crime,Drama,Thriller
tt0052239	tvEpisode	Die blaue Mütze	Die blaue Mütze	0	1958	\N	45	Crime,Drama,Thriller
tt0052240	tvEpisode	Mordfall Oberhausen	Mordfall Oberhausen	0	1958	\N	35	Crime,Drama,Thriller
tt0052241	tvEpisode	Sechs unter Verdacht	Sechs unter Verdacht	0	1958	\N	50	Crime,Drama,Thriller
tt0052273	tvMovie	Tarzan and the Trappers	Tarzan and the Trappers	0	1960	\N	70	Action,Adventure
tt0052290	tvEpisode	This Day in Fear	This Day in Fear	0	1958	\N	60	Drama
tt0052299	tvMovie	Der Tod auf dem Rummelplatz	Der Tod auf dem Rummelplatz	0	1958	\N	45	Crime
tt0052443	tvMiniSeries	Der Andere	Der Andere	0	1959	1959	35	Action,Adventure,Crime
tt0052509	tvMiniSeries	As Far as My Feet Will Carry Me	So weit die Füße tragen	0	1959	1959	400	Drama,War
tt0052537	tvMovie	Affäre Dreyfus	Affäre Dreyfus	0	1959	\N	151	Biography
tt0052616	tvMovie	The Bells of St. Mary's	The Bells of St. Mary's	0	1959	\N	90	Drama
tt0052620	tvMovie	Der Besuch der alten Dame	Der Besuch der alten Dame	0	1959	\N	115	Comedy,Drama
tt0052628	tvEpisode	The Big Knife	The Big Knife	0	1958	\N	90	Comedy,Drama
tt0052630	tvEpisode	Billy Budd	Billy Budd	0	1959	\N	90	Comedy,Drama,History
tt0052647	tvEpisode	Brand	Brand	0	1959	\N	90	Drama
tt0052730	tvEpisode	The Desperate Man	The Desperate Man	0	1961	\N	60	Crime,Mystery
tt0052856	tvEpisode	Good Deed	Good Deed	0	1959	\N	30	Drama
tt0052857	tvEpisode	Gordon Jacob	Gordon Jacob	0	1959	\N	\N	Documentary,Talk-Show
tt0052866	tvEpisode	Fritz Kortner/Spain to Streatham: The Guitar Craze	Fritz Kortner/Spain to Streatham: The Guitar Craze	0	1959	\N	17	Documentary,Talk-Show
tt0052874	tvEpisode	Hamlet	Hamlet	0	1959	\N	88	Comedy,Drama,History
tt0052917	tvMovie	Im sechsten Stock	Im sechsten Stock	0	1954	\N	80	Comedy
tt0052931	tvEpisode	The Iron Harp	The Iron Harp	0	1958	\N	90	Comedy,Drama
tt0052952	tvEpisode	Julius Caesar	Julius Caesar	0	1959	\N	105	Drama
tt0052988	tvMovie	Land, das meine Sprache spricht	Land, das meine Sprache spricht	0	1959	\N	105	Drama
tt0053079	tvMovie	The Moon and Sixpence	The Moon and Sixpence	0	1959	\N	\N	Drama
tt0053107	tvMovie	Neues aus dem sechsten Stock	Neues aus dem sechsten Stock	0	1954	\N	70	Crime
tt0053178	tvShort	Poet's London	Poet's London	0	1959	\N	12	Documentary,Short
tt0053184	tvEpisode	Portrait of a Goon	Portrait of a Goon	0	1959	\N	\N	Documentary,Talk-Show
tt0053205	tvMovie	The Race for Space	The Race for Space	0	1959	\N	55	Documentary
tt0053258	tvMovie	There Will Be No Leave Today	Segodnya uvolneniya ne budet	0	1959	\N	45	Drama,Thriller
tt0053301	tvMovie	Spiel im Schloß	Spiel im Schloß	0	1959	\N	115	\N
tt0053303	tvEpisode	Aktenzeichen: Welcker u.a. - Wegen Mordes	Aktenzeichen: Welcker u.a. - Wegen Mordes	0	1959	\N	63	Crime,Drama,Thriller
tt0053304	tvEpisode	Das Alibi	Das Alibi	0	1959	\N	63	Crime,Drama,Thriller
tt0053305	tvEpisode	Treffpunkt Bahnhof Zoo	Treffpunkt Bahnhof Zoo	0	1959	\N	55	Crime,Drama,Thriller
tt0053343	tvEpisode	Margin for Error	Margin for Error	0	1955	\N	30	Drama
tt0053348	tvMovie	Experiment in Evil	Le testament du Docteur Cordelier	0	1959	\N	95	Drama,Horror,Sci-Fi
tt0053384	tvEpisode	The Turn of the Screw	The Turn of the Screw	0	1959	\N	75	Comedy,Drama,Musical
tt0053405	tvEpisode	Variations on a Mechanical Theme	Variations on a Mechanical Theme	0	1959	\N	\N	Documentary,Talk-Show
tt0053446	tvMovie	Winterset	Winterset	0	1959	\N	90	Drama
tt0053474	tvMovie	Åke och hans värld	Åke och hans värld	0	1959	\N	\N	Drama
tt0053478	tvMiniSeries	Am grünen Strand der Spree	Am grünen Strand der Spree	0	1960	\N	497	Drama
tt0053501	tvMiniSeries	Es ist soweit	Es ist soweit	0	1960	1960	\N	Action,Crime,Drama
tt0053538	tvMiniSeries	The Strange World of Gurney Slade	The Strange World of Gurney Slade	0	1960	1960	30	Comedy
tt0053560	tvMovie	Der 18. Geburtstag	Der 18. Geburtstag	0	1962	\N	47	\N
tt0053567	tvMovie	Abendstunde im Spätherbst	Abendstunde im Spätherbst	0	1960	\N	50	Drama
tt0053574	tvMovie	Aftermath	Aftermath	0	1960	\N	22	\N
tt0053581	tvEpisode	Alas, Babylon	Alas, Babylon	0	1960	\N	90	Comedy,Crime,Drama
tt0053607	tvMovie	Architecture of Entertainment	Architecture of Entertainment	0	1960	\N	22	Documentary
tt0053647	tvMovie	Between Two Rivers	Between Two Rivers	0	1960	\N	28	Documentary
tt0053692	tvMovie	The Cape Canaveral Monsters	The Cape Canaveral Monsters	0	1960	\N	69	Horror,Sci-Fi
tt0053722	tvEpisode	Clue of the New Pin	Clue of the New Pin	0	1961	\N	58	Crime,Drama,Mystery
tt0053723	tvEpisode	Clue of the Twisted Candle	Clue of the Twisted Candle	0	1960	\N	61	Crime,Drama,Mystery
tt0053736	tvShort	Cranko at Work	Cranko at Work	0	1960	\N	\N	Documentary,Short
tt0053790	tvMovie	Einer von sieben	Einer von sieben	0	1960	\N	60	Drama
tt0053805	tvMovie	The Expendables	The Expendables	0	1962	\N	\N	Action,Drama
tt0053812	tvMovie	Die Falle	Die Falle	0	1960	\N	100	Crime,Drama
tt0053827	tvEpisode	Flight Into Danger	Flight Into Danger	0	1956	\N	60	Drama
tt0053888	tvMovie	Hamlet	Hamlet, Prinz von Dänemark	0	1960	\N	152	Drama,Mystery
tt0053966	tvEpisode	John Brown's Raid	John Brown's Raid	0	1960	\N	60	Comedy,Crime,Drama
tt0053974	tvEpisode	Julius Caesar	Julius Caesar	0	1960	\N	120	Drama
tt0054015	tvEpisode	The Land of Oz	The Land of Oz	0	1960	\N	55	Drama,Family,Fantasy
tt0054028	tvEpisode	The Light Fantastic	The Light Fantastic	0	1960	\N	24	Documentary,Talk-Show
tt0054036	tvMovie	Die Lokalbahn	Die Lokalbahn	0	1960	\N	100	Comedy
tt0054046	tvMovie	Madame Sans-Gêne	Madame Sans-Gêne	0	1960	\N	85	Drama,History
tt0054057	tvEpisode	The Malpas Mystery	The Malpas Mystery	0	1960	\N	69	Crime,Drama,Mystery
tt0054062	tvEpisode	Marie Rambert Remembers	Marie Rambert Remembers	0	1960	\N	\N	Documentary,Talk-Show
tt0054087	tvEpisode	The Miners' Picnic/Picasso	The Miners' Picnic/Picasso	0	1960	\N	\N	Documentary,Talk-Show
tt0054109	tvMovie	Die Nachbarskinder	Die Nachbarskinder	0	1960	\N	36	\N
tt0054155	tvMovie	Papas neue Freundin	Papas neue Freundin	0	1960	\N	95	Comedy,Family
tt0054176	tvMovie	Peter Pan	Peter Pan	0	1960	\N	100	Adventure,Comedy,Family
tt0054220	tvMovie	Pust svetit	Pust svetit	0	1960	\N	40	Drama,War
tt0054261	tvMovie	Rómeó, Júlia és a sötétség	Rómeó, Júlia és a sötétség	0	1986	\N	101	Drama
tt0054299	tvShort	Shelagh Delaney's Salford	Shelagh Delaney's Salford	0	1960	\N	15	Documentary,Short
tt0054300	tvMovie	The Shepherd of the Hills	The Shepherd of the Hills	0	1960	\N	30	Drama
tt0054319	tvEpisode	The Nanette Fabray Show, or Help Me, Aphrodite	The Nanette Fabray Show, or Help Me, Aphrodite	0	1960	\N	60	Comedy,Drama,Musical
tt0054334	tvMovie	Spirit of the Alamo	Spirit of the Alamo	0	1960	\N	\N	Biography,Documentary,History
tt0054338	tvEpisode	Die Zeugin im grünen Rock	Die Zeugin im grünen Rock	0	1960	\N	56	Crime,Drama,Thriller
tt0054339	tvEpisode	E... 605	E... 605	0	1960	\N	97	Crime,Drama,Thriller
tt0054340	tvEpisode	Verbrannte Spuren	Verbrannte Spuren	0	1960	\N	70	Crime,Drama,Thriller
tt0054448	tvMovie	Der Vogelhändler	Der Vogelhändler	0	1960	\N	150	Music
tt0054551	tvMovie	Jack Mortimer	Jack Mortimer	0	1961	\N	88	Crime
tt0054561	tvMovie	The Power and the Glory	The Power and the Glory	0	1961	\N	90	Drama
tt0054626	tvMovie	The Anatomist	The Anatomist	0	1956	\N	73	Drama,Horror
tt0054633	tvShort	Antonio Gaudi	Antonio Gaudi	0	1961	\N	15	Documentary,Short
tt0054645	tvEpisode	Attempt to Kill	Attempt to Kill	0	1961	\N	59	Crime,Drama,Mystery
tt0054654	tvEpisode	Backfire!	Backfire!	0	1962	\N	61	Crime,Drama,Mystery
tt0054682	tvMovie	Biographie eines Schokoladentages	Biographie eines Schokoladentages	0	1961	\N	58	Drama
tt0054754	tvEpisode	Clue of the Silver Key	Clue of the Silver Key	0	1961	\N	59	Crime,Drama,Mystery
tt0054794	tvEpisode	A Dead Secret	A Dead Secret	0	1959	\N	\N	Comedy,Drama
tt0054796	tvEpisode	Death Trap	Death Trap	0	1962	\N	56	Crime,Drama,Mystery
tt0054921	tvMiniSeries	Gewissen in Aufruhr	Gewissen in Aufruhr	0	1961	1961	\N	Drama,War
tt0054952	tvMovie	Gunfight at Black Horse Canyon	Gunfight at Black Horse Canyon	0	1961	\N	100	Drama,Western
tt0054955	tvMovie	Gäst hos verkligheten	Gäst hos verkligheten	0	1961	\N	64	Drama
tt0054985	tvMovie	Hollywood: The Golden Years	Hollywood: The Golden Years	0	1961	\N	52	Documentary,History
tt0054994	tvEpisode	The Horsemasters: Follow Your Heart	The Horsemasters: Follow Your Heart	0	1961	\N	90	Adventure,Drama,Family
tt0054996	tvEpisode	House of Mystery	House of Mystery	0	1961	\N	56	Crime,Mystery
tt0055042	tvMovie	Das Kartenspiel	Das Kartenspiel	0	1961	\N	93	Crime
tt0055063	tvMovie	Die Kurve	Die Kurve	0	1961	\N	55	Crime
tt0055066	tvMovie	Küß mich Kätchen	Küß mich Kätchen	0	1961	\N	150	Musical
tt0055071	tvMovie	Das Land des Lächelns	Das Land des Lächelns	0	1961	\N	140	\N
tt0055094	tvEpisode	London Moods	Style in the Theatre/Portrait of an Experience	0	1961	\N	\N	Documentary,Talk-Show
tt0055109	tvMovie	Ländliche Werbung	Ländliche Werbung	0	1961	\N	54	Comedy
tt0055112	tvMovie	Macbeth	Macbeth	0	1960	\N	108	Drama
tt0055130	tvEpisode	Man Detained	Man Detained	0	1961	\N	59	Crime,Drama,Mystery
tt0055131	tvEpisode	The Man Out There	The Man Out There	0	1961	\N	55	Drama
tt0055132	tvEpisode	Man at the Carlton Tower	Man at the Carlton Tower	0	1961	\N	57	Crime,Drama,Mystery
tt0055193	tvShort	Morgen - vielleicht	Morgen - vielleicht	0	1961	\N	20	Short
tt0055203	tvEpisode	Murder Club	Murder Club	0	1961	\N	60	Drama
tt0055250	tvEpisode	Old Battersea House	Old Battersea House	0	1961	\N	\N	Documentary,Talk-Show
tt0055281	tvEpisode	Partners in Crime	Partners in Crime	0	1961	\N	54	Crime,Drama,Mystery
tt0055295	tvMovie	The Phantom	The Phantom	0	1961	\N	24	Action
tt0055314	tvEpisode	The Poisoned Earth	The Poisoned Earth	0	1961	\N	90	Comedy,Drama
tt0055334	tvEpisode	Prokofiev: Portrait of a Soviet Composer/Daumier: A Double Life.	Prokofiev: Portrait of a Soviet Composer/Daumier: A Double Life.	0	1961	\N	\N	Documentary,Talk-Show
tt0055359	tvEpisode	A Reason for Staying	A Reason for Staying	0	1961	\N	\N	Drama
tt0055387	tvEpisode	The Rose Affair	The Rose Affair	0	1961	\N	58	Drama
tt0055416	tvMovie	Schau heimwärts, Engel	Schau heimwärts, Engel	0	1961	\N	120	Drama
tt0055419	tvMovie	Der Schwierige	Der Schwierige	0	1961	\N	\N	\N
tt0055431	tvMovie	Die Sendung der Lysistrata	Die Sendung der Lysistrata	0	1961	\N	100	Comedy
tt0055433	tvEpisode	Serjeant Musgrave's Dance	Serjeant Musgrave's Dance	0	1961	\N	78	Comedy,Drama
tt0055443	tvEpisode	The Ship That Couldn't Stop	The Ship That Couldn't Stop	0	1961	\N	60	Drama
tt0055476	tvEpisode	In der Nacht zum Dienstag...	In der Nacht zum Dienstag...	0	1961	\N	73	Crime,Drama,Thriller
tt0055477	tvEpisode	Saison	Saison	0	1961	\N	85	Crime,Drama,Thriller
tt0055482	tvMovie	Der Strafverteidiger	Der Strafverteidiger	0	1961	\N	\N	Drama
tt0055553	tvMovie	Twenty-Four Hours in a Woman's Life	Twenty-Four Hours in a Woman's Life	0	1961	\N	90	Drama,Romance
tt0055598	tvMovie	Victoria Regina	Victoria Regina	0	1961	\N	77	Biography,Drama,History
tt0055600	tvMovie	Vielgeliebtes Sternchen	Vielgeliebtes Sternchen	0	1961	\N	85	Comedy,Romance
tt0055677	tvMiniSeries	Das Halstuch	Das Halstuch	0	1962	1962	217	Action,Thriller
tt0055704	tvEpisode	Spur 211	Spur 211	0	1962	\N	113	Crime,Drama,Thriller
tt0055729	tvMovie	Affäre Blum	Affäre Blum	0	1962	\N	121	Crime,Drama
tt0055749	tvMovie	Anatol	Anatol	0	1962	\N	84	\N
tt0055786	tvMovie	Belle Sommers	Belle Sommers	0	1962	\N	62	Drama,Thriller
tt0055791	tvMovie	The Beaver Coat	Der Biberpelz	0	1962	\N	100	Comedy
tt0055808	tvEpisode	The Boston Terrier	The Boston Terrier	0	1962	\N	60	Comedy,Drama
tt0055929	tvEpisode	The Scarecrow of Romney Marsh: Part 1	The Scarecrow of Romney Marsh: Part 1	0	1963	\N	129	Adventure,Drama,Family
tt0055952	tvEpisode	Elgar: Portrait of a Composer	Elgar: Portrait of a Composer	0	1962	\N	55	Documentary,Talk-Show
tt0055961	tvEpisode	Escapade in Florence: Part 1	Escapade in Florence: Part 1	0	1962	\N	60	Adventure,Drama,Family
tt0055975	tvMovie	Familie	Familie	0	1960	\N	\N	Drama
tt0055989	tvEpisode	Flashing Spikes	Flashing Spikes	0	1962	\N	53	Drama
tt0056011	tvMovie	Gasparone	Gasparone	0	1962	\N	100	Music
tt0056033	tvEpisode	The Golden Horseshoe Revue	The Golden Horseshoe Revue	0	1962	\N	48	Adventure,Drama,Family
tt0056123	tvMovie	Josef und seine Brüder	Josef und seine Brüder	0	1962	\N	81	Comedy
tt0056132	tvMovie	The Empress	Die Kaiserin	0	1962	\N	145	Music
tt0056145	tvMovie	Der kleine Lord	Der kleine Lord	0	1962	\N	125	Drama
tt0056152	tvEpisode	Youth on Ice	Eiga shi - Kôri no naka no seishun	0	1962	\N	25	Documentary,Short
tt0056169	tvMovie	The Laughmakers	The Laughmakers	0	1962	\N	27	Comedy
tt0056170	tvMovie	Laura	Laura	0	1962	\N	115	Drama,Mystery
tt0056177	tvMovie	Die letzten Masken	Die letzten Masken	0	1962	\N	45	\N
tt0056192	tvMovie	Lokalbericht	Lokalbericht	0	1962	\N	90	Drama
tt0056199	tvEpisode	Lotte Lenya Sings Kurt Weill/Jack Yeats	Lotte Lenya Sings Kurt Weill/Jack Yeats	0	1961	\N	45	Documentary,Talk-Show
tt0056250	tvEpisode	The Mooncussers: Graveyard of Ships	The Mooncussers: Graveyard of Ships	0	1962	\N	85	Adventure,Drama,Family
tt0056254	tvShort	Mr. Chesher's Traction Engines	Mr. Chesher's Traction Engines	0	1962	\N	15	Documentary,Short
tt0056266	tvEpisode	My Daddy Can Lick Your Daddy	My Daddy Can Lick Your Daddy	0	1963	\N	22	Drama
tt0056295	tvEpisode	Number Six	Number Six	0	1962	\N	59	Crime,Drama,Mystery
tt0056298	tvMovie	Nur Fleisch	Nur Fleisch	0	1962	\N	25	Crime,Drama
tt0056317	tvMovie	Othello	Othello	0	1962	\N	\N	Drama,Romance
tt0056324	tvEpisode	A Pair of Boots	A Pair of Boots	0	1962	\N	48	Drama
tt0056348	tvMovie	Picknick im Felde	Picknick im Felde	0	1962	\N	23	\N
tt0056359	tvEpisode	Pop Goes the Easel	Pop Goes the Easel	0	1962	\N	42	Documentary,Talk-Show
tt0056369	tvShort	Preservation Man	Preservation Man	0	1962	\N	16	Documentary,Short
tt0056373	tvEpisode	The Prince and the Pauper: The Pauper King	The Prince and the Pauper: The Pauper King	0	1962	\N	50	Adventure,Drama,Family
tt0056374	tvEpisode	The Prisoner	The Prisoner	0	1963	\N	\N	Drama
tt0056375	tvMovie	The Survivor	Der Schwur des Soldaten Pooley	0	1961	\N	70	Drama,War
tt0056380	tvShort	Profesor Zazul	Profesor Zazul	0	1962	\N	22	Sci-Fi,Short
tt0056398	tvEpisode	Rebecca	Rebecca	0	1962	\N	59	Drama
tt0056426	tvMovie	Der Rosenkavalier	Der Rosenkavalier	0	1961	\N	192	Comedy,Music,Romance
tt0056441	tvEpisode	Sammy, the Way-Out Seal: Part 1	Sammy, the Way-Out Seal: Part 1	0	1962	\N	89	Adventure,Drama,Family
tt0056449	tvMovie	The Scarface Mob	The Scarface Mob	0	1959	\N	102	Crime,Drama
tt0056453	tvMovie	Der Schlaf der Gerechten	Der Schlaf der Gerechten	0	1962	\N	110	Drama
tt0056455	tvMovie	Schule der Geläufigkeit	Schule der Geläufigkeit	0	1963	\N	45	\N
tt0056476	tvEpisode	Shadow of a Pale Horse	Shadow of a Pale Horse	0	1959	\N	\N	Comedy,Drama
tt0056508	tvEpisode	Solo for Sparrow	Solo for Sparrow	0	1962	\N	56	Crime,Drama,Mystery
tt0056523	tvEpisode	In jeder Stadt...	In jeder Stadt...	0	1962	\N	78	Crime,Drama,Thriller
tt0056525	tvEpisode	Stamboul Train	Stamboul Train	0	1962	\N	\N	Drama
tt0056532	tvMovie	Streichquartett	Streichquartett	0	1962	\N	55	Comedy
tt0056535	tvMovie	Stück für Stück	Stück für Stück	0	1962	\N	66	Drama
tt0056578	tvEpisode	Unaired Pilot: This Rugged Land	Unaired Pilot: This Rugged Land	0	1963	\N	74	Drama,Western
tt0056590	tvEpisode	Time to Remember	Time to Remember	0	1962	\N	58	Crime,Drama,Mystery
tt0056594	tvMovie	Der tolle Tag	Der tolle Tag	0	1962	\N	\N	Comedy
tt0056786	tvMiniSeries	The Spread of the Eagle	The Spread of the Eagle	0	1963	1963	50	Drama,History,Romance
tt0056793	tvMiniSeries	Vyzyvaem ogon na sebya	Vyzyvaem ogon na sebya	0	1965	1965	317	Drama,War
tt0056798	tvEpisode	The £20,000 Kiss	The £20,000 Kiss	0	1962	\N	57	Crime,Drama,Mystery
tt0056808	tvMovie	Die Abrechnung	Die Abrechnung	0	1963	\N	116	Drama,History
tt0056809	tvEpisode	Accidental Death	Accidental Death	0	1963	\N	57	Crime,Drama,Mystery
tt0056828	tvMovie	Amphitryon 38	Amphitryon 38	0	1963	\N	100	Comedy
tt0056837	tvMovie	As You Like It	As You Like It	0	1963	\N	140	Comedy,Drama,Romance
tt0056858	tvMovie	Der Bauer als Millionär	Der Bauer als Millionär	0	1963	\N	122	Fantasy
tt0056977	tvMovie	The Dark Did Not Conquer	The Dark Did Not Conquer	0	1963	\N	60	\N
tt0056980	tvEpisode	Monitor Special: The Debussy Film	Monitor Special: The Debussy Film	0	1965	\N	82	Documentary,Talk-Show
tt0057010	tvEpisode	The Double	The Double	0	1963	\N	56	Crime,Drama,Mystery
tt0057029	tvMovie	Elizabeth Taylor in London	Elizabeth Taylor in London	0	1963	\N	58	Documentary
tt0057034	tvMovie	Das Ende vom Lied	Das Ende vom Lied	0	1963	\N	64	Drama,War
tt0057096	tvMovie	Geliebt in Rom	Geliebt in Rom	0	1963	\N	108	Drama
tt0057107	tvMovie	Das Glück läuft hinterher	Das Glück läuft hinterher	0	1963	\N	90	Drama
tt0057108	tvMovie	Glück und glas	Glück und glas	0	1964	\N	100	Drama,Fantasy,Musical
tt0057117	tvMovie	Guernica - Jede Stunde verletzt und die letzte tötet	Guernica - Jede Stunde verletzt und die letzte tötet	0	1965	\N	30	\N
tt0057135	tvMovie	Hedda Gabler	Hedda Gabler	0	1962	\N	75	Drama
tt0057144	tvMovie	Das Himmelbett	Das Himmelbett	0	1963	\N	91	Comedy,Drama
tt0057150	tvMovie	Honfoglalás I-II.	Honfoglalás I-II.	0	1963	\N	182	History
tt0057157	tvEpisode	The Horse Without a Head: The 100,000,000 Franc Train Robbery	The Horse Without a Head: The 100,000,000 Franc Train Robbery	0	1963	\N	60	Adventure,Drama,Family
tt0057173	tvMovie	Im Schatten des Krieges	Im Schatten des Krieges	0	1963	\N	117	Drama,War
tt0057186	tvMovie	Invincible Mr. Disraeli	Invincible Mr. Disraeli	0	1963	\N	76	Biography,Drama
tt0057201	tvEpisode	Johnny Shiloh: Part 1	Johnny Shiloh: Part 1	0	1963	\N	60	Adventure,Drama,Family
tt0057206	tvMovie	Journey to the Centre	Journey to the Centre	0	1963	\N	60	\N
tt0057208	tvMovie	The Judge	The Judge	0	1963	\N	\N	\N
tt0057214	tvMovie	Kaiser Joseph und die Bahnwärterstochter	Kaiser Joseph und die Bahnwärterstochter	0	1962	\N	84	Comedy
tt0057233	tvMovie	The Kremlin	The Kremlin	0	1963	\N	60	Documentary
tt0057255	tvEpisode	Little Dog Lost	Little Dog Lost	0	1963	\N	60	Adventure,Drama,Family
tt0057260	tvEpisode	Drama '63: Loop	Drama '63: Loop	0	1963	\N	60	Drama
tt0057282	tvMovie	Mamselle Nitouche	Mamselle Nitouche	0	1963	\N	\N	Comedy
tt0057313	tvMovie	Mirandolina	Mirandolina	0	1963	\N	75	Comedy
tt0057319	tvMovie	Die Mondvögel	Die Mondvögel	0	1963	\N	90	Comedy
tt0057348	tvMovie	Die Nacht der Schrecken	Die Nacht der Schrecken	0	1963	\N	52	Crime
tt0057389	tvMovie	Orden für die Wunderkinder	Orden für die Wunderkinder	0	1963	\N	77	Comedy
tt0057451	tvEpisode	Return to Sender	Return to Sender	0	1963	\N	61	Crime,Drama,Mystery
tt0057453	tvMovie	Return to Oz	Return to Oz	0	1964	\N	51	Animation,Family,Fantasy
tt0057456	tvEpisode	Ricochet	Ricochet	0	1963	\N	64	Crime,Drama,Mystery
tt0057501	tvMovie	Signor Rizzi kommt zurück	Signor Rizzi kommt zurück	0	1963	\N	70	Crime
tt0057510	tvMovie	The Slowest Gun in the West	The Slowest Gun in the West	0	1960	\N	54	Comedy,Western
tt0057526	tvEpisode	Das Haus an der Stör	Das Haus an der Stör	0	1963	\N	84	Crime,Drama,Thriller
tt0057538	tvMovie	Striptease	Striptease	0	1963	\N	25	\N
tt0057564	tvMovie	The Tempest	The Tempest	0	1960	\N	76	Drama
tt0057585	tvEpisode	Tivoli	Tivoli	0	1965	\N	62	Drama
tt0057627	tvMovie	Unterm Birnbaum	Unterm Birnbaum	0	1963	\N	95	Crime
tt0057666	tvMovie	Die wahre Geschichte vom geschändeten und wiederhergestellten Kreuz	Die wahre Geschichte vom geschändeten und wiederhergestellten Kreuz	0	1963	\N	48	Drama,War
tt0057668	tvEpisode	The Waltz King: Part 1	The Waltz King: Part 1	0	1963	\N	95	Adventure,Drama,Family
tt0057671	tvEpisode	The Forgotten Army	Wasurerareta kôgun	0	1963	\N	25	Documentary,Short
tt0057672	tvEpisode	Watch the Birdie	Watch the Birdie	0	1963	\N	\N	Documentary,Talk-Show
tt0057722	tvMovie	Zweierlei Maß	Zweierlei Maß	0	1964	\N	135	Drama
tt0057723	tvMovie	The Twelve Jurors	Die zwölf Geschworenen	0	1963	\N	110	Crime,Drama
tt0057753	tvMiniSeries	The Great War	The Great War	0	1964	1964	40	Documentary,History,War
tt0057797	tvMiniSeries	Vízivárosi nyár	Vízivárosi nyár	0	1964	1964	\N	Drama
tt0057800	tvMiniSeries	Wolf unter Wölfen	Wolf unter Wölfen	0	1964	1965	\N	Drama
tt0057817	tvEpisode	Act of Murder	Act of Murder	0	1964	\N	62	Crime,Drama,Mystery
tt0057819	tvMovie	Actis	Actis	0	1964	\N	129	Drama
tt0057828	tvEpisode	Because I Love You	Aisurebakoso	0	1964	\N	56	Drama
tt0057850	tvEpisode	Ode to an Old Teacher	Aogeba tôtoshi	0	1964	\N	30	Drama,Short
tt0057856	tvEpisode	A National Railway Worker	Aru kokutetsu-jômuin: suto chôshi zenya	0	1964	\N	25	Documentary,Short
tt0057860	tvMovie	Atomic Rulers	Atomic Rulers	0	1965	\N	83	Action,Adventure,Sci-Fi
tt0057862	tvMovie	Attack of the Mayan Mummy	Attack of the Mayan Mummy	0	1964	\N	77	Horror
tt0057867	tvEpisode	The Ballad of Hector the Stowaway Dog: Where the Heck Is Hector?	The Ballad of Hector the Stowaway Dog: Where the Heck Is Hector?	0	1964	\N	120	Adventure,Drama,Family
tt0057874	tvEpisode	Bela Bartok	Bela Bartok	0	1964	\N	50	Documentary,Talk-Show
tt0057896	tvShort	Bons baisers de Bangkok	Bons baisers de Bangkok	0	1964	\N	15	Documentary,Short
tt0057916	tvMovie	Carol for Another Christmas	Carol for Another Christmas	0	1964	\N	84	Drama,Fantasy
tt0057927	tvEpisode	The Caves of Steel	The Caves of Steel	0	1964	\N	75	\N
tt0057947	tvEpisode	Chita Niseigo taiheiyô ôdan	Chita Niseigo taiheiyô ôdan	0	1964	\N	50	Documentary,Short
tt0057950	tvMovie	Cinderella	Cinderella	0	1965	\N	84	Family,Fantasy,Musical
tt0057955	tvMovie	Die Cocktailparty	Die Cocktailparty	0	1964	\N	120	Comedy
tt0057959	tvEpisode	The Comedy of Errors	The Comedy of Errors	0	1964	\N	\N	Drama
tt0057976	tvEpisode	Studio '64: The Crunch	Studio '64: The Crunch	0	1964	\N	60	Drama
tt0057982	tvMovie	Culloden	Culloden	0	1964	\N	69	Drama,History,War
tt0058015	tvEpisode	The Diary of a Nobody: The Domestic Jottings of a City Clerk	The Diary of a Nobody: The Domestic Jottings of a City Clerk	0	1964	\N	38	Drama
tt0058023	tvMovie	Doddy und die Musketiere	Doddy und die Musketiere	0	1964	\N	82	Fantasy,Music
tt0058027	tvMovie	The Dog Troop	The Dog Troop	0	1964	\N	\N	\N
tt0058032	tvMovie	Der doppelte Nikolaus	Der doppelte Nikolaus	0	1964	\N	33	\N
tt0058035	tvEpisode	Alfred Hitchcock/The Dotty World of James Lloyd	Alfred Hitchcock/The Dotty World of James Lloyd	0	1964	\N	\N	Documentary,Talk-Show
tt0058052	tvMovie	Egon und das achte Weltwunder	Egon und das achte Weltwunder	0	1964	\N	85	Comedy
tt0058054	tvMovie	Der eingebildete Kranke	Der eingebildete Kranke	0	1964	\N	140	Comedy
tt0058072	tvMovie	Evil Brain from Outer Space	Evil Brain from Outer Space	0	1966	\N	78	Action,Sci-Fi
tt0058076	tvMovie	Ezer év	Ezer év	0	1964	\N	71	\N
tt0058077	tvMovie	FBI Code 98	FBI Code 98	0	1963	\N	104	Crime,Drama
tt0058078	tvEpisode	Face of a Stranger	Face of a Stranger	0	1964	\N	53	Crime,Drama,Mystery
tt0058087	tvMovie	Fanfare for a Death Scene	Fanfare for a Death Scene	0	1964	\N	73	Drama
tt0058107	tvMovie	Flug in Gefahr	Flug in Gefahr	0	1964	\N	70	Drama,Thriller
tt0058109	tvMovie	Flüchtlingsgespräche	Flüchtlingsgespräche	0	1964	\N	75	\N
tt0058116	tvEpisode	A Free Agent	A Free Agent	0	1964	\N	60	Drama,War
tt0058128	tvMovie	Der Gast	Der Gast	0	1964	\N	\N	\N
tt0058136	tvMovie	General Frédéric	General Frédéric	0	1964	\N	84	Comedy
tt0058141	tvEpisode	Gimei shôjo	Gimei shôjo	0	1964	\N	25	Documentary,Short
tt0058170	tvMovie	Haben	Haben	0	1964	\N	\N	Drama
tt0058176	tvMovie	Hamlet at Elsinore	Hamlet at Elsinore	0	1964	\N	170	Drama
tt0058179	tvMovie	The Hanged Man	The Hanged Man	0	1964	\N	87	Crime,Drama,Thriller
tt0058180	tvEpisode	A Rebel's Fortress	Hankotsu no toride - Hachinosu-jô no kiroku	0	1964	\N	25	Documentary,Short
tt0058196	tvMovie	Hofloge	Hofloge	0	1964	\N	90	Drama
tt0058224	tvMovie	Ich fahre Patschold	Ich fahre Patschold	0	1964	\N	100	Drama
tt0058226	tvMovie	Az idegen ember	Az idegen ember	0	1964	\N	\N	\N
tt0058228	tvMovie	In der Sache J. Robert Oppenheimer	In der Sache J. Robert Oppenheimer	0	1964	\N	135	Drama
tt0058252	tvMovie	Julius Caesar	Julius Caesar	0	1964	\N	\N	Drama,History
tt0058258	tvMovie	Katharina Knie - Ein Seiltänzerstück	Katharina Knie - Ein Seiltänzerstück	0	1964	\N	120	Drama
tt0058271	tvMovie	Koll	Koll	0	1964	\N	45	Crime,Drama
tt0058273	tvMovie	Komödie der Irrungen	Komödie der Irrungen	0	1965	\N	90	Comedy
tt0058300	tvShort	Lonely Shore	Lonely Shore	0	1962	\N	16	Sci-Fi,Short
tt0058302	tvEpisode	Le loup et le chien	Le loup et le chien	0	1966	\N	\N	\N
tt0058330	tvMovie	Das Martyrium des Peter O'Hey	Das Martyrium des Peter O'Hey	0	1964	\N	57	Crime,Drama
tt0058338	tvMovie	Mein oder Dein	Mein oder Dein	0	1964	\N	115	Comedy
tt0058353	tvMovie	Minna von Barnhelm	Minna von Barnhelm	0	1964	\N	105	Comedy
tt0058406	tvMovie	Nightmare in Chicago	Nightmare in Chicago	0	1964	\N	81	Crime,Drama
tt0058431	tvMovie	Onkel Wanja	Onkel Wanja	0	1964	\N	\N	\N
tt0058468	tvMovie	Die Physiker	Die Physiker	0	1964	\N	125	Comedy
tt0058508	tvMovie	Rab Ráby	Rab Ráby	0	1965	\N	90	Drama,History
tt0058536	tvMovie	Rudolph the Red-Nosed Reindeer	Rudolph the Red-Nosed Reindeer	0	1964	\N	47	Adventure,Animation,Comedy
tt0058559	tvMovie	Sechs Personen suchen einen Autor	Sechs Personen suchen einen Autor	0	1964	\N	90	Drama
tt0058565	tvMovie	See How They Run	See How They Run	0	1964	\N	100	Drama
tt0058568	tvEpisode	The Tomb of Youth	Seishun no ishibumi	0	1964	\N	40	Documentary,Short
tt0058569	tvMovie	Der Seitensprung	Der Seitensprung	0	1964	\N	110	Drama
tt0058572	tvMovie	Seraphine oder Die wundersame Geschichte der Tante Flora	Seraphine oder Die wundersame Geschichte der Tante Flora	0	1965	\N	60	\N
tt0058578	tvEpisode	Seven Up!	Seven Up!	0	1964	\N	40	Documentary
tt0058595	tvMovie	Slottstappning	Slottstappning	0	1964	\N	95	Crime,Drama
tt0058599	tvMovie	Ein Sommer - ein Herbst	Ein Sommer - ein Herbst	0	1964	\N	66	Drama
tt0058613	tvEpisode	Rehe	Rehe	0	1964	\N	109	Crime,Drama,Thriller
tt0058614	tvEpisode	Strandkorb 421	Strandkorb 421	0	1964	\N	93	Crime,Drama,Thriller
tt0058630	tvMovie	Szeptember	Szeptember	0	1964	\N	\N	\N
tt0058640	tvEpisode	The Tenderfoot: Part 3	The Tenderfoot: Part 3	0	1964	\N	60	Adventure,Drama,Family
tt0058710	tvMovie	L'uomo	L'uomo	0	1964	\N	\N	\N
tt0058732	tvMovie	Váltás	Váltás	0	1964	\N	52	\N
tt0058746	tvEpisode	Who Was Maddox?	Who Was Maddox?	0	1964	\N	62	Crime,Drama,Mystery
tt0058802	tvMiniSeries	F.D.R.	F.D.R.	0	1965	\N	30	Biography
tt0058845	tvMiniSeries	Die Schlüssel	Die Schlüssel	0	1965	1965	230	Drama
tt0058871	tvMovie	Abschied	Abschied	0	1966	\N	72	\N
tt0058872	tvMovie	Acht Stunden Zeit	Acht Stunden Zeit	0	1965	\N	109	Crime
tt0058893	tvEpisode	Alice	Alice	0	1965	\N	72	Drama
tt0058900	tvEpisode	Always on Sunday	Always on Sunday	0	1965	\N	45	Documentary,Talk-Show
tt0058908	tvEpisode	Angus Slowly Sinking?	Angus Slowly Sinking?	0	1965	\N	\N	Drama
tt0058910	tvMovie	Ankunft bei Nacht	Ankunft bei Nacht	0	1965	\N	86	Crime
tt0058913	tvMovie	Das Apostelspiel	Das Apostelspiel	0	1965	\N	55	Drama
tt0058914	tvEpisode	Application Form	Application Form	0	1965	\N	30	Crime,Drama
tt0058916	tvMovie	Are You Ready for the Music?	Are You Ready for the Music?	0	1965	\N	90	\N
tt0058927	tvEpisode	Auto-Stop	Auto-Stop	0	1965	\N	75	Drama
tt0058931	tvEpisode	The Babysitter	The Babysitter	0	1965	\N	\N	Thriller
tt0058937	tvEpisode	Ballerina: Part 1	Ballerina: Part 1	0	1966	\N	60	Adventure,Drama,Family
tt0058957	tvMovie	The Beatles at Shea Stadium	The Beatles at Shea Stadium	0	1966	\N	48	Documentary,Music
tt0058984	tvEpisode	The Bond	The Bond	0	1965	\N	75	Drama
tt0058989	tvEpisode	Boy in the Smoke	Boy in the Smoke	0	1965	\N	\N	Drama
tt0058992	tvMovie	Brooklyn-Ballade	Brooklyn-Ballade	0	1965	\N	135	Drama
tt0059011	tvEpisode	Campaign for One	Campaign for One	0	1965	\N	75	Drama
tt0059020	tvEpisode	Cathy Come Home	Cathy Come Home	0	1966	\N	75	Drama
tt0059026	tvMovie	A Charlie Brown Christmas	A Charlie Brown Christmas	0	1965	\N	25	Animation,Comedy,Drama
tt0059047	tvEpisode	The World of George Orwell: Coming Up for Air	The World of George Orwell: Coming Up for Air	0	1965	\N	\N	Drama
tt0059048	tvEpisode	Common Ground	Common Ground	0	1965	\N	\N	Drama
tt0059053	tvEpisode	The Confidence Course	The Confidence Course	0	1965	\N	61	Drama
tt0059057	tvMovie	Coriolanus	Coriolanus	0	1965	\N	150	Drama,History
tt0059061	tvEpisode	The Counterfeit Man	The Counterfeit Man	0	1965	\N	60	Drama,Horror,Sci-Fi
tt0059070	tvMovie	Christinas Heimreise	Christinas Heimreise	0	1965	\N	88	Drama
tt0059077	tvMovie	Cyprienne oder Lassen wir uns scheiden!	Cyprienne oder Lassen wir uns scheiden!	0	1965	\N	90	\N
tt0059086	tvEpisode	A Day Out for Lucy	A Day Out for Lucy	0	1965	\N	\N	Drama
tt0059092	tvEpisode	Dead Man's Chest	Dead Man's Chest	0	1965	\N	59	Crime,Drama,Mystery
tt0059144	tvMovie	Die eigenen vier Wände	Die eigenen vier Wände	0	1965	\N	105	Comedy
tt0059158	tvEpisode	Esther's Altar	Esther's Altar	0	1965	\N	\N	Drama
tt0059161	tvMovie	Attack of the Eye Creatures	The Eye Creatures	0	1967	\N	80	Comedy,Horror,Sci-Fi
tt0059165	tvEpisode	Family Christmas	Family Christmas	0	1965	\N	30	Crime,Drama
tt0059191	tvEpisode	For the West	For the West	0	1965	\N	75	Drama
tt0059198	tvEpisode	The Fox and the Forest	The Fox and the Forest	0	1965	\N	60	Drama,Horror,Sci-Fi
tt0059203	tvMovie	Frühstück mit Julia	Frühstück mit Julia	0	1965	\N	75	Drama
tt0059210	tvMovie	Fünfter Akt, siebte Szene. Fritz Kortner probt Kabale und Liebe	Fünfter Akt, siebte Szene. Fritz Kortner probt Kabale und Liebe	0	1965	\N	110	Documentary
tt0059225	tvEpisode	The Girl Who Loved Robots	The Girl Who Loved Robots	0	1965	\N	75	Drama
tt0059230	tvEpisode	Give the Clown His Supper	Give the Clown His Supper	0	1965	\N	30	Crime,Drama
tt0059247	tvShort	The Trawler Incident: The Forgotten Typhoon Catastrophe	Gyosen sonansu	0	1965	\N	25	Documentary,Short
tt0059251	tvMovie	Hans nåds testamente	Hans nåds testamente	0	1965	\N	\N	Comedy
tt0059262	tvMovie	Hercules and the Princess of Troy	Hercules and the Princess of Troy	0	1965	\N	47	Action,Adventure,Drama
tt0059264	tvMovie	Herr Dardanell och hans upptåg på landet	Herr Dardanell och hans upptåg på landet	0	1965	\N	95	Comedy
tt0059286	tvEpisode	The House	The House	0	1965	\N	\N	Thriller
tt0059333	tvEpisode	The Joel Brand Story	The Joel Brand Story	0	1965	\N	\N	Drama
tt0059352	tvMiniSeries	Die Katze im Sack	Die Katze im Sack	0	1965	\N	145	Crime
tt0059368	tvMovie	Kristóf, a magánzó	Kristóf, a magánzó	0	1965	\N	81	Comedy
tt0059375	tvMovie	Házasodj, Ausztria!	Házasodj, Ausztria!	0	1970	\N	75	Comedy,Musical
tt0059378	tvMovie	Das Landhaus	Das Landhaus	0	1965	\N	65	Drama
tt0059381	tvMovie	Leinen aus Irland	Leinen aus Irland	0	1965	\N	130	Comedy
tt0059396	tvEpisode	The Long Street	The Long Street	0	1965	\N	\N	Drama
tt0059409	tvMovie	Love's Labour's Lost	Love's Labour's Lost	0	1965	\N	110	Comedy,Drama,Romance
tt0059420	tvEpisode	Make Me an Offer	Make Me an Offer	0	1966	\N	120	Drama
tt0059423	tvMovie	The Man in a Looking Glass	The Man in a Looking Glass	0	1965	\N	91	Thriller
tt0059441	tvMovie	Memorandum for a Spy	Memorandum for a Spy	0	1965	\N	90	Drama
tt0059450	tvEpisode	Drama '64: Miss Hanago	Drama '64: Miss Hanago	0	1964	\N	\N	Drama
tt0059451	tvEpisode	Miss Julie	Miss Julie	0	1965	\N	90	Drama
tt0059461	tvEpisode	Monica	Monica	0	1965	\N	30	Crime,Drama
tt0059476	tvEpisode	Mr. Ponge	Mr. Ponge	0	1965	\N	30	Crime,Drama
tt0059492	tvMovie	Tired Theodore	Der müde Theodor	0	1965	\N	104	Comedy
tt0059510	tvEpisode	The World of George Orwell: 1984	The World of George Orwell: 1984	0	1965	\N	120	Drama
tt0059513	tvEpisode	No Place Like Earth	No Place Like Earth	0	1965	\N	60	Drama,Horror,Sci-Fi
tt0059519	tvMovie	Nora oder Ein Puppenheim	Nora oder Ein Puppenheim	0	1965	\N	95	Drama
tt0059523	tvEpisode	Portraits from the North: The Nutter	Portraits from the North: The Nutter	0	1965	\N	\N	Drama
tt0059537	tvEpisode	Old Man of Chelsea Reach	Old Man of Chelsea Reach	0	1965	\N	\N	Drama
tt0059566	tvEpisode	Parson's Pleasure	Parson's Pleasure	0	1965	\N	30	Crime,Drama
tt0059569	tvEpisode	A Passage to India	A Passage to India	0	1965	\N	110	Drama
tt0059571	tvEpisode	The Passenger	The Passenger	0	1965	\N	30	Crime,Drama
tt0059591	tvEpisode	A Piece of Resistance	A Piece of Resistance	0	1966	\N	80	Drama
tt0059656	tvMovie	Romulus der Große	Romulus der Große	0	1965	\N	98	Comedy
tt0059657	tvMovie	Romy: Anatomy of a Face	Romy - Portrait eines Gesichts	0	1967	\N	90	Documentary
tt0059658	tvEpisode	Rosmersholm	Rosmersholm	0	1965	\N	\N	Drama
tt0059708	tvEpisode	The Seven O'Clock Crunch	The Seven O'Clock Crunch	0	1965	\N	75	Drama
tt0059717	tvEpisode	The Siege of Manchester	The Siege of Manchester	0	1965	\N	\N	Drama
tt0059751	tvEpisode	Nacht zum Ostersonntag	Nacht zum Ostersonntag	0	1965	\N	82	Crime,Drama,Thriller
tt0059752	tvEpisode	Stand Up, Nigel Barton	Stand Up, Nigel Barton	0	1965	\N	75	Drama
tt0059753	tvEpisode	The Cage	The Cage	0	1966	\N	63	Action,Adventure,Sci-Fi
tt0059759	tvEpisode	Strangler's Web	Strangler's Web	0	1965	\N	55	Crime,Drama,Mystery
tt0059780	tvMovie	Tag für Tag	Tag für Tag	0	1965	\N	90	Drama
tt0059808	tvEpisode	Time in Advance	Time in Advance	0	1965	\N	60	Drama,Horror,Sci-Fi
tt0059815	tvMovie	Die Tochter des Brunnenmachers	Die Tochter des Brunnenmachers	0	1965	\N	99	Comedy
tt0059822	tvEpisode	Tomorrow, Just You Wait	Tomorrow, Just You Wait	0	1965	\N	75	Drama
tt0059830	tvEpisode	The Trial and Torture of Sir John Rampayne	The Trial and Torture of Sir John Rampayne	0	1965	\N	75	Drama
tt0059841	tvMovie	Unbeschriebenes Blatt	Unbeschriebenes Blatt	0	1967	\N	42	\N
tt0059847	tvEpisode	Unman, Wittering and Zigo	Unman, Wittering and Zigo	0	1965	\N	\N	Drama
tt0059849	tvEpisode	Die Unverbesserlichen	Die Unverbesserlichen	0	1965	\N	80	Drama
tt0059854	tvEpisode	Up the Junction	Up the Junction	0	1965	\N	72	Drama
tt0059867	tvMovie	Verhör am Nachmittag	Verhör am Nachmittag	0	1965	\N	90	Crime
tt0059886	tvEpisode	VOTE, VOTE, VOTE, for Nigel Barton	VOTE, VOTE, VOTE, for Nigel Barton	0	1965	\N	80	Drama
tt0059891	tvMovie	Wahn	Wahn	0	1965	\N	129	Drama,History
tt0059908	tvMovie	Who Has Seen the Wind?	Who Has Seen the Wind?	0	1965	\N	90	Drama
tt0059917	tvMovie	Ein Wintermärchen	Ein Wintermärchen	0	1965	\N	155	Drama
tt0059923	tvMovie	Wystrzal	Wystrzal	0	1965	\N	72	Drama
tt0059967	tvMiniSeries	Bat Out of Hell	Bat Out of Hell	0	1966	1966	50	Thriller
tt0059986	tvMiniSeries	The Great British Train Robbery	Die Gentlemen bitten zur Kasse	0	1966	\N	104	Crime,Drama,Thriller
tt0059989	tvMovie	CBS Playhouse: The Glass Menagerie	The Glass Menagerie	0	1966	\N	120	Drama
tt0059993	tvMiniSeries	Hemsöborna	Hemsöborna	0	1966	1966	155	Drama
tt0060006	tvMiniSeries	Melissa	Melissa	0	1966	1966	200	Adventure,Crime,Thriller
tt0060014	tvMiniSeries	Ohne Kampf kein Sieg	Ohne Kampf kein Sieg	0	1966	\N	434	Drama
tt0060039	tvMiniSeries	The Wars of the Roses	The Wars of the Roses	0	1965	1966	\N	Drama,History,War
tt0060062	tvMovie	Das Abgründige in Herrn Gerstenberg	Das Abgründige in Herrn Gerstenberg	0	1966	\N	100	Comedy
tt0060088	tvMovie	Alice Through the Looking Glass	Alice Through the Looking Glass	0	1966	\N	72	Family,Fantasy,Musical
tt0060089	tvMovie	Alice in Wonderland	Alice in Wonderland	0	1966	\N	72	Comedy,Drama,Family
tt0060100	tvEpisode	Amerika	Amerika	0	1966	\N	120	Drama
tt0060119	tvEpisode	Ape and Essence	Ape and Essence	0	1966	\N	75	Drama
tt0060131	tvMovie	The Artist and the American West	The Artist and the American West	0	1966	\N	\N	Documentary
tt0060151	tvMovie	The Baron's African War	The Baron's African War	0	1966	\N	100	Action,Adventure,War
tt0060152	tvMovie	Bat Men of Africa	Bat Men of Africa	0	1966	\N	100	Action,Adventure,Drama
tt0060157	tvMovie	Befriedung/Lächle Seki	Befriedung/Lächle Seki	0	1966	\N	45	Documentary
tt0060158	tvMovie	Der Beginn	Der Beginn	0	1966	\N	75	Drama
tt0060159	tvMovie	Bei Tag und Nacht	Bei Tag und Nacht	0	1964	\N	100	Drama
tt0060162	tvMovie	Bert Brecht vor dem McCarthy-Ausschuß	Bert Brecht vor dem McCarthy-Ausschuß	0	1966	\N	\N	\N
tt0060166	tvEpisode	The Big Man Coughed and Died	The Big Man Coughed and Died	0	1966	\N	75	Drama
tt0060172	tvMovie	Black Dragon of Manzanar	Black Dragon of Manzanar	0	1966	\N	100	Action,Adventure,Drama
tt0060178	tvSpecial	The Bob Hope Vietnam Christmas Show	The Bob Hope Vietnam Christmas Show	0	1966	\N	\N	Comedy,Documentary,Music
tt0060180	tvEpisode	The Bone Yard	The Bone Yard	0	1966	\N	60	Drama
tt0060202	tvEpisode	Calf Love	Calf Love	0	1966	\N	75	Drama
tt0060208	tvEpisode	The Canterville Ghost	The Canterville Ghost	0	1966	\N	\N	Comedy,Drama,Musical
tt0060210	tvMovie	Captain Mephisto and the Transformation Machine	Captain Mephisto and the Transformation Machine	0	1966	\N	100	Sci-Fi
tt0060211	tvEpisode	The Caramel Crisis	The Caramel Crisis	0	1966	\N	30	Crime,Drama
tt0060217	tvEpisode	Case Suspended	Case Suspended	0	1966	\N	30	Crime,Drama
tt0060230	tvShort	Charlie Brown's All Stars!	Charlie Brown's All Stars!	0	1966	\N	24	Animation,Comedy,Family
tt0060235	tvEpisode	The Wesker Trilogy: Chicken Soup with Barley	The Wesker Trilogy: Chicken Soup with Barley	0	1966	\N	\N	Drama
tt0060241	tvShort	Claire	Claire	0	1967	\N	37	Short
tt0060243	tvMovie	The Claw Monsters	The Claw Monsters	0	1966	\N	100	Action,Sci-Fi
tt0060246	tvMovie	Code 645	Code 645	0	1966	\N	167	Action,Adventure,Crime
tt0060255	tvEpisode	The Connoisseur	The Connoisseur	0	1966	\N	75	Drama
tt0060257	tvEpisode	Corridors of Power	Corridors of Power	0	1966	\N	\N	Drama
tt0060270	tvMovie	Curse of the Swamp Creature	Curse of the Swamp Creature	0	1968	\N	80	Horror,Sci-Fi
tt0060273	tvMovie	Cyclotrode 'X'	Cyclotrode 'X'	0	1966	\N	100	Adventure,Sci-Fi
tt0060274	tvMovie	D-Day on Mars	D-Day on Mars	0	1966	\N	100	Sci-Fi
tt0060280	tvMovie	The Dangerous Days of Kiowa Jones	The Dangerous Days of Kiowa Jones	0	1966	\N	85	Drama,Western
tt0060282	tvEpisode	Dare I Weep, Dare I Mourn?	Dare I Weep, Dare I Mourn?	0	1966	\N	50	Comedy,Drama,Musical
tt0060284	tvEpisode	Days to Come	Days to Come	0	1966	\N	95	Drama
tt0060289	tvMovie	Deadly Ray from Mars	Deadly Ray from Mars	0	1966	\N	99	Sci-Fi
tt0060292	tvEpisode	Death of a Salesman	Death of a Salesman	0	1966	\N	\N	Drama
tt0060303	tvMovie	Destination Saturn	Destination Saturn	0	1966	\N	\N	Sci-Fi
tt0060322	tvEpisode	Doctor Knock	Doctor Knock	0	1966	\N	\N	Drama
tt0060324	tvMovie	Doktor Knock	Doktor Knock	0	1966	\N	\N	Comedy
tt0060329	tvMiniSeries	Don Quijote von der Mancha	Don Quijote von der Mancha	0	1965	1965	82	Adventure,Comedy,History
tt0060331	tvEpisode	Don't Shoot the Composer	Don't Shoot the Composer	0	1966	\N	51	Documentary
tt0060333	tvMovie	The Doomsday Flight	The Doomsday Flight	0	1966	\N	93	Crime,Thriller
tt0060344	tvMovie	Dr. Satan's Robot	Dr. Satan's Robot	0	1966	\N	100	Crime,Sci-Fi
tt0060345	tvMovie	How the Grinch Stole Christmas!	How the Grinch Stole Christmas!	0	1966	\N	26	Animation,Comedy,Family
tt0060363	tvShort	Eh, Joe?	Eh, Joe?	0	1966	\N	20	Drama,Short
tt0060365	tvEpisode	Ella	Ella	0	1966	\N	30	Crime,Drama
tt0060367	tvEpisode	Emergency-Ward 9	Emergency-Ward 9	0	1966	\N	30	Crime,Drama
tt0060370	tvEpisode	The Enchanted Night	The Enchanted Night	0	1966	\N	30	Crime,Drama
tt0060384	tvEpisode	Evening Primrose	Evening Primrose	0	1966	\N	60	Comedy,Drama,Musical
tt0060387	tvEpisode	The Eye	The Eye	0	1966	\N	50	Drama,Horror,Sci-Fi
tt0060388	tvMovie	F.B.I. 99	F.B.I. 99	0	1966	\N	100	Action,Adventure,Crime
tt0060393	tvMovie	Fame Is the Name of the Game	Fame Is the Name of the Game	0	1966	\N	100	Drama
tt0060394	tvEpisode	The Family Reunion	The Family Reunion	0	1966	\N	\N	Drama
tt0060402	tvMovie	Farfar till häst	Farfar till häst	0	1966	\N	\N	\N
tt0060403	tvEpisode	The Fastest Draw	The Fastest Draw	0	1966	\N	\N	Drama,Horror,Sci-Fi
tt0060412	tvEpisode	Final Demand	Final Demand	0	1966	\N	\N	Drama
tt0060419	tvEpisode	Focus	Focus	0	1966	\N	\N	Drama
tt0060425	tvEpisode	Four-Way Incident	Four-Way Incident	0	1966	\N	30	Crime,Drama
tt0060427	tvMovie	Francis of Assisi	Francesco di Assisi	0	1966	\N	134	Biography,Drama,History
tt0060428	tvEpisode	Frankenstein Mark 2	Frankenstein Mark 2	0	1966	\N	50	Drama,Horror,Sci-Fi
tt0060454	tvMovie	Die Geschichte des Rittmeisters Schach von Wuthenow	Die Geschichte des Rittmeisters Schach von Wuthenow	0	1966	\N	85	Drama
tt0060455	tvMovie	Gespenster	Gespenster	0	1966	\N	100	Drama
tt0060460	tvEpisode	Girl of My Dreams	Girl of My Dreams	0	1966	\N	\N	Drama
tt0060466	tvMovie	Golden Hands of Kurigal	Golden Hands of Kurigal	0	1966	\N	100	Action,Drama
tt0060470	tvEpisode	Gordon of Khartoum	Gordon of Khartoum	0	1966	\N	\N	Drama
tt0060493	tvEpisode	The Head Waiter	The Head Waiter	0	1966	\N	45	Drama
tt0060495	tvMovie	The Hecklers	The Hecklers	0	1967	\N	40	Documentary
tt0060502	tvMovie	Henry V	Henry V	0	1966	\N	\N	Drama,War
tt0060506	tvEpisode	A Hero of Our Time	A Hero of Our Time	0	1966	\N	85	Drama
tt0060523	tvMovie	Die hundertste Nacht	Die hundertste Nacht	0	1966	\N	95	Crime
tt0060530	tvMovie	Hölgyfodrász	Hölgyfodrász	0	1966	\N	\N	\N
tt0060534	tvMovie	Az igazságtevö	Az igazságtevö	0	1966	\N	\N	\N
tt0060536	tvMovie	In the Year 2889	In the Year 2889	0	1969	\N	80	Horror,Sci-Fi,Thriller
tt0060546	tvMovie	Isadora	Isadora Duncan, the Biggest Dancer in the World	0	1966	\N	65	Biography
tt0060550	tvMovie	It's the Great Pumpkin, Charlie Brown	It's the Great Pumpkin, Charlie Brown	0	1966	\N	25	Animation,Comedy,Family
tt0060556	tvEpisode	Jean Renoir le patron, 1e partie: La recherche du relatif	Jean Renoir le patron, 1e partie: La recherche du relatif	0	1967	\N	94	Documentary
tt0060567	tvEpisode	The Judge	The Judge	0	1966	\N	60	Drama
tt0060576	tvMovie	Jungle Gold	Jungle Gold	0	1966	\N	100	Adventure
tt0060595	tvMovie	The Little Prince	Der kleine Prinz	0	1966	\N	77	Fantasy
tt0060605	tvMovie	Koroshi	Koroshi	0	1968	\N	104	Action,Adventure,Thriller
tt0060607	tvMovie	Krapps sista band	Krapps sista band	0	1966	\N	\N	\N
tt0060611	tvMovie	Kvinnas man	Kvinnas man	0	1966	\N	78	Drama
tt0060634	tvEpisode	Little Master Mind	Little Master Mind	0	1966	\N	75	Drama
tt0060638	tvMovie	Lost Island of Kioga	Lost Island of Kioga	0	1966	\N	100	Adventure
tt0060642	tvMovie	Macbeth	Macbeth	0	1966	\N	104	Drama
tt0060643	tvEpisode	The Machine Stops	The Machine Stops	0	1966	\N	50	Drama,Horror,Sci-Fi
tt0060644	tvEpisode	Macready's Gala	Macready's Gala	0	1966	\N	70	Drama
tt0060656	tvEpisode	The Main Chance	The Main Chance	0	1964	\N	61	Crime,Drama,Mystery
tt0060657	tvEpisode	The Making of Jericho	The Making of Jericho	0	1966	\N	\N	Drama
tt0060663	tvEpisode	A Man Like That	A Man Like That	0	1966	\N	\N	Drama
tt0060672	tvMovie	Mars Needs Women	Mars Needs Women	0	1968	\N	83	Sci-Fi
tt0060682	tvEpisode	The Mayfly and the Frog	The Mayfly and the Frog	0	1966	\N	75	Drama
tt0060686	tvMovie	McNab's Lab	McNab's Lab	0	1966	\N	30	Comedy
tt0060703	tvMovie	Missile Base at Taniak	Missile Base at Taniak	0	1966	\N	100	Action
tt0060715	tvEpisode	Willie and the Yank: The Mosby Raiders	Willie and the Yank: The Mosby Raiders	0	1967	\N	132	Adventure,Drama,Family
tt0060727	tvEpisode	The Murderer	The Murderer	0	1966	\N	60	Drama
tt0060729	tvMovie	Myglaren	Myglaren	0	1966	\N	86	Drama
tt0060769	tvMovie	Nyoka and the Lost Secrets of Hippocrates	Nyoka and the Lost Secrets of Hippocrates	0	1966	\N	100	Action,Adventure
tt0060772	tvEpisode	O-Goshi	O-Goshi	0	1966	\N	30	Crime,Drama
tt0060778	tvMovie	Ohne festen Wohnsitz	Ohne festen Wohnsitz	0	1966	\N	65	Crime,Drama
tt0060781	tvEpisode	On the March to the Sea	On the March to the Sea	0	1966	\N	\N	Drama
tt0060803	tvMovie	Othello Gyulaházán	Othello Gyulaházán	0	1967	\N	87	Comedy
tt0060824	tvMovie	Peril from the Planet Mongo	Peril from the Planet Mongo	0	1966	\N	83	Sci-Fi
tt0060844	tvEpisode	Play to Win	Play to Win	0	1966	\N	30	Crime,Drama
tt0060848	tvMovie	The Poppy Is Also a Flower	Poppies Are Also Flowers	0	1966	\N	100	Action,Crime,Drama
tt0060854	tvMovie	Preis der Feigheit	Preis der Feigheit	0	1986	\N	105	Crime
tt0060855	tvMovie	Preis der Freiheit	Preis der Freiheit	0	1966	\N	83	Drama
tt0060860	tvMovie	The Taking of Power by Louis XIV	La Prise de pouvoir par Louis XIV	0	1966	\N	90	Biography,History
tt0060868	tvMovie	Purple Death from Outer Space	Purple Death from Outer Space	0	1966	\N	88	Sci-Fi
tt0060871	tvMovie	Pälsen	Pälsen	0	1966	\N	25	Drama
tt0060875	tvEpisode	The Queen & the Welshman	The Queen & the Welshman	0	1966	\N	90	Drama
tt0060876	tvEpisode	The Queen and Jackson	The Queen and Jackson	0	1966	\N	\N	Drama
tt0060881	tvMovie	R.C.M.P. and the Treasure of Genghis Khan	R.C.M.P. and the Treasure of Genghis Khan	0	1966	\N	100	Action
tt0060895	tvMovie	Retik, the Moon Menace	Retik the Moon Menace	0	1966	\N	100	Sci-Fi
tt0060905	tvMovie	Robert	Robert	0	1966	\N	46	\N
tt0060906	tvMovie	Robinson Crusoe of Mystery Island	Robinson Crusoe of Mystery Island	0	1966	\N	100	Adventure
tt0060929	tvMovie	Sakima and the Masked Marvel	Sakima and the Masked Marvel	0	1966	\N	100	\N
tt0060943	tvMovie	Scalplock	Scalplock	0	1966	\N	95	Drama,Western
tt0060953	tvEpisode	The Seagull	The Seagull	0	1968	\N	\N	Drama
tt0060963	tvMovie	A Separate Peace	A Separate Peace	0	1966	\N	30	Drama
tt0060969	tvMovie	Sharad of Atlantis	Sharad of Atlantis	0	1966	\N	100	Sci-Fi
tt0060974	tvMovie	The Small Joke	Shutochka	0	1966	\N	\N	Comedy
tt0060981	tvEpisode	Silent Song	Silent Song	0	1966	\N	75	Drama
tt0060990	tvMovie	Slaves of the Invisible Monster	Slaves of the Invisible Monster	0	1966	\N	100	Sci-Fi
tt0060996	tvEpisode	The Snow Ball	The Snow Ball	0	1966	\N	75	Drama
tt0061004	tvMovie	Sombra, the Spider Woman	Sombra, the Spider Woman	0	1966	\N	100	Action,Adventure,Crime
tt0061006	tvMovie	Spaceship to the Unknown	Spaceship to the Unknown	0	1966	\N	97	Sci-Fi
tt0061007	tvMovie	Die spanische Fliege	Die spanische Fliege	0	1966	\N	71	Comedy,Romance
tt0061018	tvMovie	Spy Smasher Returns	Spy Smasher Returns	0	1966	\N	100	Action,Adventure
tt0061025	tvEpisode	Der fünfte Mann	Der fünfte Mann	0	1966	\N	86	Crime,Drama,Thriller
tt0061027	tvEpisode	Where No Man Has Gone Before	Where No Man Has Gone Before	0	1966	\N	50	Action,Adventure,Sci-Fi
tt0061048	tvEpisode	The Suspect	The Suspect	0	1966	\N	60	Drama
tt0061063	tvEpisode	A Tale of Two Wives	A Tale of Two Wives	0	1966	\N	75	Drama
tt0061066	tvMovie	Target: Sea of China	Target: Sea of China	0	1966	\N	100	Adventure
tt0061100	tvEpisode	Toddler on the Run	Toddler on the Run	0	1966	\N	75	Drama
tt0061104	tvEpisode	Too Many Cooks	Too Many Cooks	0	1966	\N	50	Drama,Horror,Sci-Fi
tt0061108	tvMovie	Torpedo of Doom	Torpedo of Doom	0	1966	\N	100	Action,Drama,Mystery
tt0061110	tvEpisode	The Towers of Manhattan	The Towers of Manhattan	0	1966	\N	30	Crime,Drama
tt0061129	tvEpisode	The Twelfth Hour	The Twelfth Hour	0	1966	\N	\N	Drama
tt0061131	tvMovie	U-238 and the Witch Doctor	U-238 and the Witch Doctor	0	1966	\N	100	Adventure
tt0061143	tvEpisode	Nichts dazugelernt	Nichts dazugelernt	0	1966	\N	89	Drama
tt0061145	tvEpisode	Up and Down	Up and Down	0	1966	\N	\N	Drama
tt0061148	tvMovie	Valley of Mystery	Valley of Mystery	0	1967	\N	94	Action,Adventure
tt0061171	tvEpisode	A Walk in the Sea	A Walk in the Sea	0	1966	\N	75	Drama
tt0061172	tvEpisode	Walk's End	Walk's End	0	1966	\N	50	Drama,Horror,Sci-Fi
tt0061178	tvEpisode	Where the Buffalo Roam	Where the Buffalo Roam	0	1966	\N	75	Drama
tt0061185	tvEpisode	Who's a Good Boy Then?	Who's a Good Boy Then?	0	1966	\N	75	Drama
tt0061187	tvEpisode	The Widower	The Widower	0	1966	\N	60	Drama
tt0061188	tvMovie	Wie in schlechten Romanen	Wie in schlechten Romanen	0	1964	\N	40	Drama
tt0061195	tvShort	Wilhelm von Kobell	Wilhelm von Kobell	0	1966	\N	16	Short
tt0061201	tvMovie	Wo blieb Friedrich Weisgerber?	Wo blieb Friedrich Weisgerber?	0	1966	\N	55	Thriller
tt0061202	tvMovie	Wo wir fröhlich gewesen sind	Wo wir fröhlich gewesen sind	0	1966	\N	120	Comedy
tt0061217	tvMovie	Zontar: The Thing from Venus	Zontar: The Thing from Venus	0	1967	\N	80	Horror,Sci-Fi
tt0061231	tvEpisode	Alfred of the Amazon	Alfred of the Amazon	0	1967	\N	30	Comedy,Crime,Drama
tt0061246	tvMovie	The Diary of Anne Frank	The Diary of Anne Frank	0	1967	\N	124	Drama
tt0061251	tvMiniSeries	Flucht ohne Ausweg	Flucht ohne Ausweg	0	1967	\N	235	Crime
tt0061290	tvMovie	Der Reichstagsbrandprozess	Der Reichstagsbrandprozess	0	1967	\N	195	Drama,History
tt0061292	tvMiniSeries	Treasure Island	Die Schatzinsel	0	1966	1967	85	Adventure,Family
tt0061295	tvMovie	Sieben Wochen auf dem Eis	Sieben Wochen auf dem Eis	0	1967	\N	175	Adventure,History
tt0061305	tvMiniSeries	Der Tod läuft hinterher	Der Tod läuft hinterher	0	1967	1967	75	Action,Crime,Thriller
tt0061312	tvEpisode	10 Kisten Whisky	10 Kisten Whisky	0	1967	\N	92	Crime,Thriller
tt0061326	tvMovie	Abgründe	Abgründe	0	1967	\N	46	\N
tt0061327	tvEpisode	An Absolute Treasure	An Absolute Treasure	0	1967	\N	30	Crime,Drama
tt0061347	tvMovie	Der Alte	Der Alte	0	1967	\N	105	Drama
tt0061348	tvEpisode	Am Rande der Manege	Am Rande der Manege	0	1967	\N	74	Crime,Thriller
tt0061355	tvMovie	Androcles and the Lion	Androcles and the Lion	0	1967	\N	150	Musical
tt0061361	tvEpisode	Another Moon Called Earth	Another Moon Called Earth	0	1967	\N	30	Crime,Drama
tt0061371	tvMovie	Das ausgefüllte Leben des Alexander Dubronski	Das ausgefüllte Leben des Alexander Dubronski	0	1967	\N	94	Comedy,Drama
tt0061392	tvEpisode	The Beetle Hunter	The Beetle Hunter	0	1967	\N	\N	Drama
tt0061413	tvEpisode	Boa Constrictor	Boa Constrictor	0	1967	\N	30	Crime,Drama
tt0061419	tvMovie	The Borgia Stick	The Borgia Stick	0	1967	\N	120	Crime,Drama,Thriller
tt0061422	tvEpisode	A Boy Called Nuthin': Part 1	A Boy Called Nuthin': Part 1	0	1967	\N	60	Adventure,Drama,Family
tt0061423	tvMovie	Bratkartoffeln inbegriffen	Bratkartoffeln inbegriffen	0	1967	\N	105	Drama
tt0061425	tvEpisode	The Brown Hand	The Brown Hand	0	1967	\N	\N	Drama
tt0061430	tvEpisode	The Burning Bush	The Burning Bush	0	1967	\N	\N	Drama
tt0061440	tvShort	Il campione	Il campione	0	1967	\N	\N	Short
tt0061466	tvEpisode	The Chemistry of Love	The Chemistry of Love	0	1967	\N	\N	Drama
tt0061491	tvMovie	Code Name: Heraclitus	Code Name: Heraclitus	0	1967	\N	60	Thriller
tt0061496	tvMovie	Prescription: Murder	Prescription: Murder	0	1968	\N	100	Crime,Drama,Mystery
tt0061505	tvMovie	Companions in Nightmare	Companions in Nightmare	0	1968	\N	100	Drama,Mystery
tt0061521	tvMovie	Cosa Nostra, Arch Enemy of the FBI	Cosa Nostra, Arch Enemy of the FBI	0	1967	\N	93	Crime,Drama,Thriller
tt0061527	tvEpisode	Crabbe's Practice	Crabbe's Practice	0	1967	\N	\N	Drama
tt0061533	tvEpisode	The Croxley Master	The Croxley Master	0	1967	\N	\N	Drama
tt0061534	tvMovie	The Crucible	The Crucible	0	1967	\N	135	Drama,History
tt0061544	tvEpisode	The Cupboard	The Cupboard	0	1967	\N	\N	Drama
tt0061552	tvEpisode	Dante's Inferno	Dante's Inferno	0	1967	\N	90	Biography,Documentary,Music
tt0061554	tvEpisode	Days in the Trees	Days in the Trees	0	1967	\N	85	Drama
tt0061564	tvEpisode	The Devil a Monk Would Be	The Devil a Monk Would Be	0	1967	\N	75	Drama
tt0061602	tvMovie	Ein Duft von Blumen	Ein Duft von Blumen	0	1967	\N	85	Drama
tt0061609	tvMovie	Dürrenmatt inszeniert Frank V.	Dürrenmatt inszeniert Frank V.	0	1967	\N	40	Documentary
tt0061615	tvMovie	Egy nap a paradicsomban	Egy nap a paradicsomban	0	1967	\N	49	\N
tt0061638	tvMovie	Das Fahrrad	Das Fahrrad	0	1965	\N	70	Drama
tt0061639	tvEpisode	Failpass	Failpass	0	1967	\N	30	Crime,Drama
tt0061642	tvEpisode	Fall of the Goat	Fall of the Goat	0	1967	\N	75	Drama
tt0061644	tvEpisode	The Fantasist	The Fantasist	0	1967	\N	\N	Drama
tt0061651	tvMovie	Fastentage in Griechenland	Fastentage in Griechenland	0	1967	\N	45	Documentary
tt0061666	tvEpisode	Firebrand	Firebrand	0	1967	\N	\N	Drama
tt0061672	tvMovie	Die fixe Idee	Die fixe Idee	0	1967	\N	60	\N
tt0061677	tvMovie	A Flea in Her Ear	A Flea in Her Ear	0	1967	\N	94	Comedy
tt0061679	tvMovie	Ein Florentiner Hut	Ein Florentiner Hut	0	1967	\N	90	Comedy,Music
tt0061682	tvMovie	Frank V. - Die Oper einer Privatbank	Frank V. - Die Oper einer Privatbank	0	1967	\N	115	Comedy
tt0061689	tvMovie	Das Fräulein	Das Fräulein	0	1967	\N	95	Drama
tt0061690	tvMovie	Frühling in Baden-Baden	Frühling in Baden-Baden	0	1967	\N	90	Comedy,Music
tt0061713	tvEpisode	Girls in Uniform	Girls in Uniform	0	1967	\N	\N	Drama
tt0061721	tvEpisode	The Gorge	The Gorge	0	1968	\N	75	Drama
tt0061760	tvEpisode	Henry IV	Henry IV	0	1967	\N	\N	Drama
tt0061779	tvMovie	Hondo and the Apaches	Hondo and the Apaches	0	1967	\N	85	Drama,Western
tt0061788	tvMovie	How I Spent My Summer Vacation	How I Spent My Summer Vacation	0	1967	\N	100	Adventure,Drama,Mystery
tt0061794	tvMovie	The Human Voice	The Human Voice	0	1966	\N	50	Drama
tt0061813	tvEpisode	The Magicians: The Incantation of Casanova	The Magicians: The Incantation of Casanova	0	1967	\N	\N	Drama
tt0061823	tvMovie	Ironside	Ironside	0	1967	\N	98	Crime,Drama
tt0061825	tvEpisode	The Isle Is Full of Noises	The Isle Is Full of Noises	0	1967	\N	30	Crime,Drama
tt0061830	tvMovie	Jack and the Beanstalk	Jack and the Beanstalk	0	1967	\N	51	Animation,Family,Fantasy
tt0061848	tvMovie	Josephine	Josephine	0	1967	\N	70	Drama,History
tt0061857	tvMovie	Der Kaktusgarten	Der Kaktusgarten	0	1967	\N	90	\N
tt0061860	tvMiniSeries	Kenilworth	Kenilworth	0	1967	\N	45	Drama,History,Romance
tt0061871	tvEpisode	Kittens Are Brave	Kittens Are Brave	0	1967	\N	\N	Drama
tt0061872	tvMovie	Das kleine Teehaus	Das kleine Teehaus	0	1967	\N	102	Drama
tt0061895	tvMovie	Il latitante	Il latitante	0	1967	\N	50	Comedy
tt0061901	tvEpisode	Leave Me Alone	Leave Me Alone	0	1967	\N	30	Crime,Drama
tt0061915	tvEpisode	Long After Summer	Long After Summer	0	1967	\N	50	Romance
tt0061917	tvMovie	The Longest Hundred Miles	The Longest Hundred Miles	0	1967	\N	100	Drama,War
tt0061918	tvMovie	Lord Arthur Saviles Verbrechen	Lord Arthur Saviles Verbrechen	0	1967	\N	80	Crime
tt0061921	tvEpisode	Love with a Few Hairs	Love with a Few Hairs	0	1967	\N	\N	Romance
tt0061937	tvMovie	Magical Mystery Tour	Magical Mystery Tour	0	1967	\N	55	Comedy,Fantasy,Musical
tt0061940	tvEpisode	A Magnum for Schneider	A Magnum for Schneider	0	1967	\N	60	Drama
tt0061951	tvMovie	Der Mann aus dem Bootshaus	Der Mann aus dem Bootshaus	0	1967	\N	75	Thriller
tt0061962	tvMovie	Bad Men of the West	The Meanest Men in the West	0	1974	\N	91	Drama,Western
tt0061965	tvEpisode	The Memorandum	The Memorandum	0	1967	\N	\N	Drama
tt0061967	tvEpisode	Message for Posterity	Message for Posterity	0	1967	\N	79	Drama
tt0061991	tvEpisode	The Moon and Sixpence	The Moon and Sixpence	0	1967	\N	\N	Drama
tt0061998	tvMovie	The Movie Maker	The Movie Maker	0	1964	\N	91	Drama
tt0062000	tvMovie	Much Ado About Nothing	Much Ado About Nothing	0	1967	\N	125	Comedy,Romance
tt0062062	tvMovie	Oberst Chabert	Oberst Chabert	0	1966	\N	90	Drama
tt0062066	tvEpisode	An Officer of the Court	An Officer of the Court	0	1967	\N	75	Drama
tt0062072	tvEpisode	Oldenberg	Oldenberg	0	1967	\N	30	Crime,Drama
tt0062074	tvEpisode	On the Eve of Publication	On the Eve of Publication	0	1968	\N	55	Drama
tt0062079	tvMiniSeries	Operatsiya «Trest»	Operatsiya «Trest»	0	1968	1968	288	Adventure,Drama,History
tt0062081	tvEpisode	The Order	The Order	0	1967	\N	75	Drama
tt0062085	tvMovie	The Other World of Winston Churchill	The Other World of Winston Churchill	0	1964	\N	51	Biography,Documentary
tt0062090	tvMovie	The Outsider	The Outsider	0	1967	\N	120	Crime,Drama
tt0062093	tvMovie	Palme im Rosengarten	Palme im Rosengarten	0	1967	\N	87	Drama
tt0062095	tvEpisode	The Parachute	The Parachute	0	1968	\N	77	Drama
tt0062134	tvEpisode	Play with a Tiger	Play with a Tiger	0	1967	\N	\N	Drama
tt0062158	tvEpisode	The Profile of a Gentleman	The Profile of a Gentleman	0	1967	\N	75	Drama
tt0062170	tvEpisode	Quite an Ordinary Knife	Quite an Ordinary Knife	0	1967	\N	\N	Drama
tt0062172	tvEpisode	R.S.V.P.	R.S.V.P.	0	1967	\N	30	Crime,Drama
tt0062176	tvEpisode	The Raging Moon	The Raging Moon	0	1967	\N	\N	Romance
tt0062214	tvEpisode	Romeo and Juliet	Romeo and Juliet	0	1967	\N	\N	Drama
tt0062226	tvMovie	Saint Joan	Saint Joan	0	1967	\N	120	Biography,Drama
tt0062239	tvMovie	The Scorpio Letters	The Scorpio Letters	0	1967	\N	97	Crime,Thriller
tt0062280	tvEpisode	A Slight Ache	A Slight Ache	0	1967	\N	58	Drama
tt0062284	tvMovie	Soldier in Love	Soldier in Love	0	1967	\N	76	Drama
tt0062303	tvEpisode	Stan's Day Out	Stan's Day Out	0	1967	\N	\N	Drama
tt0062304	tvMovie	The Star Wagon	The Star Wagon	0	1966	\N	150	Comedy
tt0062309	tvMovie	Stranger on the Run	Stranger on the Run	0	1967	\N	97	Drama,Thriller,Western
tt0062318	tvMovie	Sullivan's Empire	Sullivan's Empire	0	1967	\N	85	Adventure
tt0062326	tvMovie	A százegyedik szenátor I	A százegyedik szenátor I	0	1967	\N	106	Crime,Drama
tt0062327	tvMovie	A százegyedik szenátor II	A százegyedik szenátor II	0	1967	\N	\N	Crime,Drama
tt0062328	tvMovie	A százegyedik szenátor III	A százegyedik szenátor III	0	1967	\N	\N	Crime,Drama
tt0062344	tvEpisode	Taste	Taste	0	1967	\N	30	Crime,Drama
tt0062348	tvEpisode	Teeth	Teeth	0	1967	\N	30	Crime,Drama
tt0062381	tvMovie	Tonys Freunde	Tonys Freunde	0	1969	\N	90	Musical
tt0062390	tvMovie	Die Trennung	Die Trennung	0	1967	\N	70	Drama
tt0062394	tvMovie	Der Trinker	Der Trinker	0	1967	\N	100	Drama
tt0062404	tvMovie	Il tuttofare	Il tuttofare	0	1967	\N	104	Comedy
tt0062406	tvEpisode	Two and Two Make Twenty Two	Two and Two Make Twenty Two	0	1967	\N	30	Crime,Drama
tt0062415	tvMovie	Umsonst	Umsonst	0	1967	\N	120	Drama
tt0062419	tvShort	Undici immigrati	Undici immigrati	0	1967	\N	10	Documentary,Short
tt0062423	tvEpisode	...und ihr Optimismus	...und ihr Optimismus	0	1967	\N	84	Drama
tt0062435	tvMovie	Verbrechen mit Vorbedacht	Verbrechen mit Vorbedacht	0	1967	\N	75	Crime,Drama
tt0062469	tvEpisode	Wanted	Wanted	0	1967	\N	30	Crime,Drama
tt0062471	tvEpisode	Wanted: Single Gentleman	Wanted: Single Gentleman	0	1967	\N	75	Drama
tt0062476	tvEpisode	The Waste Spaces	The Waste Spaces	0	1967	\N	\N	Comedy,Drama
tt0062495	tvEpisode	The Willow House School	The Willow House School	0	1967	\N	\N	Drama
tt0062496	tvMovie	Winchester '73	Winchester 73	0	1967	\N	97	Drama,Western
tt0062497	tvMovie	Wings of Fire	Wings of Fire	0	1967	\N	99	Drama
tt0062498	tvMovie	Wirb oder stirb	Wirb oder stirb	0	1968	\N	54	\N
tt0062500	tvMovie	The Wizard of Oz	The Wizard of Oz	0	1967	\N	\N	Comedy,Fantasy,Romance
tt0062513	tvShort	You're in Love, Charlie Brown	You're in Love, Charlie Brown	0	1967	\N	30	Animation,Comedy,Family
tt0062526	tvMovie	Zug der Zeit	Zug der Zeit	0	1967	\N	88	Drama
tt0062542	tvMiniSeries	Babeck	Babeck	0	1968	1968	60	Crime,Drama
tt0062579	tvMovie	The Legend of Robin Hood	The Legend of Robin Hood	0	1968	\N	90	Action,Adventure,Musical
tt0062581	tvMovie	Madame Bovary	Madame Bovary	0	1968	\N	155	Drama
tt0062584	tvMiniSeries	Ein Mann namens Harry Brent	Ein Mann namens Harry Brent	0	1968	\N	186	Action,Adventure,Crime
tt0062586	tvMiniSeries	Markurells i Wadköping	Markurells i Wadköping	0	1968	1969	55	Drama
tt0062603	tvEpisode	Something to Hide: The First Floor	Something to Hide: The First Floor	0	1968	\N	30	Crime,Drama
tt0062607	tvMiniSeries	Tom Sawyers und Huckleberry Finns Abenteuer	Tom Sawyers und Huckleberry Finns Abenteuer	0	1968	1968	360	Action,Adventure,Family
tt0062610	tvMiniSeries	Wege übers Land	Wege übers Land	0	1968	1968	438	Drama,War
tt0062627	tvMovie	69 Murder - The Blood Relation	69 Murder - The Blood Relation	0	1968	\N	\N	\N
tt0062651	tvMovie	All's Well That Ends Well	All's Well That Ends Well	0	1968	\N	\N	Comedy,Romance
tt0062654	tvMovie	Altaich	Altaich	0	1968	\N	95	Drama
tt0062672	tvEpisode	Anyone for Tennis?	Anyone for Tennis?	0	1968	\N	75	Drama
tt0062689	tvMiniSeries	The Leatherstocking Tales	Die Lederstrumpferzählungen	0	1969	1969	380	Adventure,Drama,Western
tt0062717	tvEpisode	A Beast with Two Backs	A Beast with Two Backs	0	1968	\N	71	Drama
tt0062720	tvEpisode	Before Breakfast	Before Breakfast	0	1968	\N	30	Crime,Drama
tt0062721	tvMovie	Bel Ami	Bel Ami	0	1968	\N	215	Drama,Romance
tt0062723	tvMovie	Die Benachrichtigung	Die Benachrichtigung	0	1968	\N	70	Comedy,Drama
tt0062735	tvEpisode	Black Exchange	Black Exchange	0	1968	\N	\N	Comedy,Drama,Musical
tt0062738	tvMovie	Der blaue Strohhut	Der blaue Strohhut	0	1968	\N	77	Drama
tt0062749	tvMovie	Bombenwalzer	Bombenwalzer	0	1968	\N	120	Drama
tt0062750	tvEpisode	The Bonegrinder	The Bonegrinder	0	1968	\N	78	Comedy,Drama
tt0062756	tvEpisode	Braddock	Braddock	0	1968	\N	30	Drama
tt0062775	tvEpisode	La canción del olvido	La canción del olvido	0	1969	\N	120	Musical
tt0062788	tvMovie	The Challengers	The Challengers	0	1970	\N	120	Drama,Sport
tt0062791	tvEpisode	Charlie	Charlie	0	1968	\N	75	Drama
tt0062795	tvEpisode	The Chequers Manoeuvre	The Chequers Manoeuvre	0	1968	\N	30	Crime,Drama
tt0062811	tvEpisode	Coincidence	Coincidence	0	1968	\N	70	Drama
tt0062835	tvEpisode	Cross Examine	Cross Examine	0	1968	\N	30	Crime,Drama
tt0062842	tvMovie	Cuore di mamma	Cuore di mamma	0	1988	\N	97	Drama
tt0062843	tvEpisode	The Curse of the Donkins	The Curse of the Donkins	0	1968	\N	\N	Drama
tt0062845	tvEpisode	Cyrano de Bergerac	Cyrano de Bergerac	0	1968	\N	\N	Drama
tt0062854	tvEpisode	The Pacific War	Daitôa sensô	0	1968	\N	98	Documentary
tt0062908	tvMovie	The Strange Case of Dr. Jekyll and Mr. Hyde	The Strange Case of Dr. Jekyll and Mr. Hyde	0	1968	\N	120	Drama,Horror,Sci-Fi
tt0062910	tvEpisode	The Drummer and the Bloke	The Drummer and the Bloke	0	1968	\N	70	Drama
tt0062924	tvMovie	Effi Briest	Effi Briest	0	1970	\N	125	Drama
tt0062927	tvMovie	Einer fehlt beim Kurkonzert	Einer fehlt beim Kurkonzert	0	1968	\N	75	Crime,Drama,Mystery
tt0062939	tvMovie	Escape to Mindanao	Escape to Mindanao	0	1968	\N	100	Drama,War
tt0062953	tvMovie	Fade In	Fade In	0	1973	\N	93	Drama,Romance,Western
tt0062954	tvEpisode	The Fall of Kelvin Walker	The Fall of Kelvin Walker	0	1968	\N	\N	Drama
tt0062956	tvEpisode	The Fanatics	The Fanatics	0	1968	\N	\N	Drama
tt0062971	tvMovie	Filmstunde	Filmstunde	0	1968	\N	110	Documentary
tt0062999	tvEpisode	Game, Set and Match	Game, Set and Match	0	1968	\N	30	Crime,Drama
tt0063001	tvMovie	Ganze Tage in den Bäumen	Ganze Tage in den Bäumen	0	1968	\N	85	Drama
tt0063021	tvEpisode	Las golondrinas	Las golondrinas	0	1972	\N	100	Musical
tt0063022	tvMovie	Good Evening Dear Husband: A Duel	Aisaikun konban wa: Aru kettou	0	1968	\N	25	\N
tt0063046	tvEpisode	Cocoon	Cocoon	0	1968	\N	97	Crime,Drama,Mystery
tt0063047	tvEpisode	Hay Fever	Hay Fever	0	1968	\N	90	Drama
tt0063048	tvShort	He's Your Dog, Charlie Brown	He's Your Dog, Charlie Brown	0	1968	\N	24	Animation,Comedy,Family
tt0063051	tvMovie	Heidi	Heidi	0	1968	\N	105	Drama,Family
tt0063055	tvMovie	Hell Raiders	Hell Raiders	0	1969	\N	80	Drama,War
tt0063076	tvMovie	Der holledauer Schimmel	Der holledauer Schimmel	0	1968	\N	115	Comedy
tt0063078	tvEpisode	Home Sweet Honeycomb	Home Sweet Honeycomb	0	1968	\N	\N	Drama
tt0063100	tvEpisode	How to Irritate People	How to Irritate People	0	1969	\N	68	Talk-Show
tt0063127	tvMovie	The Immortal Story	Une histoire immortelle	0	1968	\N	58	Drama
tt0063143	tvMovie	Istanbul Express	Istanbul Express	0	1968	\N	100	Adventure,Crime,Drama
tt0063145	tvMovie	It's Alive!	'It's Alive!'	0	1969	\N	80	Horror,Sci-Fi
tt0063150	tvEpisode	Jamie, on a Flying Visit	Jamie, on a Flying Visit	0	1968	\N	65	Drama
tt0063187	tvEpisode	The Kiss of Blood	The Kiss of Blood	0	1968	\N	25	Drama,Horror,Mystery
tt0063189	tvMovie	Knüpfe das Netz nach dem Fisch	Knüpfe das Netz nach dem Fisch	0	1968	\N	65	Drama
tt0063199	tvMovie	Kraft des Gesetzes	Kraft des Gesetzes	0	1968	\N	90	Drama
tt0063207	tvMovie	König Richard II	König Richard II	0	1968	\N	140	Drama
tt0063209	tvEpisode	The Lady Is a Liar	The Lady Is a Liar	0	1968	\N	90	Drama
tt0063220	tvMovie	The Legend of Silent Night	The Legend of Silent Night	0	1968	\N	120	Drama
tt0063230	tvMovie	The Little Drummer Boy	The Little Drummer Boy	0	1968	\N	25	Animation,Drama,Family
tt0063235	tvEpisode	Lonely Road	Lonely Road	0	1968	\N	\N	Comedy,Drama,Musical
tt0063264	tvEpisode	The Male Animal	The Male Animal	0	1968	\N	\N	Drama
tt0063266	tvEpisode	Man and Superman	Man and Superman	0	1968	\N	\N	Drama
tt0063280	tvEpisode	Maruxa	Maruxa	0	1972	\N	82	Musical
tt0063282	tvMovie	Match	Match	0	1969	\N	83	Comedy
tt0063284	tvEpisode	A Matter of Principle	A Matter of Principle	0	1968	\N	30	Crime,Drama
tt0063290	tvMovie	Meinungsverschiedenheiten	Meinungsverschiedenheiten	0	1968	\N	95	Drama
tt0063295	tvMovie	Der Meteor	Der Meteor	0	1968	\N	110	Drama
tt0063298	tvEpisode	A Midsummer Night's Dream	A Midsummer Night's Dream	0	1964	\N	\N	Comedy,Drama
tt0063300	tvMovie	Mighty Jack	Mighty Jack	0	1968	\N	95	Action,Sci-Fi
tt0063302	tvEpisode	Mille miglia	Mille miglia	0	1968	\N	70	Drama
tt0063324	tvMovie	A Movable Scene	A Movable Scene	0	1970	\N	22	Documentary
tt0063327	tvEpisode	Murphy's Law	Murphy's Law	0	1968	\N	\N	Drama
tt0063343	tvEpisode	The News-Benders	The News-Benders	0	1968	\N	30	Crime,Drama
tt0063349	tvEpisode	A Night with Mrs. Da Tanka	A Night with Mrs. Da Tanka	0	1968	\N	75	Drama
tt0063355	tvEpisode	No Such Thing as a Vampire	No Such Thing as a Vampire	0	1968	\N	25	Drama,Horror,Mystery
tt0063367	tvEpisode	Nothing Will Be the Same	Nothing Will Be the Same	0	1968	\N	60	Drama
tt0063368	tvMovie	Novemberverbrecher - Eine Erinnerung	Novemberverbrecher - Eine Erinnerung	0	1968	\N	132	Documentary,Drama,History
tt0063377	tvEpisode	Of Public Concern	Of Public Concern	0	1968	\N	30	Crime,Drama
tt0063381	tvEpisode	Whistle and I'll Come to You	Whistle and I'll Come to You	0	1968	\N	42	Biography,Documentary,Music
tt0063424	tvMovie	Pervaya lyubov	Pervaya lyubov	0	1969	\N	76	Drama,History,Romance
tt0063438	tvEpisode	The Pistol Shot	The Pistol Shot	0	1968	\N	\N	Drama
tt0063448	tvMovie	Portret van Anton Adriaan Mussert	Portret van Anton Adriaan Mussert	0	1970	\N	50	Documentary
tt0063449	tvEpisode	Post Mortem	Post Mortem	0	1968	\N	\N	Comedy,Drama,Musical
tt0063455	tvEpisode	Present Laughter	Present Laughter	0	1967	\N	100	Comedy,Drama
tt0063457	tvEpisode	The Princess	The Princess	0	1968	\N	50	Comedy,Drama,Musical
tt0063460	tvEpisode	A Private Place	A Private Place	0	1968	\N	30	Crime,Drama
tt0063468	tvShort	Przekladaniec	Przekladaniec	0	1968	\N	35	Comedy,Sci-Fi,Short
tt0063481	tvEpisode	A Question of Honour	A Question of Honour	0	1968	\N	30	Crime,Drama
tt0063507	tvMovie	The Rise and Fall of the Third Reich	The Rise and Fall of the Third Reich	0	1968	\N	180	Documentary,History,War
tt0063546	tvMovie	Ein Sarg für Mr. Holloway	Ein Sarg für Mr. Holloway	0	1968	\N	105	Crime
tt0063561	tvMovie	Schichtwechsel	Schichtwechsel	0	1968	\N	68	Drama
tt0063562	tvMovie	Die Schlacht bei Lobositz	Die Schlacht bei Lobositz	0	1968	\N	120	Drama,War
tt0063566	tvEpisode	Schrott	Schrott	0	1968	\N	85	Crime,Thriller
tt0063578	tvMovie	Selbstbedienung	Selbstbedienung	0	1967	\N	90	Crime
tt0063579	tvMovie	Sem starikov i odna devushka	Sem starikov i odna devushka	0	1969	\N	81	Comedy,Musical
tt0063588	tvMovie	Shadow Over Elveron	Shadow Over Elveron	0	1968	\N	106	Crime,Drama,Thriller
tt0063589	tvMovie	Shadow on the Land	Shadow on the Land	0	1968	\N	100	Action,Drama,Sci-Fi
tt0063590	tvEpisode	Shaggy Dog	Shaggy Dog	0	1968	\N	51	Drama
tt0063617	tvMovie	The Smugglers	The Smugglers	0	1968	\N	97	Crime,Drama,Mystery
tt0063625	tvMovie	Something for a Lonely Man	Something for a Lonely Man	0	1968	\N	120	Drama,Western
tt0063628	tvEpisode	Song of Summer	Song of Summer	0	1968	\N	74	Biography,Documentary,Music
tt0063629	tvMovie	The Sound of Anger	The Sound of Anger	0	1968	\N	100	Crime,Drama
tt0063635	tvMovie	Split Second to an Epitaph	Split Second to an Epitaph	0	1968	\N	120	Crime,Drama,Mystery
tt0063637	tvEpisode	Spoiled	Spoiled	0	1968	\N	75	Drama
tt0063639	tvEpisode	St. Joan	St. Joan	0	1968	\N	\N	Drama
tt0063641	tvEpisode	Ein Toter zuviel	Ein Toter zuviel	0	1968	\N	82	Crime,Drama,Thriller
tt0063645	tvEpisode	Still Death	Still Death	0	1968	\N	30	Crime,Drama
tt0063657	tvMovie	The Sunshine Patriot	The Sunshine Patriot	0	1968	\N	120	Drama
tt0063659	tvEpisode	The Swallow's Nest	The Swallow's Nest	0	1968	\N	\N	Drama
tt0063676	tvEpisode	The Tempest	The Tempest	0	1968	\N	\N	Drama
tt0063686	tvEpisode	Thibaud the Crusader	Les deux croix	0	1969	\N	25	Action,Adventure
tt0063692	tvMovie	The Three Princes	The Three Princes	0	1968	\N	60	\N
tt0063702	tvEpisode	To See How Far It Is	To See How Far It Is	0	1968	\N	75	Drama
tt0063703	tvMovie	Der Tod des Handlungsreisenden	Der Tod des Handlungsreisenden	0	1968	\N	125	Drama
tt0063706	tvEpisode	Toggle	Toggle	0	1968	\N	75	Drama
tt0063711	tvMovie	Tragödie auf der Jagd	Tragödie auf der Jagd	0	1968	\N	95	Drama
tt0063712	tvMovie	Tramp oder der einzige und unvergleichliche Lenny Jacobsen	Tramp oder der einzige und unvergleichliche Lenny Jacobsen	0	1968	\N	74	\N
tt0063720	tvMovie	Trilogy: The American Boy	Trilogy: The American Boy	0	1968	\N	\N	\N
tt0063743	tvEpisode	...und ihre Sorgen	...und ihre Sorgen	0	1968	\N	105	Drama
tt0063744	tvMovie	Unwiederbringlich	Unwiederbringlich	0	1968	\N	110	Drama
tt0063749	tvEpisode	Up at the Villa	Up at the Villa	0	1968	\N	\N	Romance
tt0063767	tvMovie	Verteufelte Zeiten	Verteufelte Zeiten	0	1968	\N	115	Comedy
tt0063795	tvEpisode	Waters of the Moon	Waters of the Moon	0	1968	\N	90	Drama
tt0063810	tvMovie	Die Wilde	Die Wilde	0	1968	\N	100	Drama
tt0063815	tvEpisode	Wind Versus Polygamy	Wind Versus Polygamy	0	1968	\N	75	Drama
tt0063817	tvEpisode	Winner Take All	Winner Take All	0	1968	\N	\N	Comedy,Drama,Musical
tt0063826	tvMovie	The Young Loner	The Young Loner	0	1968	\N	95	Drama
tt0063836	tvMovie	Der Zauberberg	Der Zauberberg	0	1968	\N	\N	Drama
tt0063864	tvMovie	Absolute Aggers and Torters	Absolute Aggers and Torters	0	1969	\N	30	Drama
tt0063898	tvMiniSeries	Flucht aus der Hölle	Flucht aus der Hölle	0	1960	1960	238	Crime,Thriller
tt0063906	tvMiniSeries	Goya	Goya	0	1969	\N	190	Biography,Drama
tt0063914	tvMiniSeries	Phantom India	L'Inde fantôme	0	1969	\N	378	Documentary
tt0063947	tvMiniSeries	Rendezvous mit Unbekannt	Rendezvous mit Unbekannt	0	1969	\N	25	Crime
tt0063963	tvMiniSeries	Ugryum-reka	Ugryum-reka	0	1969	\N	316	Drama
tt0063973	tvSpecial	33 1/3 Revolutions Per Monkee	33 1/3 Revolutions Per Monkee	0	1969	\N	60	Music
tt0063997	tvMovie	Al Capone im deutschen Wald	Al Capone im deutschen Wald	0	1969	\N	135	Drama
tt0063999	tvShort	Alarm	Alarm	0	1969	\N	30	Drama,Short
tt0064012	tvMovie	Amerika oder der Verschollene	Amerika oder der Verschollene	0	1969	\N	85	Drama
tt0064025	tvMovie	Anatomy of a Crime	Anatomy of a Crime	0	1969	\N	120	Crime,Drama
tt0064034	tvMovie	Any Second Now	Any Second Now	0	1969	\N	95	Crime,Drama
tt0064042	tvMovie	Arsenic and Old Lace	Arsenic and Old Lace	0	1969	\N	90	Comedy
tt0064050	tvMovie	Der Attentäter	Der Attentäter	0	1969	\N	90	Drama,History,War
tt0064053	tvMiniSeries	Lagardère	Lagardère	0	1967	1967	52	Adventure
tt0064058	tvEpisode	The Back of Beyond	The Back of Beyond	0	1969	\N	50	Drama
tt0064061	tvMovie	The Ballad of Andy Crocker	The Ballad of Andy Crocker	0	1969	\N	74	Drama
tt0064077	tvEpisode	Before the Party	Before the Party	0	1969	\N	50	Drama
tt0064090	tvEpisode	Birthday	Birthday	0	1969	\N	75	Drama
tt0064093	tvMovie	Black Water Gold	Black Water Gold	0	1970	\N	73	Adventure,Drama
tt0064097	tvEpisode	Blood of the Lamb	Blood of the Lamb	0	1969	\N	80	Drama
tt0064102	tvEpisode	Bohemios	Bohemios	0	1972	\N	125	Musical
tt0064108	tvMovie	Brandstifter	Brandstifter	0	1969	\N	65	Crime
tt0064135	tvMovie	Carter's Army	Carter's Army	0	1970	\N	70	Drama,War
tt0064138	tvEpisode	A Casual Affair	A Casual Affair	0	1969	\N	50	Drama
tt0064163	tvEpisode	A Child and a Half	A Child and a Half	0	1969	\N	75	Drama
tt0064166	tvMovie	Christoph Kolumbus oder Die Entdeckung Amerikas	Christoph Kolumbus oder Die Entdeckung Amerikas	0	1969	\N	90	History
tt0064173	tvEpisode	Close the Coalhouse Door	Close the Coalhouse Door	0	1969	\N	80	Drama
tt0064174	tvEpisode	Collector's Item	Collector's Item	0	1969	\N	50	Sci-Fi
tt0064184	tvEpisode	Conversation at Night	Conversation at Night	0	1969	\N	30	Crime,Drama
tt0064187	tvEpisode	The Creative Impulse	The Creative Impulse	0	1969	\N	50	Drama
tt0064198	tvMovie	Cutter's Trail	Cutter's Trail	0	1970	\N	100	Drama,Western
tt0064206	tvMovie	D.A.: Murder One	D.A.: Murder One	0	1969	\N	120	Crime,Drama
tt0064211	tvMovie	Daughter of the Mind	Daughter of the Mind	0	1969	\N	90	Horror,Thriller
tt0064214	tvEpisode	Deadlock	Deadlock	0	1969	\N	100	Drama
tt0064229	tvMovie	Destiny of a Spy	Destiny of a Spy	0	1969	\N	120	Drama
tt0064234	tvMovie	Dial Hot Line	Dial Hot Line	0	1970	\N	98	Drama
tt0064257	tvMovie	Dragnet 1966	Dragnet 1966	0	1969	\N	100	Crime,Drama,Thriller
tt0064262	tvShort	3 amerikanische LP's	3 amerikanische LP's	0	1969	\N	13	Music,Short
tt0064264	tvMovie	Drive Hard, Drive Fast	Drive Hard, Drive Fast	0	1970	\N	120	Adventure,Drama
tt0064286	tvMovie	Der Engel im Visier	Der Engel im Visier	0	1969	\N	70	Documentary
tt0064289	tvEpisode	The English Boy	The English Boy	0	1969	\N	\N	Drama
tt0064291	tvMovie	Die Entwaffnung	Die Entwaffnung	0	1968	\N	65	\N
tt0064292	tvEpisode	Episode	Episode	0	1969	\N	50	Drama
tt0064304	tvEpisode	Exklusiv!	Exklusiv!	0	1971	\N	98	Crime,Drama
tt0064309	tvEpisode	The Eye of Heaven	The Eye of Heaven	0	1969	\N	\N	Romance
tt0064314	tvEpisode	Familienärger	Familienärger	0	1969	\N	83	Crime,Thriller
tt0064319	tvMovie	Fear No Evil	Fear No Evil	0	1969	\N	98	Horror,Thriller
tt0064325	tvEpisode	Das Fenster zum Garten	Das Fenster zum Garten	0	1969	\N	100	Crime,Thriller
tt0064334	tvMovie	The Flying Doctors of East Africa	Die fliegenden Ärzte von Ostafrika	0	1970	\N	45	Documentary
tt0064340	tvMovie	Foreign Exchange	Foreign Exchange	0	1970	\N	75	Action,Drama
tt0064342	tvEpisode	The Fosters	The Fosters	0	1969	\N	50	Drama,Horror,Sci-Fi
tt0064346	tvMovie	Frei bis zum nächsten Mal	Frei bis zum nächsten Mal	0	1969	\N	75	Drama
tt0064349	tvShort	Frosty the Snowman	Frosty the Snowman	0	1969	\N	25	Animation,Comedy,Drama
tt0064355	tvMovie	Faro Document	Fårö dokument	0	1970	\N	57	Documentary
tt0064361	tvEpisode	Gangster	Gangster	0	1969	\N	30	Crime,Drama
tt0064366	tvMovie	Genesis II	Genesis II	0	1973	\N	74	Drama,Sci-Fi,Thriller
tt0064367	tvEpisode	Get Off My Cloud	Get Off My Cloud	0	1969	\N	50	Drama,Horror,Sci-Fi
tt0064380	tvMovie	Good Times Bad Times	Good Times Bad Times	0	1977	\N	40	War
tt0064404	tvEpisode	Happy	Happy	0	1969	\N	80	Drama
tt0064412	tvEpisode	The Heiress	The Heiress	0	1969	\N	\N	Drama
tt0064438	tvMovie	Honeymoon with a Stranger	Honeymoon with a Stranger	0	1969	\N	74	Drama,Mystery,Thriller
tt0064442	tvMovie	Horror	Horror	0	1969	\N	78	Horror
tt0064444	tvEpisode	A Hot Day	A Hot Day	0	1969	\N	30	Crime,Drama
tt0064446	tvMovie	Hotel Royal	Hotel Royal	0	1969	\N	90	Drama
tt0064460	tvMovie	Hôtel du commerce	Hôtel du commerce	0	1969	\N	85	Crime
tt0064468	tvEpisode	An Ideal Husband	An Ideal Husband	0	1969	\N	82	Drama
tt0064475	tvEpisode	Pilot	Pilot	0	1969	\N	73	Action,Adventure,Sci-Fi
tt0064479	tvMovie	In Name Only	In Name Only	0	1969	\N	73	Comedy,Romance
tt0064480	tvMovie	In einem Monat, in einem Jahr	In einem Monat, in einem Jahr	0	1969	\N	75	Drama
tt0064501	tvShort	It Was a Short Summer, Charlie Brown	It Was a Short Summer, Charlie Brown	0	1969	\N	24	Animation,Comedy,Family
tt0064502	tvEpisode	It Wasn't Me	It Wasn't Me	0	1969	\N	60	Drama
tt0064508	tvMovie	How to Gain Money, Women and Fame?	Jak zdobyc pieniadze, kobiete i slawe	0	1970	\N	47	Comedy
tt0064518	tvEpisode	Jour de tournage	Jour de tournage	0	1970	\N	11	\N
tt0064525	tvEpisode	Julius Caesar	Julius Caesar	0	1969	\N	\N	Drama
tt0064584	tvEpisode	The Letter	The Letter	0	1969	\N	50	Drama
tt0064600	tvEpisode	Lord Mountdrago	Lord Mountdrago	0	1969	\N	50	Drama
tt0064636	tvEpisode	A Matter of Humanities	A Matter of Humanities	0	1969	\N	100	Drama
tt0064648	tvEpisode	Portrait of a Dead Girl	Portrait of a Dead Girl	0	1970	\N	98	Action,Crime,Drama
tt0064657	tvEpisode	Men of Iron	Men of Iron	0	1969	\N	\N	Drama
tt0064678	tvEpisode	Mao Tse-Tung and the Cultural Revolution	Mô Takutô to bunka daikakumei	0	1969	\N	50	Documentary
tt0064692	tvEpisode	Moonlight on the Highway	Moonlight on the Highway	0	1969	\N	52	Drama
tt0064700	tvEpisode	Mother Love	Mother Love	0	1969	\N	50	Drama
tt0064705	tvEpisode	My Dog, the Thief: Part 1	My Dog, the Thief: Part 1	0	1969	\N	88	Adventure,Drama,Family
tt0064725	tvEpisode	Pilot	Pilot	0	1969	\N	98	Drama,Fantasy,Horror
tt0064750	tvMiniSeries	The Odyssey	Odissea	0	1968	1968	\N	Adventure,Drama,Fantasy
tt0064830	tvEpisode	Portrait of Jennie	Portrait of Jennie	0	1969	\N	\N	Romance
tt0064891	tvEpisode	La revoltosa	La revoltosa	0	1970	\N	110	Musical
tt0064901	tvEpisode	Roly Poly	Roly Poly	0	1969	\N	30	Crime,Drama
tt0064903	tvEpisode	Roses, Roses, All the Way	Roses, Roses, All the Way	0	1969	\N	30	Crime,Drama
tt0064922	tvEpisode	Salve Regina	Salve Regina	0	1969	\N	30	Drama
tt0064942	tvEpisode	Scenes from Family Life	Scenes from Family Life	0	1969	\N	\N	Drama
tt0064998	tvEpisode	Sling Your Hook	Sling Your Hook	0	1969	\N	75	Drama
tt0065014	tvEpisode	Some of My Best Friends Are Horses	Some of My Best Friends Are Horses	0	1971	\N	\N	Documentary
tt0065015	tvEpisode	Something in the Cellar	Something in the Cellar	0	1969	\N	50	Drama,Horror,Sci-Fi
tt0065017	tvEpisode	Son of Man	Son of Man	0	1969	\N	90	Drama
tt0065056	tvEpisode	The Switch	The Switch	0	1969	\N	30	Crime,Drama
tt0065066	tvEpisode	A Tall, Stalwart Lancer	A Tall, Stalwart Lancer	0	1965	\N	\N	Comedy,Drama,Romance
tt0065068	tvEpisode	Target Generation	Target Generation	0	1969	\N	50	Drama,Horror,Sci-Fi
tt0065074	tvEpisode	Wer klingelt schon zur Fernsehzeit	Wer klingelt schon zur Fernsehzeit	0	1970	\N	60	Crime,Drama
tt0065087	tvEpisode	Pilot	Pilot	0	1969	\N	100	Adventure,Drama
tt0065098	tvEpisode	The Three Sisters	The Three Sisters	0	1970	\N	129	Drama
tt0065115	tvEpisode	The Tormentors	The Tormentors	0	1966	\N	70	Comedy,Drama
tt0065141	tvEpisode	Operation Heartbeat	Operation Heartbeat	0	1969	\N	100	Drama
tt0065158	tvEpisode	...und ihre Menschenkenntnis	...und ihre Menschenkenntnis	0	1969	\N	106	Drama
tt0065190	tvEpisode	A Voyage Round My Father	A Voyage Round My Father	0	1969	\N	80	Drama
tt0065232	tvEpisode	The Young Lawyers	The Young Lawyers	0	1969	\N	74	Drama
tt0065268	tvMiniSeries	11 Uhr 20	11 Uhr 20	0	1970	1970	200	Action,Crime
tt0065292	tvMiniSeries	The First Churchills	The First Churchills	0	1969	1969	\N	Biography,Drama,History
tt0065319	tvMiniSeries	Millionen nach Maß	Millionen nach Maß	0	1970	\N	\N	Crime,Drama
tt0065338	tvMiniSeries	Resurrection	Resurrection	0	1968	1968	\N	\N
tt0065340	tvMiniSeries	Rottenknechte	Rottenknechte	0	1971	1971	340	Documentary,War
tt0065341	tvMiniSeries	Röda rummet	Röda rummet	0	1970	1970	300	Drama
tt0065348	tvMiniSeries	Söderkåkar	Söderkåkar	0	1970	\N	\N	Drama
tt0065354	tvMiniSeries	Wie ein Blitz	Wie ein Blitz	0	1970	\N	220	Action,Crime,Thriller
tt0065381	tvEpisode	Alias Smith and Jones	Alias Smith and Jones	0	1971	\N	74	Western
tt0065382	tvEpisode	The Alien Corn	The Alien Corn	0	1970	\N	50	Drama
tt0065404	tvEpisode	Angels Are So Few	Angels Are So Few	0	1970	\N	63	Comedy,Drama,Horror
tt0065426	tvEpisode	Arthur Wants You for a Sunbeam	Arthur Wants You for a Sunbeam	0	1970	\N	\N	Comedy,Drama
tt0065461	tvEpisode	Ben	Ben	0	1970	\N	30	Crime,Drama
tt0065487	tvEpisode	The Boy Who Stole the Elephant: Part 1	The Boy Who Stole the Elephant: Part 1	0	1970	\N	60	Adventure,Drama,Family
tt0065513	tvShort	The Telephone Box	La cabina	0	1972	\N	35	Drama,Horror,Short
tt0065540	tvEpisode	Roy Dotrice as Anton Chekhov	Roy Dotrice as Anton Chekhov	0	1970	\N	\N	\N
tt0065559	tvEpisode	The Closed Shop	The Closed Shop	0	1970	\N	50	Drama
tt0065608	tvEpisode	Dance of the Seven Veils	Dance of the Seven Veils	0	1970	\N	59	Biography,Documentary,Music
tt0065609	tvEpisode	Danton	Danton	0	1970	\N	\N	Biography
tt0065645	tvEpisode	A Distant Thunder	A Distant Thunder	0	1970	\N	55	Comedy,Drama,Horror
tt0065682	tvEpisode	A Selection from E.E. Cummings	A Selection from E.E. Cummings	0	1970	\N	\N	\N
tt0065689	tvEpisode	Emma's Time	Emma's Time	0	1970	\N	80	Drama
tt0065697	tvEpisode	The Engagement	The Engagement	0	1970	\N	44	Animation,Comedy,Drama
tt0065725	tvEpisode	Five Finger Exercise	Five Finger Exercise	0	1970	\N	120	Drama
tt0065728	tvEpisode	Flotsam and Jetsam	Flotsam and Jetsam	0	1970	\N	50	Drama
tt0065741	tvEpisode	Frau gesucht...	Frau gesucht...	0	1970	\N	84	Crime,Thriller
tt0065745	tvEpisode	Froschmänner	Froschmänner	0	1970	\N	104	Crime,Thriller
tt0065791	tvShort	Góry o zmierzchu	Góry o zmierzchu	0	1970	\N	28	Drama,Short
tt0065811	tvEpisode	Hamlet	Hamlet	0	1970	\N	85	Drama
tt0065822	tvEpisode	Hearts and Flowers	Hearts and Flowers	0	1970	\N	75	Comedy,Drama,Horror
tt0065849	tvEpisode	Hope	Hope	0	1970	\N	30	Crime,Drama
tt0065860	tvEpisode	Howards End	Howards End	0	1970	\N	\N	Drama
tt0065864	tvEpisode	The Hunting of Lionel Crane	The Hunting of Lionel Crane	0	1970	\N	75	Drama
tt0065902	tvEpisode	Is That Your Body, Boy?	Is That Your Body, Boy?	0	1970	\N	34	Crime,Drama
tt0065910	tvEpisode	Jane	Jane	0	1970	\N	50	Drama
tt0065937	tvEpisode	Ian McKellen as John Keats	Ian McKellen as John Keats	0	1970	\N	\N	\N
tt0065941	tvEpisode	A King and His Keeper	A King and His Keeper	0	1970	\N	\N	Biography
tt0065971	tvEpisode	Lay Down Your Arms	Lay Down Your Arms	0	1970	\N	78	Drama
tt0065972	tvEpisode	Laying It Off for Spangle	Laying It Off for Spangle	0	1970	\N	30	Crime,Drama
tt0065982	tvEpisode	The Lie	The Lie	0	1970	\N	90	Comedy,Drama,Horror
tt0066000	tvEpisode	Pilot	Pilot	0	1971	\N	90	Action,Crime,Drama
tt0066232	tvShort	Police Film	Polizeifilm	0	1969	\N	12	Short
tt0066435	video	Take It Out in Trade: The Outtakes	Take It Out in Trade: The Outtakes	0	1995	\N	69	Documentary
tt0066637	tvMiniSeries	Casanova	Casanova	0	1971	1971	50	Drama,History,Romance
tt0066652	tvMiniSeries	Elizabeth R	Elizabeth R	0	1971	1971	87	Biography,Drama,History
tt0066653	tvMiniSeries	Die Frau in Weiß	Die Frau in Weiß	0	1971	1971	260	Drama
tt0066659	tvMiniSeries	The Gambler	The Gambler	0	1968	\N	\N	Drama
tt0066674	tvMiniSeries	Jude the Obscure	Jude the Obscure	0	1971	\N	45	Drama
tt0066678	tvMiniSeries	The Last of the Mohicans	The Last of the Mohicans	0	1971	1971	344	Adventure,Drama,War
tt0066686	tvMiniSeries	Das Messer	Das Messer	0	1971	\N	195	Action,Crime,Thriller
tt0066700	tvMiniSeries	Pere Goriot	Pere Goriot	0	1968	\N	\N	\N
tt0066702	tvMiniSeries	Persuasion	Persuasion	0	1971	1971	225	History,Romance
tt0066703	tvMiniSeries	The Possessed	The Possessed	0	1969	\N	\N	Horror
tt0066709	tvMiniSeries	The Seawolf	Der Seewolf	0	1971	1971	93	Adventure,Drama
tt0066714	tvMiniSeries	The Six Wives of Henry VIII	The Six Wives of Henry VIII	0	1970	1970	540	Biography,Drama,History
tt0066718	tvMiniSeries	The Spoils of Poynton	The Spoils of Poynton	0	1970	1970	168	Drama
tt0066724	tvMiniSeries	Vanity Fair	Vanity Fair	0	1967	1967	50	Drama
tt0066926	tvMiniSeries	Cold Comfort Farm	Cold Comfort Farm	0	1968	1968	150	Comedy
tt0067273	tvShort	Jim Ritchie Sculptor	Jim Ritchie Sculptor	0	1971	\N	27	Documentary,Short
tt0067485	tvShort	Niedziela Barabasza	Niedziela Barabasza	0	1972	\N	25	Drama,Short,Sport
tt0067587	tvShort	Play It Again, Charlie Brown	Play It Again, Charlie Brown	0	1971	\N	24	Animation,Comedy,Family
tt0067926	tvMiniSeries	Vanished	Vanished	0	1971	1971	196	Crime,Drama,Mystery
tt0068028	tvMiniSeries	Eight Hours Don't Make a Day	Acht Stunden sind kein Tag	0	1972	1973	476	Drama
tt0068058	tvMiniSeries	Clouds of Witness	Clouds of Witness	0	1972	1972	45	Drama,Mystery
tt0068062	tvMiniSeries	Cousin Bette	Cousin Bette	0	1971	1971	250	Comedy,Drama
tt0068068	tvMiniSeries	Emma	Emma	0	1972	1972	240	Comedy,Romance
tt0068075	tvMiniSeries	The Golden Bowl	The Golden Bowl	0	1972	1972	50	Drama
tt0068079	tvMiniSeries	Hoopers letzte Jagd	Hoopers letzte Jagd	0	1972	\N	166	Comedy,Crime
tt0068082	tvMiniSeries	Der Illegale	Der Illegale	0	1972	\N	\N	Thriller
tt0068094	tvMiniSeries	Livsens ondskab	Livsens ondskab	0	1972	1972	50	Drama
tt0068100	tvMiniSeries	The Man Who Was Hunting Himself	The Man Who Was Hunting Himself	0	1972	\N	150	Drama,Thriller
tt0068119	tvMiniSeries	Point Counter Point	Point Counter Point	0	1968	1968	\N	Drama
tt0068130	tvMiniSeries	The Search for the Nile	The Search for the Nile	0	1971	\N	60	Adventure,Drama
tt0068133	tvMiniSeries	Skärgårdsflirt	Skärgårdsflirt	0	1972	1972	45	Comedy
tt0068142	tvMiniSeries	Tom Brown's Schooldays	Tom Brown's Schooldays	0	1971	1971	225	Drama,Family
tt0068144	tvMiniSeries	Täter unbekannt	Täter unbekannt	0	1972	\N	\N	\N
tt0068146	tvMiniSeries	The Unpleasantness at the Bellona Club	The Unpleasantness at the Bellona Club	0	1972	1973	45	Crime,Mystery
tt0068218	tvMiniSeries	L'apocalypse des animaux	L'apocalypse des animaux	0	1973	1973	41	Documentary
tt0068243	tvMiniSeries	The Adventures of Pinocchio	Le avventure di Pinocchio	0	1972	1972	321	Comedy,Family,Fantasy
tt0068304	tvMiniSeries	The Long Recess	Bolshaya peremena	0	1973	1973	65	Comedy,Drama,Romance
tt0068359	tvShort	A Charlie Brown Thanksgiving	A Charlie Brown Thanksgiving	0	1973	\N	25	Animation,Comedy,Family
tt0068373	tvShort	A Christmas Carol	A Christmas Carol	0	1971	\N	28	Animation,Drama,Family
tt0068527	tvMiniSeries	The Edwardians	The Edwardians	0	1972	1973	50	Drama,History
tt0068530	tvMiniSeries	Einmal im Leben - Geschichte eines Eigenheims	Einmal im Leben - Geschichte eines Eigenheims	0	1972	\N	230	Drama
tt0068703	tvShort	Hypothesis	Hipoteza	0	1973	\N	28	Drama,Short
tt0068854	tvMiniSeries	The Life of Leonardo Da Vinci	La vita di Leonardo da Vinci	0	1971	1971	300	Biography,History
tt0068959	tvMiniSeries	Les Misérables	Les misérables	0	1972	1972	245	Drama
tt0069104	tvMiniSeries	Podróz za jeden usmiech	Podróz za jeden usmiech	0	1972	\N	201	Adventure,Comedy,Family
tt0069365	tvMiniSeries	Les galapiats	Les galapiats	0	1970	1970	240	Adventure
tt0069525	tvShort	You're Not Elected, Charlie Brown	You're Not Elected, Charlie Brown	0	1972	\N	24	Animation,Comedy,Family
tt0069559	tvMiniSeries	Farmers, Politics and Bombs	Bauern, Bonzen und Bomben	0	1973	\N	450	\N
tt0069568	tvMiniSeries	The Brontës of Haworth	The Brontës of Haworth	0	1973	\N	60	Biography,Drama,Romance
tt0069570	tvMiniSeries	Joseph Balsamo	Joseph Balsamo	0	1973	1973	255	Crime,History,Mystery
tt0069600	tvMiniSeries	Kortik	Kortik	0	1974	1974	210	Adventure,Family
tt0069601	tvMiniSeries	Krakh inzhenera Garina	Krakh inzhenera Garina	0	1973	1973	247	Crime,Mystery,Sci-Fi
tt0069612	tvMiniSeries	Murder Must Advertise	Murder Must Advertise	0	1973	1974	50	Mystery
tt0069617	tvMiniSeries	Någonstans i Sverige	Någonstans i Sverige	0	1973	1974	350	Drama,War
tt0069621	tvMiniSeries	Die Reise nach Mallorca	Die Reise nach Mallorca	0	1973	\N	\N	\N
tt0069624	tvMiniSeries	Der rote Schal	Der rote Schal	0	1973	1973	\N	Drama
tt0069631	tvMiniSeries	Die sieben Affären der Dona Juanita	Die sieben Affären der Dona Juanita	0	1973	\N	348	\N
tt0069639	tvMiniSeries	The Strauss Family	The Strauss Family	0	1972	1972	60	Drama,Romance
tt0069640	tvMiniSeries	Stülpner-Legende	Stülpner-Legende	0	1973	1973	50	Adventure
tt0069684	tvMiniSeries	The Age of the Medici	L'età di Cosimo de Medici	0	1972	1973	255	Biography,Drama,History
tt0069733	tvMiniSeries	The Ascent of Man	The Ascent of Man	0	1973	1973	50	Documentary,History
tt0069828	tvMiniSeries	Die Brüder Lautensack	Die Brüder Lautensack	0	1973	1973	309	Drama
tt0070024	tvMiniSeries	Eleonora	Eleonora	0	1973	\N	60	\N
tt0070037	tvMiniSeries	Erziehung vor Verdun. Der große Krieg der weißen Männer	Erziehung vor Verdun. Der große Krieg der weißen Männer	0	1973	\N	264	War
tt0070408	tvShort	Monologue	Monologue	0	1973	\N	20	Drama,Short
tt0070570	tvShort	Przejscie podziemne	Przejscie podziemne	0	1974	\N	29	Drama,Short
tt0070644	tvMiniSeries	Scenes from a Marriage	Scener ur ett äktenskap	0	1973	1973	50	Drama
tt0070793	tvShort	There's No Time for Love, Charlie Brown	There's No Time for Love, Charlie Brown	0	1973	\N	24	Animation,Comedy,Family
tt0070798	tvMiniSeries	De tre från Haparanda	De tre från Haparanda	0	1974	1974	30	\N
tt0070904	tvMiniSeries	World on a Wire	Welt am Draht	0	1973	1973	103	Crime,Mystery,Sci-Fi
tt0070964	tvMiniSeries	Aber Vati!	Aber Vati!	0	1974	1979	360	Comedy,Family
tt0070999	tvMiniSeries	Härte 10	Härte 10	0	1974	\N	431	Action,Crime,Thriller
tt0071001	tvMiniSeries	Jack the Ripper	Jack the Ripper	0	1973	1973	\N	Crime,Drama,History
tt0071011	tvMiniSeries	Der Monddiamant	Der Monddiamant	0	1974	\N	210	Drama
tt0071020	tvMiniSeries	Napoleon and Love	Napoleon and Love	0	1974	1974	60	Biography,Drama,History
tt0071021	tvMiniSeries	The National Dream: Building the Impossible Railway	The National Dream: Building the Impossible Railway	0	1974	1974	\N	Documentary,Drama,History
tt0071024	tvMiniSeries	The Nine Tailors	The Nine Tailors	0	1974	1974	50	Mystery
tt0071026	tvMiniSeries	Notorious Woman	Notorious Woman	0	1974	1974	350	Drama
tt0071039	tvMiniSeries	QB VII	QB VII	0	1974	1974	390	Drama,Mystery
tt0071047	tvMiniSeries	Shoulder to Shoulder	Shoulder to Shoulder	0	1974	1974	75	Drama,History
tt0071058	tvMiniSeries	De stille Kracht	De stille Kracht	0	1974	1974	240	Drama
tt0071076	tvMiniSeries	Two Years' Vacation	Deux ans de vacances	0	1974	1974	136	Adventure
tt0071122	tvMiniSeries	Origins of the Mafia	Alle origini della mafia	0	1976	\N	50	Crime,Drama
tt0071311	tvShort	Chief Dan George Speaks	Chief Dan George Speaks	0	1975	\N	20	Documentary,Short
tt0071462	tvMiniSeries	Eleonora Duse	Eleonora Duse	0	1969	\N	\N	\N
tt0071678	tvShort	It's a Mystery, Charlie Brown	It's a Mystery, Charlie Brown	0	1974	\N	24	Animation,Comedy,Family
tt0071679	tvShort	It's the Easter Beagle, Charlie Brown!	It's the Easter Beagle, Charlie Brown!	0	1974	\N	30	Animation,Comedy,Family
tt0072482	tvMiniSeries	Cakes and Ale	Cakes and Ale	0	1974	\N	\N	Drama
tt0072484	tvMiniSeries	The Changes	The Changes	0	1975	1975	240	Family,Fantasy,Sci-Fi
tt0072502	tvMiniSeries	Five Red Herrings	Five Red Herrings	0	1975	1975	50	Crime,Mystery
tt0072507	tvMiniSeries	Grady	Grady	0	1975	1976	30	Comedy
tt0072513	tvMiniSeries	How Green Was My Valley	How Green Was My Valley	0	1975	1976	\N	Drama
tt0072520	tvMiniSeries	Jennie: Lady Randolph Churchill	Jennie: Lady Randolph Churchill	0	1974	1974	50	Biography,Drama,History
tt0072530	tvMiniSeries	Late Call	Late Call	0	1975	\N	54	Drama
tt0072532	tvMiniSeries	The Legend of Robin Hood	The Legend of Robin Hood	0	1975	1975	50	Adventure
tt0072533	tvMiniSeries	Lobster	Lobster	0	1976	\N	58	Crime
tt0072534	tvMiniSeries	Burning Daylight	Lockruf des Goldes	0	1975	1975	370	Adventure,Drama,History
tt0072539	tvMiniSeries	Madame Bovary	Madame Bovary	0	1975	1975	220	Drama
tt0072547	tvMiniSeries	Moses the Lawgiver	Moses the Lawgiver	0	1974	1974	360	Drama
tt0072565	tvMiniSeries	Die Stadt im Tal	Die Stadt im Tal	0	1975	\N	166	Drama
tt0072566	tvMiniSeries	The Stars Look Down	The Stars Look Down	0	1974	1975	60	Drama
tt0072568	tvMiniSeries	Der Strick um den Hals	Der Strick um den Hals	0	1975	\N	282	History
tt0072569	tvMiniSeries	Strogovy	Strogovy	0	1976	\N	\N	Drama
tt0072570	tvMiniSeries	Sunset Song	Sunset Song	0	1971	1971	\N	Drama
tt0072575	tvMiniSeries	Tadellöser & Wolff	Tadellöser & Wolff	0	1975	\N	192	History
tt0072578	tvMiniSeries	Variant 'Omega'	Variant 'Omega'	0	1975	1975	370	War
tt0072592	tvMiniSeries	Three Men of the City	Three Men of the City	0	1974	1974	60	Drama
tt0072687	tvShort	Be My Valentine, Charlie Brown	Be My Valentine, Charlie Brown	0	1975	\N	25	Animation,Comedy,Family
tt0072768	tvMiniSeries	Cash and Company	Cash and Company	0	1975	1975	\N	Action,Drama,Western
tt0072925	tvMiniSeries	Edward the King	Edward the Seventh	0	1975	1975	\N	Biography,Drama,History
tt0073303	video	Queen: Live at the Rainbow	Queen: Live at the Rainbow	0	1992	\N	83	Documentary,Music,Musical
tt0073322	tvMiniSeries	Il lungo viaggio	Il lungo viaggio	0	1975	\N	60	\N
tt0073952	tvMiniSeries	The Adams Chronicles	The Adams Chronicles	0	1976	1976	50	Drama,History
tt0073953	tvMiniSeries	Die Affäre Lerouge	Die Affäre Lerouge	0	1976	\N	\N	Crime,History
tt0073957	tvMiniSeries	Alle Jahre wieder: Die Familie Semmeling	Alle Jahre wieder: Die Familie Semmeling	0	1976	\N	251	Comedy
tt0073960	tvMiniSeries	Arthur Hailey's the Moneychangers	Arthur Hailey's the Moneychangers	0	1976	1976	320	Drama
tt0073967	tvMiniSeries	Bouquet of Barbed Wire	Bouquet of Barbed Wire	0	1976	1976	50	Drama
tt0073971	tvMiniSeries	Captains and the Kings	Captains and the Kings	0	1976	1976	540	Drama
tt0073977	tvMiniSeries	Daniel Druskat	Daniel Druskat	0	1976	1976	431	Crime,Drama
tt0073981	tvMiniSeries	Dickens of London	Dickens of London	0	1976	1977	60	Biography,Drama,Romance
tt0073983	tvMiniSeries	Dni khirurga Mishkina	Dni khirurga Mishkina	0	1976	\N	\N	Drama
tt0073999	tvMiniSeries	The Glittering Prizes	The Glittering Prizes	0	1976	1976	\N	Drama
tt0074006	tvMiniSeries	I, Claudius	I, Claudius	0	1976	1976	50	Biography,Drama,History
tt0074024	tvMiniSeries	Michel Strogoff	Michel Strogoff	0	1975	1977	90	Adventure,Drama,Romance
tt0074034	tvMiniSeries	Once an Eagle	Once an Eagle	0	1976	1977	540	Drama,War
tt0074043	tvMiniSeries	Raskens	Raskens	0	1976	1976	\N	Drama
tt0074048	tvMiniSeries	Rich Man, Poor Man	Rich Man, Poor Man	0	1976	1976	63	Drama
tt0074049	tvMiniSeries	Rock Follies	Rock Follies	0	1976	1976	\N	Drama,Music
tt0074050	tvMiniSeries	Sandokan	Sandokan	0	1976	1976	\N	Action,Adventure,Drama
tt0074055	tvMiniSeries	Sil de strandjutter	Sil de strandjutter	0	1976	1976	328	Drama
tt0074057	tvMiniSeries	Six fois deux/Sur et sous la communication	Six fois deux/Sur et sous la communication	0	1976	\N	100	Documentary
tt0074073	tvMiniSeries	Der Winter, der ein Sommer war	Der Winter, der ein Sommer war	0	1976	\N	350	Drama,History
tt0074078	tvMiniSeries	Zhizn i smert Ferdinanda Lyusa	Zhizn i smert Ferdinanda Lyusa	0	1976	1977	\N	Drama
tt0074183	tvShort	Bariera	Bariera	0	1976	\N	17	Documentary,Short
tt0074275	tvMiniSeries	Camilla	Camilla	0	1976	\N	\N	\N
tt0074406	tvMiniSeries	The Pawn	Les diamants du président	0	1977	\N	52	Adventure
tt0074464	tvMiniSeries	Eleanor and Franklin	Eleanor and Franklin	0	1976	1976	203	Biography,Drama,Romance
tt0074621	tvMiniSeries	Helter Skelter	Helter Skelter	0	1976	1976	97	Crime,Drama,Thriller
tt0074697	tvShort	It's Arbor Day, Charlie Brown	It's Arbor Day, Charlie Brown	0	1976	\N	24	Animation,Comedy,Family
tt0074805	tvShort	The Little Drummer Boy Book II	The Little Drummer Boy Book II	0	1976	\N	30	Adventure,Animation,Drama
tt0074884	tvMiniSeries	McNaughton's Daughter	McNaughton's Daughter	0	1976	1976	100	Drama
tt0075023	tvMiniSeries	Orzowei, il figlio della savana	Orzowei, il figlio della savana	0	1976	1977	30	Adventure
tt0075234	tvShort	Smak muzyki	Smak muzyki	0	1976	\N	\N	Short
tt0075296	tvMiniSeries	Sybil	Sybil	0	1976	1976	66	Biography,Drama
tt0075437	tvSpecial	Doug Henning's World of Magic	Doug Henning's World of Magic	0	1976	\N	60	Family,Fantasy
tt0075468	tvMiniSeries	Twelve Chairs	12 stulev	0	1977	1977	68	Adventure,Comedy,Mystery
tt0075476	tvMiniSeries	Anna Karenina	Anna Karenina	0	1977	1977	500	Drama,History,Romance
tt0075477	tvMiniSeries	Another Bouquet	Another Bouquet	0	1977	1977	60	Drama
tt0075479	tvMiniSeries	Aspen	Aspen	0	1977	1977	288	Drama,Thriller
tt0075491	tvMiniSeries	Children of the Stones	Children of the Stones	0	1977	1977	30	Adventure,Drama,Family
tt0075499	tvMiniSeries	Die Dämonen	Die Dämonen	0	1977	1977	373	\N
tt0075509	tvMiniSeries	France/Tour/Detour/Two/Children	France/tour/détour/deux/enfants	0	1980	1980	26	Documentary
tt0075515	tvMiniSeries	Harold Robbins' 79 Park Avenue	Harold Robbins' 79 Park Avenue	0	1977	1977	360	Drama
tt0075520	tvMiniSeries	Jesus of Nazareth	Jesus of Nazareth	0	1977	1977	96	Biography,Drama,History
tt0075522	tvMiniSeries	Die Kette	Die Kette	0	1977	\N	178	Crime
tt0075526	tvMiniSeries	Will Shakespeare	Will Shakespeare	0	1978	1978	60	Biography,Drama,History
tt0075534	tvMiniSeries	Marie Curie	Marie Curie	0	1977	1977	50	Biography,Drama
tt0075555	tvMiniSeries	Our Mutual Friend	Our Mutual Friend	0	1976	1976	50	Drama
tt0075557	tvMiniSeries	The Pallisers	The Pallisers	0	1974	1975	50	Drama,Romance
tt0075566	tvMiniSeries	The Rhinemann Exchange	The Rhinemann Exchange	0	1977	1977	300	Drama,Thriller,War
tt0075572	tvMiniSeries	Roots	Roots	0	1977	1977	74	Biography,Drama,History
tt0075580	tvMiniSeries	Seventh Avenue	Seventh Avenue	0	1977	1977	360	Drama
tt0075591	tvMiniSeries	Tale	Tale	0	1977	1979	60	Comedy,Drama
tt0075594	tvMiniSeries	Testimony of Two Men	Testimony of Two Men	0	1977	1977	360	Drama
tt0075597	tvMiniSeries	Washington: Behind Closed Doors	Washington: Behind Closed Doors	0	1977	1977	750	Drama
tt0075641	tvMiniSeries	The Age of Uncertainty	The Age of Uncertainty	0	1977	1977	60	Documentary
tt0075890	tvMiniSeries	Crni dani	Crni dani	0	1978	1978	85	Drama,History
tt0076217	tvShort	It's Your First Kiss, Charlie Brown	It's Your First Kiss, Charlie Brown	0	1977	\N	24	Animation,Comedy,Family
tt0076736	tvMiniSeries	Soldaty svobody	Soldaty svobody	0	1977	1977	599	Drama,History,War
tt0076911	tvShort	What a Nightmare, Charlie Brown!	What a Nightmare, Charlie Brown!	0	1978	\N	30	Animation,Comedy,Drama
tt0076974	tvMiniSeries	Against the Wind	Against the Wind	0	1978	1978	50	Drama,History,Western
tt0076981	tvMiniSeries	The Awakening Land	The Awakening Land	0	1978	1978	333	Drama,History,Western
tt0076986	tvMiniSeries	Black Beauty	Black Beauty	0	1978	1978	300	Drama
tt0076993	tvMiniSeries	Centennial	Centennial	0	1978	1979	105	Action,Adventure,Drama
tt0076998	tvMiniSeries	D'artagnan and Three Musketeers	D'Artanyan i tri mushketyora	0	1979	1979	73	Adventure,History,Musical
tt0076999	tvMiniSeries	The Dain Curse	The Dain Curse	0	1978	1978	360	Crime,Drama,Mystery
tt0077006	tvMiniSeries	Der eiserne Gustav	Der eiserne Gustav	0	1979	1979	385	Drama,Family,Romance
tt0077007	tvMiniSeries	An Englishman's Castle	An Englishman's Castle	0	1978	1978	50	Drama,Sci-Fi,Thriller
tt0077010	tvMiniSeries	Flambards	Flambards	0	1979	1979	780	Drama
tt0077025	tvMiniSeries	Holocaust	Holocaust	0	1978	1978	95	Drama,History,Romance
tt0077037	tvMiniSeries	Kidnapped	Kidnapped	0	1978	1978	390	Adventure,Drama,History
tt0077038	tvMiniSeries	King	King	0	1978	1978	271	Biography,Drama,History
tt0077039	tvMiniSeries	Lady Audleys Geheimnis	Lady Audleys Geheimnis	0	1978	\N	\N	Crime,History
tt0077042	tvMiniSeries	Lillie	Lillie	0	1978	1978	\N	Adventure,Biography,Drama
tt0077043	tvMiniSeries	Loose Change	Loose Change	0	1978	1978	360	Drama
tt0077045	tvMiniSeries	The Lost Boys	The Lost Boys	0	1978	1978	274	Biography,Drama
tt0077048	tvMiniSeries	Ein Mann für alle Fälle	Ein Mann für alle Fälle	0	1978	\N	\N	Comedy
tt0077052	tvMiniSeries	The Mayor of Casterbridge	The Mayor of Casterbridge	0	1978	1978	350	Drama
tt0077055	tvMiniSeries	Nicholas Nickleby	Nicholas Nickleby	0	1977	1977	330	Drama
tt0077059	tvMiniSeries	Pearl	Pearl	0	1978	1978	278	Drama,Romance,War
tt0077060	tvMiniSeries	Pennies from Heaven	Pennies from Heaven	0	1978	1979	75	Drama,Musical,Romance
tt0077067	tvMiniSeries	Rebecca	Rebecca	0	1979	1979	205	Drama,Mystery,Romance
tt0077099	tvMiniSeries	Wheels	Wheels	0	1978	1978	600	Drama
tt0077104	tvMiniSeries	The Word	The Word	0	1978	1978	480	Drama
tt0077106	tvMiniSeries	Wuthering Heights	Wuthering Heights	0	1978	1978	300	Drama
tt0077109	tvMiniSeries	Zeit zum Aufstehn	Zeit zum Aufstehn	0	1978	\N	180	\N
tt0077110	tvMiniSeries	Zwei himmlische Töchter	Zwei himmlische Töchter	0	1978	1978	60	Comedy
tt0077128	tvMiniSeries	Elective Affinities	Le affinità elettive	0	1978	\N	60	Drama
tt0077159	tvMiniSeries	Ill-Fated Love	Amor de Perdição: Memórias de uma Família	0	1978	1978	262	Drama,Romance
tt0077178	video	Art Game	Art Game	0	1978	\N	12	Short
tt0077205	tvMiniSeries	Il balordo	Il balordo	0	1978	1978	\N	Drama
tt0077399	tvMiniSeries	The Dark Secret of Harvest Home	The Dark Secret of Harvest Home	0	1978	1978	300	Drama,Horror,Mystery
tt0077521	tvMiniSeries	Evening in Byzantium	Evening in Byzantium	0	1978	1978	240	Drama
tt0077657	tvMiniSeries	Hard Times	Hard Times	0	1977	1977	\N	Drama
tt0077853	tvMiniSeries	Ligabue	Ligabue	0	1977	\N	200	Biography,Drama
tt0078037	tvMiniSeries	Oppenheimer	Oppenheimer	0	1980	1980	420	Biography,Drama,History
tt0078129	tvMiniSeries	Quatermass	Quatermass	0	1979	1979	204	Drama,Sci-Fi,Thriller
tt0078509	tvMiniSeries	A Woman Called Moses	A Woman Called Moses	0	1978	1978	240	Biography,Drama
tt0078565	tvMiniSeries	Backstairs at the White House	Backstairs at the White House	0	1979	1979	540	Drama,History
tt0078575	tvMiniSeries	Blind Ambition	Blind Ambition	0	1979	1979	480	Biography,Drama
tt0078576	tvMiniSeries	Blindpassasjer	Blindpassasjer	0	1978	1978	110	Horror,Mystery,Sci-Fi
tt0078581	tvMiniSeries	California Fever	California Fever	0	1979	1979	60	Adventure
tt0078588	tvMiniSeries	Connections	Connections	0	1978	1978	50	Documentary,History
tt0078590	tvMiniSeries	Crime and Punishment	Crime and Punishment	0	1979	1979	225	Drama
tt0078601	tvMiniSeries	Disraeli: Portrait of a Romantic	Disraeli	0	1978	1978	60	Biography,Drama,History
tt0078614	tvMiniSeries	The French Atlantic Affair	The French Atlantic Affair	0	1979	1979	278	Adventure,Drama
tt0078616	tvMiniSeries	From Here to Eternity	From Here to Eternity	0	1979	1979	360	Drama
tt0078628	tvMiniSeries	Ike: The War Years	Ike	0	1979	1979	291	Biography,Drama,History
tt0078634	tvMiniSeries	Ein Kapitel für sich	Ein Kapitel für sich	0	1979	\N	366	Drama
tt0078639	tvMiniSeries	The Last Convertible	The Last Convertible	0	1979	1979	360	Drama
tt0078643	tvMiniSeries	Little Women	Little Women	0	1978	1978	194	Drama,Family,Romance
tt0078648	tvMiniSeries	Little Tragedies	Malenkie tragedii	0	1980	1980	240	Drama,History,Horror
tt0078649	tvMiniSeries	A Man Called Intrepid	A Man Called Intrepid	0	1979	1979	360	Adventure,Drama,War
tt0078653	tvMiniSeries	Matilda's England	Matilda's England	0	1979	\N	60	Drama
tt0078655	tvMiniSeries	The Meeting Place Cannot Be Changed	Mesto vstrechi izmenit nelzya	0	1979	1979	74	Action,Adventure,Crime
tt0078660	tvMiniSeries	Mor gifter sig	Mor gifter sig	0	1979	1980	\N	Drama
tt0078661	tvMiniSeries	My Son, My Son	My Son, My Son	0	1979	\N	440	Drama
tt0078666	tvMiniSeries	Oresteia	Oresteia	0	1979	1979	255	Drama
tt0078672	tvMiniSeries	Pride and Prejudice	Pride and Prejudice	0	1980	1980	53	Comedy,Drama,Romance
tt0078673	tvMiniSeries	The Adventures of the Electronic	Priklyucheniya Elektronika	0	1980	1980	72	Adventure,Comedy,Crime
tt0078678	tvMiniSeries	Roots: The Next Generations	Roots: The Next Generations	0	1979	1979	120	Biography,Drama,History
tt0078683	tvMiniSeries	The Scarlet Letter	The Scarlet Letter	0	1979	1979	60	Drama
tt0078686	tvMiniSeries	Segodnya i zavtra	Segodnya i zavtra	0	1979	\N	\N	Drama
tt0078696	tvMiniSeries	Studs Lonigan	Studs Lonigan	0	1979	1979	360	Drama
tt0078699	tvMiniSeries	Testament of Youth	Testament of Youth	0	1979	1979	200	Drama,Romance,War
tt0078700	tvMiniSeries	Theodor Chindler - Die Geschichte einer deutschen Familie	Theodor Chindler - Die Geschichte einer deutschen Familie	0	1979	1979	480	Drama,History
tt0078706	tvMiniSeries	Turnabout	Turnabout	0	1979	1979	30	Comedy,Fantasy
tt0078914	tvShort	Bugs Bunny's Christmas Carol	Bugs Bunny's Christmas Carol	0	1979	\N	8	Animation,Comedy,Family
tt0079174	tvShort	Freeze Frame	Freeze Frame	0	1979	\N	6	Animation,Comedy,Family
tt0079179	tvShort	Fright Before Christmas	Fright Before Christmas	0	1979	\N	7	Animation,Comedy,Family
tt0079243	tvMiniSeries	Die große Flatter	Die große Flatter	0	1979	\N	271	Drama
tt0079275	video	He Did It	He Did It	0	1979	\N	\N	\N
tt0079379	video	Julius Caesar	Julius Caesar	0	1979	\N	\N	Drama,History
tt0079582	tvMiniSeries	Mr. Horn	Mr. Horn	0	1979	1979	180	Action,Adventure,Biography
tt0079683	video	Othello	Othello	0	1979	\N	\N	Drama,Romance
tt0079750	tvMiniSeries	Priklyucheniya printsa Florizelya	Priklyucheniya printsa Florizelya	0	1979	\N	64	Adventure,Comedy,Crime
tt0079783	tvMiniSeries	The Rebels	The Rebels	0	1979	1979	240	Drama,History,War
tt0079809	tvMiniSeries	Ride on Stranger	Ride on Stranger	0	1979	1979	50	Drama
tt0079825	tvMiniSeries	Le rose di Danzica	Le rose di Danzica	0	1979	\N	270	Drama
tt0079840	tvMiniSeries	The Sacketts	The Sacketts	0	1979	1979	120	Drama,Western
tt0079844	tvMiniSeries	Salem's Lot	Salem's Lot	0	1979	1979	183	Horror
tt0079877	tvMiniSeries	The Seekers	The Seekers	0	1979	1979	240	Drama,History,War
tt0079902	tvMiniSeries	Sherlock Holmes and Doctor Watson	Sherlok Kholms i doktor Vatson	0	1980	1980	67	Crime,Mystery
tt0080161	tvShort	You're the Greatest, Charlie Brown	You're the Greatest, Charlie Brown	0	1979	\N	24	Animation,Comedy,Family
tt0080191	tvMiniSeries	Archiv des Todes	Archiv des Todes	0	1980	1980	742	Action,Adventure,Drama
tt0080196	tvMiniSeries	Berlin Alexanderplatz	Berlin Alexanderplatz	0	1980	1980	64	Crime,Drama
tt0080197	tvMiniSeries	Beulah Land	Beulah Land	0	1980	1980	281	Drama
tt0080201	tvSpecial	Boom Boom.... Out Go the Lights	Boom Boom.... Out Go the Lights	0	1981	\N	30	Comedy,Music
tt0080207	tvMiniSeries	The Contender	The Contender	0	1980	1980	60	Drama
tt0080212	tvMiniSeries	Edward & Mrs. Simpson	Edward & Mrs. Simpson	0	1978	1978	350	Drama,History,Romance
tt0080215	tvMiniSeries	The Flame Trees of Thika	The Flame Trees of Thika	0	1981	\N	50	Biography,Drama
tt0080230	tvMiniSeries	Hollywood	Hollywood	0	1980	1980	676	Biography,Comedy,Documentary
tt0080242	tvMiniSeries	The Martian Chronicles	The Martian Chronicles	0	1980	1980	98	Drama,Mystery,Sci-Fi
tt0080270	tvMiniSeries	Scruples	Scruples	0	1980	1980	279	Drama,Romance
tt0080274	tvMiniSeries	Shogun	Shogun	0	1980	1980	109	Adventure,Drama,History
tt0080275	tvMiniSeries	Sinkadus	Sinkadus	0	1980	1980	270	Comedy,Crime
tt0080292	tvMiniSeries	Thérèse Raquin	Thérèse Raquin	0	1980	1980	173	Drama
tt0080296	tvMiniSeries	The Timeless Land	The Timeless Land	0	1980	1980	55	Adventure,Drama,History
tt0080297	tvMiniSeries	Tinker Tailor Soldier Spy	Tinker Tailor Soldier Spy	0	1979	1979	45	Drama,Mystery,Thriller
tt0080298	tvMiniSeries	To Serve Them All My Days	To Serve Them All My Days	0	1980	1981	673	Drama
tt0080302	tvMiniSeries	Vienna 1900	Vienna 1900	0	1973	1974	50	Drama,History
tt0080330	tvShort	Act of God	Act of God	0	1980	\N	25	Documentary,Short
tt0080336	tvMiniSeries	Partners in Crime	Partners in Crime	0	1983	1984	50	Crime,Drama,Mystery
tt0080558	tvMiniSeries	Condominium	Condominium	0	1980	1980	240	Action,Drama,Thriller
tt0080587	tvShort	Daffy Flies North	Daffy Flies North	0	1980	\N	7	Animation,Comedy,Family
tt0080629	video	Dinosaurs!	Dinosaurs!	0	1987	\N	30	Adventure,Animation,Comedy
tt0080659	tvMiniSeries	The Dream Merchants	The Dream Merchants	0	1980	1980	240	Drama
tt0080663	tvShort	Duck Dodgers and the Return of the 24½th Century	Duck Dodgers and the Return of the 24½th Century	0	1980	\N	6	Animation,Comedy,Family
tt0080697	video	The Essential Mike Oldfield	The Essential Mike Oldfield	0	1980	\N	70	Documentary,Music
tt0080832	tvMiniSeries	Guyana Tragedy: The Story of Jim Jones	Guyana Tragedy: The Story of Jim Jones	0	1980	\N	192	Biography,Drama
tt0080878	tvMiniSeries	The History of Mr. Polly	The History of Mr. Polly	0	1980	1980	30	Comedy,Drama
tt0080935	tvMiniSeries	Seagull Island	Seagull Island	0	1981	\N	217	Adventure,Drama,Horror
tt0081033	tvMiniSeries	The Last Outlaw	The Last Outlaw	0	1980	1980	\N	Biography,Crime,Drama
tt0081082	tvMiniSeries	Lucinda Brayford	Lucinda Brayford	0	1980	1980	200	Drama,History,Romance
tt0081134	tvMiniSeries	Martin Eden	Martin Eden	0	1979	\N	358	Drama
tt0081154	video	The Merry Wives of Windsor	The Merry Wives of Windsor	0	1980	\N	\N	Comedy,Romance
tt0081217	tvMiniSeries	Nana	Nana	0	1981	1981	90	Drama
tt0081361	tvShort	Portrait of the Artist as a Young Bunny	Portrait of the Artist as a Young Bunny	0	1980	\N	7	Animation,Comedy,Family
tt0081443	tvMiniSeries	A Rumor of War	A Rumor of War	0	1980	1980	114	Biography,Drama,War
tt0081540	tvShort	Soup or Sonic	Soup or Sonic	0	1980	\N	9	Animation,Comedy,Family
tt0081543	tvShort	Spaced Out Bunny	Spaced Out Bunny	0	1980	\N	6	Animation,Comedy,Family
tt0081739	tvMiniSeries	Water Under the Bridge	Water Under the Bridge	0	1980	1980	\N	Drama,Romance
tt0081755	tvMiniSeries	Wild Times	Wild Times	0	1980	1980	195	Drama,Western
tt0081791	tvShort	The Yolks on You	The Yolks on You	0	1980	\N	7	Animation,Comedy,Family
tt0081829	tvMiniSeries	Babels hus	Babels hus	0	1981	1981	240	Drama
tt0081834	tvMiniSeries	Das Boot	Das Boot	0	1985	1985	98	Drama,War
tt0081835	tvMiniSeries	The Borgias	The Borgias	0	1981	1981	50	Biography,Drama,History
tt0081842	tvMiniSeries	Uma Cidade Como a Nossa	Uma Cidade Como a Nossa	0	1981	1981	\N	\N
tt0081846	tvMiniSeries	Cosmos	Cosmos	0	1980	1980	60	Documentary
tt0081850	tvMiniSeries	The Day of the Triffids	The Day of the Triffids	0	1981	1981	27	Drama,Horror,Sci-Fi
tt0081855	tvMiniSeries	Dubbelsvindlarna	Dubbelsvindlarna	0	1982	1982	\N	Comedy,Crime
tt0081864	tvMiniSeries	Flickers	Flickers	0	1980	1980	50	Comedy,Drama
tt0081867	tvMiniSeries	The Gangster Chronicles	The Gangster Chronicles	0	1981	1981	60	Biography,Crime,Drama
tt0081868	tvMiniSeries	Get Lost!	Get Lost!	0	1981	1981	60	Drama,Mystery,Romance
tt0081879	tvMiniSeries	Jack Holborn	Jack Holborn	0	1982	1982	60	Action,Adventure,Mystery
tt0081885	tvMiniSeries	Kessler	Kessler	0	1981	1981	50	Drama,Thriller
tt0081886	video	Kevin Turvey Investigates	Kevin Turvey Investigates	0	1981	\N	43	Comedy,Short
tt0081890	tvMiniSeries	Die Knapp-Familie	Die Knapp-Familie	0	1981	\N	95	Drama
tt0081898	tvMiniSeries	The History Man	The History Man	0	1981	\N	206	Drama
tt0081899	tvMiniSeries	The Manions of America	The Manions of America	0	1981	1981	290	Drama
tt0081900	tvMiniSeries	Masada	Masada	0	1981	1981	99	Action,Drama,History
tt0081924	tvMiniSeries	Rossiya molodaya	Rossiya molodaya	0	1981	1984	\N	Drama,History
tt0081929	tvMiniSeries	Silas	Silas	0	1981	1981	286	Adventure,Drama,Family
tt0081932	tvMiniSeries	Smuggler	Smuggler	0	1981	1981	30	Adventure,History
tt0081943	tvMiniSeries	The Talisman	The Talisman	0	1980	1981	\N	Adventure,Drama
tt0081949	tvMiniSeries	A Town Like Alice	A Town Like Alice	0	1981	1981	301	Drama,Romance,War
tt0081958	tvMiniSeries	We, the Accused	We, the Accused	0	1980	1980	55	Crime,Drama,Mystery
tt0081959	tvMiniSeries	Wer den Schaden hat...	Wer den Schaden hat...	0	1981	\N	180	\N
tt0081963	tvMiniSeries	Winston Churchill: The Wilderness Years	Winston Churchill: The Wilderness Years	0	1981	1981	60	Biography,Drama,History
tt0082056	video	Behind the Scenes of an Adult Movie	Behind the Scenes of an Adult Movie	1	1984	\N	90	Adult,Documentary
tt0082140	tvMiniSeries	The Charterhouse of Parma	La certosa di Parma	0	1982	1982	60	Drama,History
tt0082221	video	Cymbeline	Cymbeline	0	1981	\N	166	\N
tt0082289	video	A Dream Called Walt Disney World	A Dream Called Walt Disney World	0	1981	\N	25	Family,Short
tt0082316	video	Elephant Parts	Elephant Parts	0	1981	\N	60	Comedy,Music
tt0082461	tvMiniSeries	Goliath Awaits	Goliath Awaits	0	1981	1981	200	Adventure,Drama,Romance
tt0082475	video	Queen's Greatest Flix	Queen's Greatest Flix	0	1981	\N	60	Music
tt0082570	tvShort	It's Magic, Charlie Brown	It's Magic, Charlie Brown	0	1981	\N	24	Animation,Comedy,Family
tt0082573	tvMiniSeries	Jacqueline Susann's Valley of the Dolls	Jacqueline Susann's Valley of the Dolls	0	1981	1981	233	Drama
tt0082617	tvMiniSeries	A Kind of Loving	A Kind of Loving	0	1982	1982	50	Drama
tt0082660	tvMiniSeries	The Life and Adventures of Nicholas Nickleby	The Life and Adventures of Nicholas Nickleby	0	1982	1982	540	Drama
tt0082692	video	Macbeth	Macbeth	0	1981	\N	132	Drama
tt0082756	video	Mistaken Memories of Mediaeval Manhattan	Mistaken Memories of Mediaeval Manhattan	0	1981	\N	47	\N
tt0082862	video	The Tragedy of Othello, the Moor of Venice	The Tragedy of Othello, the Moor of Venice	0	1981	\N	195	Drama,Romance
tt0083100	tvMiniSeries	The Adventures of Sherlock Holmes and Dr. Watson: The Hound of the Baskervilles	Priklyucheniya Sherloka Kholmsa i doktora Vatsona: Sobaka Baskerviley	0	1981	1981	77	Adventure,Crime,Mystery
tt0083108	tvMiniSeries	The Sophisticated Gents	The Sophisticated Gents	0	1981	1981	240	Drama
tt0083166	tvMiniSeries	Tales of the Klondike	Tales of the Klondike	0	1981	\N	60	Adventure,Drama
tt0083383	tvMiniSeries	The Confessions of Felix Krull	Les confessions du chevalier d'industrie Félix Krull	0	1982	1982	60	Comedy,Crime,Drama
tt0083385	tvMiniSeries	Bernstein/Beethoven	Bernstein/Beethoven	0	1982	\N	90	Documentary,Music
tt0083387	tvMiniSeries	The Blue and the Gray	The Blue and the Gray	0	1982	1982	127	Drama,History,War
tt0083390	tvMiniSeries	Brideshead Revisited	Brideshead Revisited	0	1981	1981	60	Drama,Romance
tt0083409	tvMiniSeries	East of Eden	East of Eden	0	1981	1981	480	Drama
tt0083446	tvMiniSeries	Marco Polo	Marco Polo	0	1982	1983	504	Adventure,Biography,Drama
tt0083456	tvMiniSeries	Nicolo Paganini	Nicolo Paganini	0	1982	1982	256	Biography,Drama,Music
tt0083480	tvMiniSeries	Smiley's People	Smiley's People	0	1982	1982	60	Drama,Mystery
tt0083487	tvMiniSeries	Ta den ring	Ta den ring	0	1982	1982	160	Mystery,Sci-Fi,Thriller
tt0083498	tvMiniSeries	Under Capricorn	Under Capricorn	0	1983	1983	198	Drama,History
tt0083501	tvMiniSeries	We'll Meet Again	We'll Meet Again	0	1982	1982	52	Drama,Romance,War
tt0083503	tvMiniSeries	Wilhelm Meisters theatralische Sendung	Wilhelm Meisters theatralische Sendung	0	1982	\N	190	Drama
tt0083508	tvMiniSeries	1915	1915	0	1982	1982	60	Drama,War
tt0083646	tvSpecial	The Mondo Beyondo Show	The Mondo Beyondo Show	0	1988	\N	60	Comedy,Music
tt0083689	tvMiniSeries	Boys from the Blackstuff	Boys from the Blackstuff	0	1982	1982	50	Drama
tt0083752	video	The Compleat Beatles	The Compleat Beatles	0	1982	\N	119	Documentary,Music
tt0083786	tvMiniSeries	Dancing Paradise	Dancing Paradise	0	1982	\N	180	Comedy,Musical
tt0083838	video	Dirty Looks	Dirty Looks	1	1982	\N	\N	Adult
tt0083901	video	Scarab	Scarab	0	1983	\N	90	Adventure,Horror
tt0083905	tvShort	Etyud dlya domino s royalem	Etyud dlya domino s royalem	0	1982	\N	20	Comedy,Short
tt0083951	video	The Flight of Dragons	The Flight of Dragons	0	1982	\N	95	Adventure,Animation,Family
tt0083957	tvMiniSeries	For the Term of His Natural Life	For the Term of His Natural Life	0	1983	1983	520	Adventure,Drama
tt0084053	tvMiniSeries	Harry's Game	Harry's Game	0	1982	1982	60	Thriller
tt0084258	tvMiniSeries	Little Gloria... Happy at Last	Little Gloria... Happy at Last	0	1982	1982	180	Biography,Drama
tt0084376	videoGame	MysteryDisc: Murder, Anyone?	MysteryDisc: Murder, Anyone?	0	1982	\N	\N	Adventure,Crime,Mystery
tt0084427	tvMiniSeries	A névtelen vár	A névtelen vár	0	1981	1981	360	Drama
tt0084542	tvMiniSeries	Professiya - sledovatel	Professiya - sledovatel	0	1984	\N	\N	Crime,Mystery
tt0084596	video	Richard II	Richard II	0	1982	\N	172	\N
tt0084701	tvShort	The Snowman	The Snowman	0	1982	\N	26	Adventure,Animation,Drama
tt0084888	video	Warren Zevon	Warren Zevon	0	1982	\N	\N	\N
tt0084892	video	We Will Rock You: Queen Live in Concert	Queen: We Will Rock You	0	1983	\N	96	Documentary,Music
tt0084919	tvMiniSeries	World War III	World War III	0	1982	1982	200	Drama,Thriller,War
tt0084971	tvMiniSeries	Alternatywy 4	Alternatywy 4	0	1986	1986	55	Comedy
tt0084975	tvMiniSeries	Au nom de tous les miens	Au nom de tous les miens	0	1985	1985	52	Drama
tt0084984	tvMiniSeries	Beau Geste	Beau Geste	0	1982	1982	204	Action,Adventure,Drama
tt0084995	tvMiniSeries	La chambre des dames	La chambre des dames	0	1983	1986	52	History
tt0084997	tvMiniSeries	Chiefs	Chiefs	0	1983	1983	67	Crime,Drama,Mystery
tt0084998	tvMiniSeries	The Cleopatras	The Cleopatras	0	1983	1983	50	Biography,Drama,History
tt0085003	tvMiniSeries	Dani AVNOJ-a	Dani AVNOJ-a	0	1983	1983	50	Drama,History,War
tt0085006	tvMiniSeries	The Dismissal	The Dismissal	0	1983	1983	\N	Drama,History
tt0085019	tvMiniSeries	Die Geschwister Oppermann	Die Geschwister Oppermann	0	1983	\N	220	Drama
tt0085021	tvMiniSeries	Die goldenen Schuhe	Die goldenen Schuhe	0	1983	\N	290	\N
tt0085026	tvMiniSeries	Der gute Engel	Der gute Engel	0	1983	\N	45	\N
tt0085037	tvMiniSeries	Jane Eyre	Jane Eyre	0	1983	1983	28	Drama,Romance
tt0085039	tvMiniSeries	Jonssons onsdag	Jonssons onsdag	0	1983	\N	15	Comedy
tt0085044	tvMiniSeries	Kennedy	Kennedy	0	1983	1983	282	Biography,Drama,History
tt0085052	tvMiniSeries	Mansfield Park	Mansfield Park	0	1983	1983	261	Drama,Romance
tt0085054	tvMiniSeries	Martin Luther	Martin Luther	0	1983	1983	90	Biography,Drama
tt0085061	tvMiniSeries	My Cousin Rachel	My Cousin Rachel	0	1983	1983	55	Drama,Mystery,Romance
tt0085072	tvMiniSeries	Podrostok	Podrostok	0	1983	\N	385	Drama,History
tt0085077	tvMiniSeries	Reilly: Ace of Spies	Reilly: Ace of Spies	0	1983	1983	60	Crime,Drama,History
tt0085079	tvMiniSeries	Return to Eden	Return to Eden	0	1983	1983	89	Drama,Romance,Thriller
tt0085083	tvMiniSeries	Die Rumplhanni	Die Rumplhanni	0	1981	\N	\N	\N
tt0085089	tvMiniSeries	Scully	Scully	0	1984	1984	60	Comedy,Drama,Sport
tt0085101	tvMiniSeries	The Thorn Birds	The Thorn Birds	0	1983	1983	122	Drama,Romance
tt0085103	tvMiniSeries	Der Trotzkopf	Der Trotzkopf	0	1983	1983	190	Drama
tt0085106	tvMiniSeries	V	V	0	1983	1983	99	Action,Adventure,Drama
tt0085107	tvMiniSeries	Wagner	Wagner	0	1983	1983	300	Biography,Drama,History
tt0085111	tvMiniSeries	Widows	Widows	0	1983	1985	301	Crime,Drama
tt0085112	tvMiniSeries	The Winds of War	The Winds of War	0	1983	1983	126	Drama,Romance,War
tt0085114	tvMiniSeries	A Woman of Substance	A Woman of Substance	0	1984	1984	300	Drama,Romance
tt0085217	video	A Barca do Inferno	A Barca do Inferno	0	1983	\N	\N	\N
tt0085219	tvMiniSeries	Der Bastard	Der Bastard	0	1983	\N	203	\N
tt0085256	video	Blue Voodoo	Blue Voodoo	1	1984	\N	86	Adult,Drama,Horror
tt0085293	video	Captives	Captives	1	1981	\N	63	Adult,Drama
tt0085324	video	Chattes chaudes sur queues brûlantes	Chattes chaudes sur queues brûlantes	1	1983	\N	\N	Adult
tt0085474	tvSpecial	Eddie Murphy: Delirious	Eddie Murphy: Delirious	0	1983	\N	69	Comedy,Documentary
tt0085497	tvSpecial	EPCOT Center: The Opening Celebration	EPCOT Center: The Opening Celebration	0	1982	\N	50	Comedy,Family,Music
tt0085539	video	Filmgore	Filmgore	0	1983	\N	85	Documentary,Horror
tt0085658	tvMiniSeries	The Heart of the Matter	Il nocciolo della questione	0	1983	\N	60	Drama,Romance,War
tt0085803	video	Knowhutimean? Hey Vern, It's My Family Album	Knowhutimean? Hey Vern, It's My Family Album	0	1983	\N	57	Comedy
tt0085884	video	Sharp Shooters	La Madonna des pipes	1	1983	\N	\N	Adult
tt0085887	video	Le majordome est bien monté	Le majordome est bien monté	1	1983	\N	55	Adult
tt0085982	videoGame	MysteryDisc: Many Roads to Murder	MysteryDisc: Many Roads to Murder	0	1983	\N	\N	Adventure,Crime,Mystery
tt0086002	video	Neil Young in Berlin	Neil Young in Berlin	0	1983	\N	60	Documentary,Music
tt0086009	video	Nick Danger in the Case of the Missing Yolk	Nick Danger in The Case of the Missing Yolk	0	1983	\N	60	Comedy
tt0086048	video	Once Upon a Secretary	Once Upon a Secretary	1	1983	\N	77	Adult
tt0086089	tvMiniSeries	Pavlova: A Woman for All Time	Anna Pavlova	0	1983	1983	155	Biography,Drama,Music
tt0086140	tvMiniSeries	Princess Daisy	Princess Daisy	0	1983	1983	190	Drama,Romance
tt0086194	tvSpecial	Richard Pryor... Here and Now	Richard Pryor ...Here & Now	0	1983	\N	83	Comedy,Documentary
tt0086229	tvMiniSeries	Sadat	Sadat	0	1983	1983	195	Biography,Drama,History
tt0086292	video	The Sex and Violence Family Hour	The Sex and Violence Family Hour	0	1983	\N	60	Comedy
tt0086295	tvMiniSeries	Icebound in the Antarctic	Shackleton	0	1983	\N	55	Adventure,Drama,History
tt0086328	video	Snack Time	Snack Time	1	1983	\N	\N	Adult
tt0086333	tvMiniSeries	The Adventures of Sherlock Holmes and Dr. Watson: The Treasures of Agra	Priklyucheniya Sherloka Kholmsa i doktora Vatsona: Sokrovishcha Agry	0	1983	1983	76	Crime,Mystery,Romance
tt0086570	tvMiniSeries	Waterfront	Waterfront	0	1984	1984	284	Drama,Romance
tt0086663	tvMiniSeries	All the Rivers Run	All the Rivers Run	0	1983	1983	400	Adventure,Drama,Romance
tt0086667	tvMiniSeries	The Barchester Chronicles	The Barchester Chronicles	0	1982	1982	385	Drama
tt0086668	tvMiniSeries	The Beiderbecke Affair	The Beiderbecke Affair	0	1985	1985	320	Comedy,Drama,Music
tt0086672	tvMiniSeries	Bodyline	Bodyline	0	1984	1984	436	Drama,History,Sport
tt0086676	tvMiniSeries	The Boy in the Bush	The Boy in the Bush	0	1984	1984	45	Adventure,Drama,History
tt0086679	tvMiniSeries	Celebrity	Celebrity	0	1984	1984	313	Drama
tt0086682	tvMiniSeries	Charlie	Charlie	0	1984	1984	240	Crime,Drama,Mystery
tt0086705	tvMiniSeries	Ellis Island	Ellis Island	0	1984	1984	420	Drama,History
tt0086711	tvMiniSeries	The Far Pavilions	The Far Pavilions	0	1984	1984	315	Drama,History,Romance
tt0086713	tvMiniSeries	The First Olympics: Athens 1896	The First Olympics: Athens 1896	0	1984	1984	237	Drama,History,Sport
tt0086720	tvMiniSeries	George Washington	George Washington	0	1984	1984	480	Biography,Drama,History
tt0086723	tvMiniSeries	Guest from the Future	Gostya iz budushchego	0	1985	1985	63	Adventure,Family,Sci-Fi
tt0086732	tvMiniSeries	The Man from Suez	L'homme de Suez	0	1983	1984	85	Adventure,History
tt0086739	tvMiniSeries	The Jewel in the Crown	The Jewel in the Crown	0	1984	1984	56	Drama,History,Romance
tt0086746	tvMiniSeries	The Last Days of Pompeii	The Last Days of Pompeii	0	1984	1984	253	Action,Drama,History
tt0086755	tvMiniSeries	Master of the Game	Master of the Game	0	1984	1984	413	Drama
tt0086761	tvMiniSeries	The Million Dollar Hijack	Der Millionen-Coup	0	1984	\N	108	Crime,Drama
tt0086762	tvMiniSeries	Mistral's Daughter	Mistral's Daughter	0	1984	1984	390	Drama,Romance
tt0086766	tvMiniSeries	Nancy Astor	Nancy Astor	0	1982	1982	55	Biography,Drama,History
tt0086780	tvMiniSeries	Playing Shakespeare	Playing Shakespeare	0	1982	1982	\N	Documentary
tt0086782	tvMiniSeries	Polisen som vägrade ge upp	Polisen som vägrade ge upp	0	1984	1984	50	Crime
tt0086784	tvMiniSeries	Predel vozmozhnogo	Predel vozmozhnogo	0	1984	\N	380	Drama
tt0086798	tvMiniSeries	Shaka Zulu	Shaka Zulu	0	1986	1986	55	Action,Biography,Drama
tt0086809	tvMiniSeries	The Sun Also Rises	The Sun Also Rises	0	1984	1984	240	Drama
tt0086813	tvMiniSeries	TASS upolnomochen zayavit...	TASS upolnomochen zayavit...	0	1984	1984	700	Adventure
tt0086820	tvMiniSeries	Trzy mlyny	Trzy mlyny	0	1984	\N	158	Drama
tt0086823	tvMiniSeries	V: The Final Battle	V: The Final Battle	0	1984	1984	91	Action,Adventure,Drama
tt0086825	tvMiniSeries	Where the Sky Begins	La conquête du ciel	0	1980	\N	420	Adventure,Romance
tt0086906	video	L'antiquaire a la chatte trempée	L'antiquaire a la chatte trempée	1	1984	\N	\N	Adult
tt0086929	video	Bad Girls III	Bad Girls III	1	1985	\N	85	Adult,Comedy
tt0086944	video	Be Somebody... or Be Somebody's Fool!	Be Somebody... or Be Somebody's Fool!	0	1984	\N	52	Family,Music
tt0087000	video	Breaking It... A Story About Virgins	Breaking It... A Story About Virgins	1	1984	\N	82	Adult,Comedy
tt0087098	tvMiniSeries	The Crime of Ovide Plouffe	Le crime d'Ovide Plouffe	0	1984	\N	107	Crime,Drama
tt0087180	video	The Dub Room Special!	The Dub Room Special!	0	1984	\N	92	Comedy,Documentary,Music
tt0087220	tvMiniSeries	Eureka Stockade	Eureka Stockade	0	1984	1984	\N	Drama
tt0087234	tvShort	Family Business: Chantal Akerman Speaks About Film	Family Business: Chantal Akerman Speaks About Film	0	1984	\N	18	Comedy,Documentary,Drama
tt0087244	tvMiniSeries	Fatal Vision	Fatal Vision	0	1984	1984	181	Crime,Drama,History
tt0087341	tvMiniSeries	The Glory Boys	The Glory Boys	0	1984	1984	139	Thriller
tt0087400	tvMiniSeries	Heimat: A Chronicle of Germany	Heimat: Eine Chronik in elf Teilen	0	1984	1984	\N	Drama,History,War
tt0087454	tvShort	Idalina	Idalina	0	1984	\N	10	Short
tt0087471	video	Ingrid, Whore of Hamburg	Ingrid, Whore of Hamburg	1	1984	\N	\N	Adult
tt0087478	tvMiniSeries	The Invisible Man	The Invisible Man	0	1984	1984	50	Crime,Drama,Horror
tt0087583	tvMiniSeries	Lace	Lace	0	1984	1984	120	Drama
tt0087590	tvMiniSeries	The Last Bastion	The Last Bastion	0	1984	1984	360	Drama,History,War
tt0087621	tvMiniSeries	Verdi	Verdi	0	1982	1983	70	Biography,Drama,Music
tt0087656	video	Lust in the Fast Lane	Lust in the Fast Lane	1	1984	\N	75	Adult
tt0087684	tvMiniSeries	A Married Man	A Married Man	0	1983	\N	240	Drama
tt0087726	video	Miss Passion	Miss Passion	1	1984	\N	80	Adult,Sci-Fi
tt0087749	tvMiniSeries	Miss Marple: The Moving Finger	Miss Marple: The Moving Finger	0	1985	1985	51	Crime,Drama,Mystery
tt0087756	tvMiniSeries	Miss Marple: A Murder Is Announced	Miss Marple: A Murder Is Announced	0	1985	1985	53	Crime,Drama,Mystery
tt0087893	tvShort	Passeggeri	Passeggeri	0	1984	\N	10	Short
tt0087924	tvMiniSeries	Miss Marple: A Pocketful of Rye	Miss Marple: A Pocketful of Rye	0	1985	1985	52	Crime,Drama,Mystery
tt0087940	video	Pretty as You Feel	Pretty as You Feel	1	1984	\N	82	Adult,Drama
tt0088266	video	Thursday Afternoon	Thursday Afternoon	0	1984	\N	82	\N
tt0088360	tvShort	Vocazione	Vocazione	0	1984	\N	10	Short
tt0088391	video	What Gets Me Hot!	What Gets Me Hot!	1	1984	\N	75	Adult
tt0088415	video	Working Girls	Working Girls	1	1984	\N	77	Adult,Drama
tt0088435	video	Sweet and Naughty	Young and Naughty	1	1984	\N	81	Adult,Comedy,Romance
tt0088453	tvShort	Zloy malchik	Zloy malchik	0	1984	\N	19	Drama,Short
tt0088471	tvMiniSeries	A.D.	A.D.	0	1985	1985	600	Drama,History
tt0088479	tvMiniSeries	Anzacs	Anzacs	0	1985	1985	165	Drama,History,War
tt0088483	tvMiniSeries	The Black Tower	The Black Tower	0	1985	1985	50	Crime,Drama,Mystery
tt0088487	tvMiniSeries	Blott on the Landscape	Blott on the Landscape	0	1985	1985	300	Comedy
tt0088501	tvMiniSeries	Dead Head	Dead Head	0	1986	1986	50	Crime,Drama,Mystery
tt0088506	tvMiniSeries	The Detective	The Detective	0	1985	\N	50	Thriller
tt0088507	tvMiniSeries	Dirty Pair	Dâti pea	0	1985	1988	25	Action,Adventure,Animation
tt0088514	tvMiniSeries	Evergreen	Evergreen	0	1985	1985	360	Drama,Family,Romance
tt0088518	tvMiniSeries	The Flying Doctors	The Flying Doctors	0	1985	1986	267	Drama,Romance
tt0088534	tvMiniSeries	Hemma hoz	Hemma hoz	0	1985	1985	\N	Comedy
tt0088536	tvMiniSeries	Hollywood Wives	Hollywood Wives	0	1985	1985	270	Drama,Romance
tt0088545	tvMiniSeries	The Secret of the Black Dragon	Jenseits der Morgenröte	0	1985	1985	100	Adventure
tt0088547	tvMiniSeries	Kane & Abel	Kane & Abel	0	1985	1985	240	Drama
tt0088551	tvMiniSeries	The Last Place on Earth	The Last Place on Earth	0	1985	1985	396	Drama,History
tt0088555	tvMiniSeries	Ljubavne price	Ljubavne price	0	1985	\N	\N	\N
tt0088579	tvMiniSeries	Mussolini: The Untold Story	Mussolini: The Untold Story	0	1985	1985	410	Biography,Drama,History
tt0088583	tvMiniSeries	North & South: Book 1, North & South	North and South	0	1985	1985	94	Drama,History,Romance
tt0088586	tvMiniSeries	Oliver Twist	Oliver Twist	0	1985	1985	360	Drama
tt0088593	tvMiniSeries	Return to Treasure Island	John Silver's Return to Treasure Island	0	1986	1986	428	Adventure
tt0088594	tvMiniSeries	Robert Kennedy and His Times	Robert Kennedy and His Times	0	1985	1985	309	Drama,History
tt0088597	tvMiniSeries	Röd snö	Röd snö	0	1985	1985	\N	Crime,Mystery,Thriller
tt0088608	tvMiniSeries	Sagan om Skrotnisse och hans vänner	Sagan om Skrotnisse och hans vänner	0	1985	1985	\N	Adventure,Animation,Family
tt0088611	tvMiniSeries	Space	Space	0	1985	1985	780	Drama
tt0088626	tvMiniSeries	Tender Is the Night	Tender Is the Night	0	1985	1985	180	Drama
tt0088630	tvMiniSeries	A Thousand Skies	A Thousand Skies	0	1985	1985	100	Adventure,Biography,Drama
tt0088635	tvMiniSeries	In Search of Captain Grant	V poiskakh kapitana Granta	0	1986	1986	\N	Adventure
tt0088637	tvMiniSeries	Via Mala	Via Mala	0	1985	1985	91	Drama
tt0088651	tvShort	6 Mina	6 Mina	0	1985	\N	10	Short
tt0088655	tvMiniSeries	A.D. Police Files	AD Police Files	0	1990	1990	121	Animation,Crime,Horror
tt0088675	video	Adult 45 Volume 1	Adult 45 Volume 1	1	1985	\N	60	Adult,Music
tt0088676	video	Adventure in San Fenleu	Adventure in San Fenleu	1	1985	\N	\N	Adult
tt0088693	tvMiniSeries	Alice in Wonderland	Alice in Wonderland	0	1985	1985	94	Adventure,Family,Fantasy
tt0088718	video	Anal Annie and the Willing Husbands	Anal Annie and the Willing Husbands	1	1985	\N	78	Adult,Drama
tt0088727	tvMiniSeries	Anne of Green Gables	Anne of Green Gables	0	1985	1985	100	Drama,Family
tt0088730	video	Another Roll in the Hay	Another Roll in the Hay	1	1985	\N	79	Adult,Comedy,Crime
tt0088736	tvMiniSeries	Area 88	Area 88	0	1985	1986	200	Action,Animation,Drama
tt0088738	video	Aroused	Aroused	1	1985	\N	71	Adult,Drama
tt0088750	tvMiniSeries	The Atlanta Child Murders	The Atlanta Child Murders	0	1985	1985	245	Crime,Drama,Mystery
tt0088777	tvMiniSeries	Batalyony prosyat ognya	Batalyony prosyat ognya	0	1985	\N	285	Drama,War
tt0088790	video	The Best of John Belushi	The Best of John Belushi	0	1985	\N	60	Comedy
tt0088815	video	Black Throat	Black Throat	1	1985	\N	66	Adult,Comedy
tt0088822	video	Blood Beat	Blood Beat	0	1983	\N	87	Horror
tt0088833	tvMiniSeries	Miss Marple: The Body in the Library	Miss Marple: The Body in the Library	0	1984	1984	52	Crime,Drama,Mystery
tt0088863	tvMiniSeries	Bubblegum Crisis	Baburugamu kuraishisu	0	1987	1991	25	Action,Animation,Fantasy
tt0088877	tvShort	Camera oscura	Camera oscura	0	1985	\N	10	Short
tt0088916	tvMiniSeries	Christopher Columbus	Christopher Columbus	0	1985	1985	360	Adventure,Biography,Drama
tt0088956	video	Country Girl	Country Girl	1	1985	\N	85	Adult
tt0088975	tvMiniSeries	Heart	Cuore	0	1984	1984	115	Drama
tt0089004	tvMiniSeries	A Death in California	A Death in California	0	1985	1985	240	Drama
tt0089008	tvMiniSeries	Deceptions	Deceptions	0	1985	1985	181	Drama,Mystery,Romance
tt0089018	tvMiniSeries	Manuel on the Island of Wonders	Manoel dans l'île des merveilles	0	1984	1984	130	Adventure,Drama,Fantasy
tt0089020	tvMiniSeries	Deti solntsa	Deti solntsa	0	1985	\N	180	Drama
tt0089035	video	Does Humor Belong in Music?	Does Humor Belong in Music?	0	1985	\N	57	Comedy,Documentary,Music
tt0089046	tvMiniSeries	Doubletake	Doubletake	0	1985	1985	176	Drama,Thriller
tt0089059	tvMiniSeries	The Dunera Boys	The Dunera Boys	0	1985	1985	200	Drama,War
tt0089071	video	Educating Mandy	Educating Mandy	1	1985	\N	78	Adult,Drama
tt0089099	video	Erotic Intruders	Erotic Intruders	1	1985	\N	60	Adult
tt0089180	video	Future Voyeur	Future Voyeur	1	1985	\N	89	Adult,Sci-Fi
tt0089185	video	The Galaxy Invader	The Galaxy Invader	0	1985	\N	79	Horror,Sci-Fi
tt0089187	tvMiniSeries	Once a Cop...	Een gang strømer...	0	1987	1987	60	Action,Crime,Drama
tt0089204	video	Gilda la ravageuse	Gilda la ravageuse	1	1985	\N	\N	Adult
tt0089257	video	Harlequin Affair	Harlequin Affair	1	1985	\N	90	Adult,Drama
tt0089286	video	Holly Does Hollywood	Holly Does Hollywood	1	1985	\N	90	Adult
tt0089299	video	Horror House on Highway Five	Horror House on Highway Five	0	1985	\N	87	Comedy,Horror
tt0089303	video	Hot Close Ups	Hot Close Ups	1	1985	\N	\N	Adult
tt0089356	video	It's My Body	It's My Body	1	1985	\N	80	Adult,Drama
tt0089368	tvMiniSeries	Jenny's War	Jenny's War	0	1985	1985	198	Drama,War
tt0089376	tvSpecial	The Joe Piscopo Special	The Joe Piscopo Special	0	1984	\N	60	Comedy,Music
tt0089379	tvMiniSeries	Johann Sebastian Bach	Johann Sebastian Bach	0	1985	1985	\N	Biography,Drama,Music
tt0089454	video	Ladies in Lace	Ladies in Lace	1	1985	\N	86	Adult
tt0089497	video	Live in Rio	Live in Rio	0	1985	\N	\N	\N
tt0089500	tvMiniSeries	The Long Hot Summer	The Long Hot Summer	0	1985	1985	200	Drama,Romance
tt0089531	video	Madame Deborah	Madame Deborah	1	1985	\N	\N	Adult
tt0089536	video	Je mouille aussi par derrière	Je mouille aussi par derrière	1	1985	\N	55	Adult
tt0089625	video	Mount America	Mount America	0	1985	\N	\N	\N
tt0089635	video	Mrs Winter's Lovers	Mrs Winter's Lovers	1	1985	\N	\N	Adult
tt0089645	tvMiniSeries	Mussolini and I	Mussolini and I	0	1985	1985	120	Biography,Drama,War
tt0089665	video	The Nail Gun Massacre	The Nail Gun Massacre	0	1985	\N	85	Horror,Thriller
tt0089732	tvMiniSeries	One Summer Again	One Summer Again	0	1985	1985	157	\N
tt0089735	video	The Oracle	The Oracle	0	1985	\N	94	Crime,Horror
tt0089749	tvMiniSeries	Otaku no video	Otaku no video	0	1991	1991	50	Animation,Comedy,Drama
tt0089787	tvMiniSeries	Los pazos de Ulloa	Los pazos de Ulloa	0	1985	1985	240	Drama
tt0089799	video	Perfect Fit	Perfect Fit	1	1985	\N	75	Adult,Comedy
tt0089824	video	Poonies	Poonies	1	1985	\N	80	Adult
tt0089829	video	Portrait of Lust	Portrait of Lust	1	1985	\N	84	Adult
tt0089870	tvMiniSeries	Quo Vadis?	Quo Vadis?	0	1985	1985	360	Drama
tt0089918	tvSpecial	Richard Pryor: Live and Smokin'	Richard Pryor: Live and Smokin'	0	1971	\N	48	Comedy
tt0089922	video	The Ripper	The Ripper	0	1985	\N	102	Horror
tt0089940	video	Rumic World: Fire Tripper	Rumik World: Faiyâ torippâ	0	1986	\N	48	Adventure,Animation,Drama
tt0089965	video	Say I'm a Jew	Say I'm a Jew	0	1985	\N	\N	Documentary
tt0089991	tvMiniSeries	Sense and Sensibility	Sense and Sensibility	0	1981	1981	174	Drama,Romance
tt0089998	video	Sex Fifth Avenue	Sex Fifth Avenue	1	1985	\N	117	Adult
tt0089999	video	Sex Waves	Sex Waves	1	1985	\N	86	Adult,Sci-Fi
tt0090016	tvMiniSeries	Shout! - The Story of Johnny O'Keefe	The Story of Johnny O'Keefe	0	1985	1985	100	\N
tt0090032	video	Sky Pies	Sky Pies	1	1985	\N	71	Adult
tt0090040	tvMiniSeries	Sogni e bisogni	Sogni e bisogni	0	1985	\N	360	Comedy,Fantasy
tt0090059	tvShort	La squadra del lunedì	La squadra del lunedì	0	1985	\N	10	Short
tt0090120	video	Tailhouse Rock	Tailhouse Rock	1	1985	\N	88	Adult
tt0090123	video	Takin' It Off	Takin' It Off	0	1985	\N	90	Comedy
tt0090140	video	Teacher's Favorite Pet	Teacher's Favorite Pet	1	1985	\N	84	Adult,Comedy
tt0090143	video	The Tempest	The Tempest	0	1983	\N	127	\N
tt0090165	video	Three of a Perfect Pair: Live in Japan	Three of a Perfect Pair: Live in Japan	0	1985	\N	88	Documentary,Music
tt0090191	video	Tracy in Heaven	Tracy in Heaven	1	1985	\N	90	Adult,Drama,Fantasy
tt0090261	video	Video from Hell	Video from Hell	0	1985	\N	60	Music
tt0090287	video	The Walt Disney Comedy and Magic Revue	The Walt Disney Comedy and Magic Revue	0	1985	\N	30	Animation,Comedy,Family
tt0090301	video	We Love to Tease	We Love to Tease	1	1985	\N	75	Adult
tt0090331	video	Wizard of Ahh's	Wizard of Ahh's	1	1985	\N	\N	Adult,Fantasy,Sci-Fi
tt0090397	tvMiniSeries	Biala wizytówka	Biala wizytówka	0	1989	\N	55	Drama,History,Romance
tt0090401	tvMiniSeries	Brat Farrar	Brat Farrar	0	1986	1986	155	Drama,Mystery
tt0090411	tvMiniSeries	Crossings	Crossings	0	1986	1986	269	Drama,Romance,War
tt0090422	tvMiniSeries	Dream West	Dream West	0	1986	1986	\N	Biography,Drama,Western
tt0090424	tvMiniSeries	Edge of Darkness	Edge of Darkness	0	1985	1985	53	Crime,Drama,Mystery
tt0090431	tvMiniSeries	First Among Equals	First Among Equals	0	1986	1986	60	Drama
tt0090435	tvMiniSeries	Fresno	Fresno	0	1986	1986	360	Comedy
tt0090439	tvMiniSeries	The Great Bookie Robbery	The Great Bookie Robbery	0	1986	1986	60	Crime,Drama
tt0090443	tvMiniSeries	The Haunted School	The Haunted School	0	1986	1987	30	Horror
tt0090446	tvMiniSeries	Heart of the Country	Heart of the Country	0	1987	1987	60	Drama
tt0090455	tvMiniSeries	If Tomorrow Comes	If Tomorrow Comes	0	1986	1986	101	Crime,Drama,Mystery
tt0090595	video	Aerobics Girls Club	Aerobics Girls Club	1	1986	\N	98	Adult,Drama
tt0090606	video	All for His Ladies	All for His Ladies	1	1986	\N	90	Adult
tt0090628	video	Amberella: 'Agent of L.U.S.T.'	Amberella: 'Agent of L.U.S.T.'	1	1986	\N	80	Adult,Sci-Fi
tt0090639	video	And I Do Windows... Too!	And I Do Windows... Too!	1	1986	\N	86	Adult,Comedy
tt0090726	video	Big City Comedy	Big City Comedy	0	1986	\N	60	Comedy,Documentary
tt0090741	video	Blame It on Ginger	Blame It on Ginger	1	1986	\N	78	Adult,Comedy
tt0090816	video	Chartbusters	Chartbusters	0	1986	\N	\N	\N
tt0090920	video	Debbie Duz Dishes	Debbie Duz Dishes	1	1986	\N	88	Adult,Comedy
tt0090923	video	Deja View	Deja View	0	1986	\N	52	Music
tt0091016	video	Escapes	Escapes	0	1986	\N	72	Drama,Fantasy,Horror
tt0091031	video	Fantasies of a Married Woman	Fantasies of a Married Woman	0	1986	\N	\N	\N
tt0091172	video	Hard to Handle: Bob Dylan in Concert	Hard to Handle: Bob Dylan in Concert	0	1986	\N	55	Documentary,Music
tt0091218	video	Hot Patutti	Hot Patutti	1	1986	\N	\N	Adult
tt0091220	video	Hotel California	Hotel California	1	1986	\N	87	Adult
tt0091413	video	Like Men	Like Men	0	1986	\N	17	Documentary,Short
tt0091565	tvShort	Mr. Bill's Real Life Adventures	Mr. Bill's Real Life Adventures	0	1986	\N	43	Animation,Comedy,Short
tt0091581	video	My Favorite Fairy Tales Volume 4: The Wizard of Oz; The Magic Carpet; Alibaba and Forty Thieves	My Favorite Fairy Tales Volume 4: The Wizard of Oz; The Magic Carpet; Alibaba and Forty Thieves	0	1986	\N	30	Adventure,Animation,Comedy
tt0091612	video	Class of '86	Class of '86	0	1986	\N	\N	Comedy,Musical
tt0091615	video	Naughty French Fantasies	Naughty French Fantasies	1	1986	\N	\N	Adult
tt0091743	video	Penthouse Love Stories	Penthouse Love Stories	0	1986	\N	60	Romance
tt0091752	video	The Phantom Empire	The Phantom Empire	0	1988	\N	83	Adventure,Comedy,Fantasy
tt0091768	video	Playboy: Playmate Playoffs	Playboy: Playmate Playoffs	0	1986	\N	\N	Documentary
tt0091848	video	Revenge	Revenge	0	1986	\N	100	Horror
tt0091850	video	Vanishing America	Vanishing America	0	1985	\N	50	Comedy
tt0091992	video	THE PHOENIX: -SPACE-	Hi no tori: Uchû-hen	0	1987	\N	48	Adventure,Animation,Drama
tt0092118	video	Truth or Dare?	Truth or Dare?: A Critical Madness	0	1986	\N	90	Horror
tt0092142	video	Urusei Yatsura: Ryoko's September Tea Party	Urusei Yatsura: Ryôko no Kugatsu no Ochakai	0	1985	\N	48	Animation,Comedy
tt0092209	video	Whodunit?	Whodunit?	0	1983	\N	92	Action,Comedy,Mystery
tt0092217	video	Wimps	Wimps	0	1986	\N	94	Comedy
tt0092259	video	The Phoenix (Chapter of Yamato)	Hi no tori: Yamato-hen	0	1987	\N	48	Animation,Drama,History
tt0092514	video	The Adventures of Dick Black, the Black Dick	The Adventures of Dick Black, the Black Dick	1	1987	\N	85	Adult
tt0092515	video	The Adventures of Ladde One and Evil Jay	The Adventures of Ladde One and Evil Jay	0	1987	\N	\N	\N
tt0092640	video	Best Friends II	Best Friends II	1	1987	\N	\N	Adult
tt0092658	video	Bill Cosby: 49	Bill Cosby: 49	0	1987	\N	67	Comedy,Documentary
tt0092664	video	Black Magic M-66	Burakku Majikku M-66	0	1987	\N	48	Action,Animation,Sci-Fi
tt0092670	video	Blood Frenzy	Blood Frenzy	0	1987	\N	90	Horror
tt0092689	video	Born for Love	Born for Love	1	1987	\N	114	Adult
tt0092697	video	The Bride	The Bride	1	1987	\N	73	Adult,Comedy,Romance
tt0092811	video	Cv	Cv	0	1987	\N	40	Music,Short
tt0092821	video	Dance or Die	Dance or Die	0	1987	\N	90	Thriller
tt0092856	video	Death Nurse	Death Nurse	0	1987	\N	60	Horror
tt0092912	video	Dorf on Golf	Dorf on Golf	0	1987	\N	30	Comedy,Short,Sport
tt0092913	video	Dorf's Golf Bible	Dorf's Golf Bible	0	1988	\N	30	Comedy,Fantasy,Short
tt0092914	video	Dorothy Meets Ozma of Oz	Dorothy Meets Ozma of Oz	0	1987	\N	28	Adventure,Animation,Family
tt0092927	video	Dream Jeans	Dream Jeans	1	1987	\N	86	Adult
tt0092959	video	The Emerald City of Oz	The Emerald City of Oz	0	1987	\N	94	Adventure,Animation,Family
tt0092990	tvSpecial	An Evening with Bobcat Goldthwait: Share the Warmth	An Evening with Bobcat Goldthwait: Share the Warmth	0	1987	\N	55	Comedy,Documentary
tt0093019	video	Festival of Claymation	Festival of Claymation	0	1987	\N	53	Animation
tt0093066	video	G.I. Joe: The Movie	G.I. Joe: The Movie	0	1987	\N	93	Action,Adventure,Animation
tt0093135	video	Hack-O-Lantern	Hack-O-Lantern	0	1988	\N	87	Horror
tt0093408	video	Lessons in Lust	Lessons in Lust	1	1987	\N	85	Adult
tt0093420	video	Lily C.A.T.	Lily C.A.T.	0	1987	\N	67	Action,Animation,Horror
tt0093465	video	Mad Ron's Prevues from Hell	Mad Ron's Prevues from Hell	0	1987	\N	83	Comedy,Documentary,Horror
tt0093479	video	Makyô Gaiden Le Deus	Makyô Gaiden Le Deus	0	1987	\N	48	Animation,Sci-Fi
tt0093503	video	The Marvelous Land of Oz	The Marvelous Land of Oz	0	1987	\N	91	Adventure,Animation,Family
tt0093529	video	Metal Skin Panic MADOX- 01	Metal Skin Panic Madox-01	0	1987	\N	41	Animation,Comedy,Sci-Fi
tt0093564	video	Moonlusting	Moonlusting	1	1987	\N	83	Adult
tt0093586	video	Mutant Hunt	Mutant Hunt	0	1987	\N	75	Action,Sci-Fi
tt0093613	video	New York's Finest	New York's Finest	0	1988	\N	86	Comedy
tt0093625	video	Night of the Living Babes	Night of the Living Babes	0	1987	\N	60	Comedy,Horror
tt0093627	video	Nightforce	Nightforce	0	1987	\N	87	Action,Drama
tt0093628	video	Nightmare Sisters	Nightmare Sisters	0	1988	\N	83	Comedy,Fantasy,Horror
tt0093662	video	Object of Desire	Object of Desire	0	1990	\N	94	Crime,Drama,Romance
tt0093695	video	Ozma of Oz	Ozma of Oz	0	1987	\N	96	Adventure,Animation,Family
tt0093715	video	Cruel Tricks for Dear Friends	Cruel Tricks for Dear Friends	0	1987	\N	59	Comedy
tt0093785	video	Private Road: No Trespassing	Private Road: No Trespassing	0	1988	\N	84	Crime,Drama,Romance
tt0093792	video	Project A-Ko 2: Plot of the Daitokuji Financial Group	Project A-Ko 2: Daitokuji zaibatsu no inbô	0	1987	\N	70	Animation,Comedy,Sci-Fi
tt0093833	video	Redneck Zombies	Redneck Zombies	0	1987	\N	84	Comedy,Horror
tt0093871	video	Robot Carnival	Robotto kânibaru	0	1987	\N	90	Animation,Comedy,Drama
tt0093882	tvSpecial	On Location: The Roseanne Barr Show	On Location: The Roseanne Barr Show	0	1987	\N	60	Comedy
tt0093890	video	Rumic World: The Laughing Target	Rumik World: Warau hyôteki	0	1987	\N	51	Animation,Drama,Horror
tt0093910	video	Sakura Killers	Sakura Killers	0	1987	\N	83	Action
tt0093945	video	Shades of Love: Champagne for Two	Shades of Love: Champagne for Two	0	1987	\N	90	Drama,Romance
tt0093946	video	Shades of Love: Lilac Dream	Shades of Love: Lilac Dream	0	1987	\N	90	Drama,Romance
tt0093947	video	Shades of Love: Sincerely, Violet	Shades of Love: Sincerely, Violet	0	1987	\N	90	Drama,Romance
tt0093961	tvShort	The Short & Curlies	The Short & Curlies	0	1987	\N	17	Comedy,Short
tt0093991	video	Slave Girls from Beyond Infinity	Slave Girls from Beyond Inifinity	0	1987	\N	74	Action,Adventure,Comedy
tt0094171	video	Traci, I Love You	Traci, I Love You	1	1987	\N	80	Adult,Drama,Romance
tt0094192	video	Tres Riche	Tres Riche	1	1987	\N	85	Adult,Drama,Romance
tt0094212	video	Uncle Meat	Uncle Meat	0	1987	\N	100	Comedy,Music,Sci-Fi
tt0094230	video	Urusei Yatsura: Inaba the Dreammaker	Urusei Yatsura: Yume no shikajin Inaba-kun tôjô! Ramu no mirai wa dô naruccha!?	0	1987	\N	57	Animation,Comedy,Sci-Fi
tt0094247	video	Venus Flytrap	Venus Flytrap	0	1987	\N	64	Thriller
tt0094262	video	Video Violence	Video Violence	0	1987	\N	90	Horror
tt0094303	video	King Cole's Party	King Cole's Party	0	1987	\N	54	Family,Musical
tt0094324	video	Wild Stuff	Wild Stuff	1	1987	\N	72	Adult
tt0094337	video	The Wonderful Wizard of Oz	The Wonderful Wizard of Oz	0	1987	\N	93	Adventure,Animation,Comedy
tt0094411	video	Abel's Island	Abel's Island	0	1988	\N	30	Animation,Short
tt0094588	video	'Gator Bait 2: Cajun Justice	'Gator Bait 2: Cajun Justice	0	1988	\N	99	Action
tt0094634	tvSpecial	An All-Star Toast to the Improv	An All-Star Toast to the Improv	0	1988	\N	65	Comedy
tt0094668	video	Appleseed	Appurushîdo	0	1988	\N	71	Action,Animation,Crime
tt0094848	video	Caught from Behind 9	Caught from Behind 9	1	1988	\N	75	Adult
tt0094908	video	Cool Blue	Cool Blue	0	1989	\N	93	Comedy,Romance,Thriller
tt0094970	video	Deadly Intent	Deadly Intent	0	1988	\N	83	Drama,Thriller
tt0094995	video	Demon City Shinjuku	Makai toshi (Shinjuku)	0	1988	\N	82	Action,Animation,Fantasy
tt0094997	video	Demonia	Demonia	0	1990	\N	88	Horror,Mystery
tt0095054	video	Dorf and the First Games of Mount Olympus	Dorf and the First Games of Mount Olympus	0	1988	\N	30	Comedy,Short,Sport
tt0095060	video	Dr. Alien	Dr. Alien	0	1989	\N	90	Comedy,Sci-Fi
tt0095132	video	Il fantasma di Sodoma	Il fantasma di Sodoma	0	1988	\N	84	Horror
tt0095168	video	Foolish Pleasures	Foolish Pleasures	1	1988	\N	\N	Adult,Comedy
tt0095231	video	Goin' Down Slow	Goin' Down Slow	1	1988	\N	86	Adult,Adventure,Mystery
tt0095237	video	Good Enough to Eat	Good Enough to Eat	1	1988	\N	84	Adult
tt0095334	video	Howling IV: The Original Nightmare	Howling IV: The Original Nightmare	0	1988	\N	94	Horror
tt0095391	video	Jane Siberry: I Muse Aloud	Jane Siberry: I Muse Aloud	0	1988	\N	60	Biography,Documentary,Music
tt0095447	video	The Killing Game	The Killing Game	0	1988	\N	90	Drama,Mystery,Thriller
tt0095449	tvShort	A Day in the Life of a Child: Children of Ghana	Kinderen van Ghana	0	1989	\N	25	Documentary,Short
tt0095499	video	Late Night for Lovers	Late Night for Lovers	1	1989	\N	73	Adult,Comedy
tt0095540	video	Lonely Knights	Lonely Knights	0	1988	\N	\N	\N
tt0095570	video	Making Tracks	Making Tracks	1	1988	\N	\N	Adult
tt0095688	video	My Wildest Date	My Wildest Date	1	1989	\N	88	Adult,Comedy
tt0095716	video	Necromancer	Necromancer	0	1988	\N	88	Horror
tt0095750	video	No Way Back	No Way Back	0	1988	\N	\N	\N
tt0095838	tvSpecial	Paul Reiser: Out on a Whim	Paul Reiser: Out on a Whim	0	1987	\N	60	Adventure,Comedy,Romance
tt0095914	video	Project A-Ko 3: Cinderella Rhapsody	Project A-Ko 3: Cinderella Rhapsody	0	1988	\N	50	Animation,Comedy,Sci-Fi
tt0095941	video	Touch of Death	Quando Alice ruppe lo specchio	0	1988	\N	86	Comedy,Crime,Horror
tt0095944	video	Quiet Thunder	Quiet Thunder	0	1988	\N	84	Action,Adventure
tt0095964	video	Red Nights	Red Nights	0	1988	\N	85	Action,Drama,Thriller
tt0096019	video	Ryan Lambert's Hip Guide to L.A.	Ryan Lambert's Hip Guide to L.A.	0	1988	\N	\N	\N
tt0096064	video	Search for an Angel	Search for an Angel	1	1988	\N	\N	Adult
tt0096076	video	Playboy: Sexy Lingerie	Playboy: Sexy Lingerie	0	1989	\N	51	Documentary
tt0096191	video	Sumo Sue & the Fat Ladies of Wrestling	Sumo Sue & the Fat Ladies of Wrestling	1	1988	\N	83	Adult
tt0096264	video	Tibet	Tibet	0	1990	\N	\N	\N
tt0096307	video	Tricks of the Trade	Tricks of the Trade	1	1988	\N	90	Adult,Drama,Romance
tt0096313	video	The True Story of Frank Zappa's 200 Motels	The True Story of Frank Zappa's 200 Motels	0	1988	\N	59	Documentary
tt0096333	video	Unchain My Heart	Unchain My Heart	1	1988	\N	\N	Adult
tt0096341	video	Uninvited	Uninvited	0	1988	\N	91	Horror,Sci-Fi
tt0096352	video	Urusei Yatsura: Raging Sherbet	Urusei Yatsura: Ikare!! Shâbetto	0	1988	\N	26	Animation,Comedy,Short
tt0096354	video	Urusei Yatsura: Nagisa's Fiancé	Urusei Yatsura: Nagisa no Fianse	0	1988	\N	30	Animation,Comedy,Short
tt0096379	video	Vice Academy	Vice Academy	0	1989	\N	90	Comedy,Crime
tt0096384	video	Video Murders	Video Murders	0	1988	\N	88	Thriller
tt0096428	video	Grandpa's Magical Toys	Grandpa's Magical Toys	0	1988	\N	57	Family,Musical
tt0096462	video	Woodchipper Massacre	Woodchipper Massacre	0	1988	\N	80	Comedy,Horror
tt0096736	tvShort	13 Minuten vor zwölf in Lima	13 Minuten vor zwölf in Lima	0	1989	\N	13	Documentary,Short
tt0096784	video	Alien Seed	Alien Seed	0	1989	\N	88	Sci-Fi
tt0096799	video	The American Angels: Baptism of Blood	The American Angels: Baptism of Blood	0	1990	\N	99	Drama,Sport
tt0096839	video	Assault of the Party Nerds	Assault of the Party Nerds	0	1989	\N	82	Comedy
tt0096888	video	Banned	Banned	0	1989	\N	97	Comedy,Horror
tt0096891	video	Baoh the Caller	Baoh	0	1989	\N	50	Action,Adventure,Animation
tt0096912	video	The Best of Gilda Radner	The Best of Gilda Radner	0	1989	\N	58	Comedy,Documentary
tt0096949	video	De Blond	De Blond	1	1989	\N	78	Adult
tt0096957	video	Blowing in Style	Blowing in Style	1	1989	\N	90	Adult
tt0096987	video	Bruce Springsteen: Video Anthology 1978-1988	Bruce Springsteen: Video Anthology 1978-1988	0	1989	\N	100	Documentary,Music
tt0097047	video	Charles Manson Superstar	Charles Manson Superstar	0	1989	\N	100	Biography,Crime,Documentary
tt0097065	tvSpecial	Circus of the Stars #14	Circus of the Stars #14	0	1989	\N	\N	Documentary,Family
tt0097097	video	Coming on America	Coming on America	1	1989	\N	85	Adult
tt0097137	video	Cybernetics Guardian	Seijûki Cyguard	0	1989	\N	45	Action,Animation,Sci-Fi
tt0097148	video	Dance Fire	Dance Fire	1	1989	\N	123	Adult
tt0097167	video	Deadly Embrace	Deadly Embrace	0	1989	\N	84	Drama,Thriller
tt0097181	tvSpecial	Pink Floyd: Delicate Sound of Thunder	Pink Floyd: Delicate Sound of Thunder	0	1989	\N	100	Documentary,Music
tt0097217	video	Dog Soldier: Shadows of the Past	Doggu sorujâ	0	1989	\N	46	Action,Adventure,Animation
tt0097237	video	Dreams in the Forbidden Zone	Dreams in the Forbidden Zone	1	1988	\N	87	Adult
tt0097258	video	Earthquake Girls	Earthquake Girls	1	1990	\N	\N	Adult
tt0097315	video	Explorer Woman Ray	Explorer Woman Ray	0	1989	\N	60	Animation
tt0097418	video	George Burns - His Wit and Wisdom	George Burns - His Wit and Wisdom	0	1989	\N	45	\N
tt0097429	video	Ghoulies Go to College	Ghoulies III: Ghoulies Go to College	0	1991	\N	94	Comedy,Fantasy,Horror
tt0097529	video	Houseboat Horror	Houseboat Horror	0	1989	\N	85	Horror
tt0097534	video	Howling V: The Rebirth	Howling V: The Rebirth	0	1989	\N	96	Horror,Mystery
tt0097540	video	Responso	Responso	0	2004	\N	81	\N
tt0097551	video	I Dream of Christy	I Dream of Christy	1	1989	\N	76	Adult
tt0097587	video	The Invisible Girl	Invisible Girl	1	1989	\N	79	Adult,Comedy,Fantasy
tt0097716	tvShort	Mr H Is Late	Mr H Is Late	0	1988	\N	27	Comedy,Short
tt0097786	video	The Love Shack	The Love Shack	1	1990	\N	\N	Adult
tt0097837	video	Marked for Murder	Marked for Murder	0	1990	\N	88	Crime,Drama,Mystery
tt0097845	video	Massacre	Massacre	0	1989	\N	93	Horror,Thriller
tt0097856	video	Me, Myself and I	Me, Myself and I	0	1989	\N	36	Documentary,Short
tt0097878	tvSpecial	Billy Crystal: Midnight Train to Moscow	Midnight Train to Moscow	0	1989	\N	72	Comedy,Documentary
tt0097929	video	The Murder Secret	Non aver paura della zia Marta	0	1988	\N	88	Horror
tt0097941	video	Mystic Pieces	Mystic Pieces	1	1989	\N	136	Adult
tt0097954	video	Nam Angels	Nam Angels	0	1989	\N	91	Action,Adventure,War
tt0097975	video	Night Trips	Night Trips	1	1989	\N	74	Adult,Fantasy
tt0097982	video	Nightwish	Nightwish	0	1989	\N	92	Horror,Mystery,Sci-Fi
tt0098014	video	Offerings	Offerings	0	1989	\N	95	Horror
tt0098069	video	Party Girls	Party Girls	0	1989	\N	80	Comedy
tt0098102	video	Playboy Playmates of the Year: The 80's	Playboy Playmates of the Year: The 80's	0	1989	\N	55	Documentary
tt0098143	video	Puppet Master	Puppet Master	0	1989	\N	90	Fantasy,Horror
tt0098177	video	Red Head	Red Head	1	1989	\N	\N	Adult,Comedy,Fantasy
tt0098200	tvShort	Revolutionary Witness: The Preacher	Revolutionary Witness: The Preacher	0	1989	\N	20	Short
tt0098202	video	Riding Bean	Riding Bean	0	1989	\N	46	Action,Animation,Comedy
tt0098216	video	Roller Blade Warriors: Taken by Force	Roller Blade Warriors: Taken by Force	0	1989	\N	81	Action,Adventure,Sci-Fi
tt0098254	video	Satan's Storybook	Satan's Storybook	0	1989	\N	85	Fantasy,Horror,Thriller
tt0098257	video	Savage Beach	Savage Beach	0	1989	\N	92	Action,Adventure
tt0098270	video	Scream Dream	Scream Dream	0	1989	\N	69	Horror,Music
tt0098331	video	Silent Night, Deadly Night 3: Better Watch Out!	Silent Night, Deadly Night 3: Better Watch Out!	0	1989	\N	90	Horror
tt0098351	video	Slow Burn	Slow Burn	0	1989	\N	95	Action,Crime,Thriller
tt0098355	video	Soft Warm Rain	Soft Warm Rain	1	1987	\N	85	Adult,Drama,Fantasy
tt0098366	video	Space Cadet	Space Cadet	1	1989	\N	74	Adult,Sci-Fi
tt0098485	video	Toby's Rescue from the Planet	Toby's Rescue from the Planet	0	1989	\N	58	Family
tt0098498	video	Tory Without a Cause	Tory Without a Cause	1	1989	\N	79	Adult,Comedy,Romance
tt0098499	video	Toto's Rescue	Toto's Rescue	0	1989	\N	42	Family,Fantasy,Short
tt0098522	video	Trouble in Oz	Trouble in Oz	0	1989	\N	35	Short
tt0098527	video	True Confessions of Tori Welles	True Confessions of Tori Welles	1	1992	\N	76	Adult
tt0098539	video	Twentysomething 3	Twentysomething 3	1	1989	\N	90	Adult
tt0098567	video	Urusei Yatsura: Catch the Heart	Urusei Yatsura: Hâto o tsukame	0	1989	\N	26	Animation,Comedy,Short
tt0098568	video	Urusei Yatsura: The Electric Household Guard	Urusei Yatsura: Denki shikake no oniwaban	0	1989	\N	30	Animation,Comedy,Short
tt0098569	video	Urusei Yatsura: I Howl at the Moon	Urusei Yatsura: Tsuki ni Hoeru	0	1989	\N	26	Animation,Comedy,Short
tt0098570	video	Urusei Yatsura: Goat and Cheese	Urusei Yatsura: Yagi-san to chîzu	0	1989	\N	30	Animation,Comedy,Short
tt0098614	video	W.B., Blue and the Bean	W.B., Blue and the Bean	0	1989	\N	87	Action,Comedy,Crime
tt0098647	video	Whore of the Roses	Whore of the Roses	1	1990	\N	78	Adult,Romance
tt0098996	video	Aftershock	Aftershock	0	1990	\N	91	Action,Sci-Fi
tt0099030	video	The Amityville Curse	The Amityville Curse	0	1990	\N	91	Horror
tt0099042	video	Angels of the City	Angels of the City	0	1989	\N	89	Action,Crime
tt0099117	video	Bend Over Babes	Bend Over Babes	1	1989	\N	114	Adult
tt0099196	video	Buttman Goes to Rio	Buttman Goes to Rio	1	1990	\N	90	Adult
tt0099211	video	El camaleón	El camaleón	0	1990	\N	86	Crime,Drama,Mystery
tt0099223	video	Carnal Crimes	Carnal Crimes	0	1991	\N	94	Thriller
tt0099267	video	World Cup '90	Cicciolina e Moana 'Mondiali'	1	1990	\N	81	Adult
tt0099313	video	Crash and Burn	Crash and Burn	0	1990	\N	85	Horror,Sci-Fi
tt0099319	video	Crime Lords	Crime Lords	0	1991	\N	96	Action
tt0099346	video	Dan Turner, Hollywood Detective	Dan Turner, Hollywood Detective	0	1990	\N	92	Crime,Drama
tt0099361	video	Dark Romances Vol. 1	Dark Romances Vol. 1	0	1990	\N	\N	Drama,Horror,Romance
tt0099362	video	Dark Romances Vol. 2	Dark Romances Vol. 2	0	1990	\N	80	Horror,Romance
tt0099364	video	The Dark Side of the Moon	The Dark Side of the Moon	0	1990	\N	87	Action,Drama,Fantasy
tt0099435	video	Dirty Pair: Flight 005 Conspiracy	Original Dirty Pair: Flight 005 Conspiracy	0	1990	\N	55	Action,Adventure,Animation
tt0099553	video	Fatal Skies	Fatal Skies	0	1990	\N	88	Action,Drama,Thriller
tt0099657	video	Ghoul School	Ghoul School	0	1990	\N	90	Comedy,Horror,Sport
tt0099659	video	The Girl I Want	The Girl I Want	0	1990	\N	92	Comedy
tt0099702	tvShort	La griffe d'Horus	La griffe d'Horus	0	1990	\N	3	Short
tt0099720	video	Guns	Guns	0	1990	\N	96	Action
tt0099738	video	Hard Steal	Hard Steal	1	1990	\N	76	Adult
tt0099742	video	Haunting Fear	Haunting Fear	0	1990	\N	88	Crime,Drama,Fantasy
tt0099754	video	Heavenly Hyapatia	Heavenly Hyapatia	1	1990	\N	\N	Adult,Fantasy
tt0099779	video	Hole in One	Hole in One	1	1990	\N	\N	Adult
tt0099802	video	House of Dreams	House of Dreams	1	1991	\N	80	Adult
tt0099844	video	Industrial Symphony No. 1: The Dream of the Brokenhearted	Industrial Symphony No. 1: The Dream of the Brokenhearted	0	1990	\N	50	Drama,Fantasy,Music
tt0099853	video	Strangest Dreams: Invasion of the Space Preachers	Strangest Dreams: Invasion of the Space Preachers	0	1990	\N	100	Comedy,Sci-Fi
tt0099873	video	Jail Babes	Jail Babes	1	1990	\N	78	Action,Adult,Adventure
tt0099925	video	Kekko Kamen	Kekkô Kamen	0	1991	\N	54	Action,Comedy,Fantasy
tt0099932	video	Kill Crazy	Kill Crazy	0	1989	\N	94	Action
tt0099935	video	Killer Tomatoes Strike Back!	Killer Tomatoes Strike Back!	0	1991	\N	87	Comedy
tt0099986	video	The Last Resort	The Last Resort	1	1990	\N	83	Adult,Comedy,Romance
tt0100028	video	Linnea Quigley's Horror Workout	Linnea Quigley's Horror Workout	0	1990	\N	60	Comedy,Horror,Sport
tt0100078	video	Lust in the Woods	Lust in the Woods	1	1990	\N	89	Adult,Romance
tt0100089	tvSpecial	Madonna: Blond Ambition World Tour Live	Madonna: Blond Ambition World Tour Live	0	1990	\N	112	Documentary,Music
tt0100118	video	The Masseuse	The Masseuse	1	1990	\N	85	Adult,Drama,Romance
tt0100139	video	Meridian	Meridian	0	1990	\N	85	Drama,Fantasy,Horror
tt0100146	video	Midnight Cabaret	Midnight Cabaret	0	1990	\N	94	Horror
tt0100169	video	Mob Boss	Mob Boss	0	1990	\N	93	Comedy
tt0100208	video	Murder in Law	Murder in Law	0	1989	\N	94	Horror,Thriller
tt0100248	video	The Night Brings Charlie	The Night Brings Charlie	0	1990	\N	75	Horror
tt0100252	video	Night Trips II	Night Trips II	1	1990	\N	75	Adult,Fantasy
tt0100259	video	Night of the Wilding	Night of the Wilding	0	1990	\N	85	Crime,Drama,Thriller
tt0100341	video	Pay to Play	Pay to Play	1	1989	\N	\N	Adult
tt0100372	video	Playboy: Playmates at Play	Playboy: Playmates at Play	0	1990	\N	\N	Documentary
tt0100379	video	PoV	PoV	0	1990	\N	85	Documentary,Music
tt0100412	video	Princess of the Night	Princess of the Night	1	1990	\N	85	Adult,Fantasy,Horror
tt0100438	video	Puppet Master II	Puppet Master II	0	1990	\N	88	Fantasy,Horror,Sci-Fi
tt0100503	video	Robot Ninja	Robot Ninja	0	1989	\N	82	Action,Drama,Fantasy
tt0100554	video	The Scarlet Mistress	The Scarlet Mistress	1	1990	\N	74	Adult
tt0100582	video	Sex Trek	Sex Trek	1	1990	\N	80	Adult,Comedy,Sci-Fi
tt0100583	video	Playboy: Sexy Lingerie II	Playboy: Sexy Lingerie II	0	1990	\N	50	Documentary
tt0100607	video	Shreck	Shreck	0	1990	\N	85	Comedy,Horror
tt0100618	video	Silent Night, Deadly Night 4: Initiation	Initiation: Silent Night, Deadly Night 4	0	1990	\N	87	Horror
tt0100638	tvShort	Slow Bob in the Lower Dimensions	Slow Bob in the Lower Dimensions	0	1991	\N	6	Adventure,Animation,Horror
tt0100662	video	Sorority Girls and the Creature from Hell	Sorority Girls and the Creature from Hell	0	1990	\N	85	Horror
tt0100672	video	Spirits	Spirits	0	1990	\N	88	Drama,Fantasy,Horror
tt0100734	video	Taboo VIII	Taboo VIII	1	1990	\N	72	Adult,Drama,Western
tt0100804	video	Touched	Touched	1	1990	\N	75	Adult
tt0100849	video	Untamed	Untamed	1	1990	\N	\N	Adult
tt0100867	video	Vice Academy Part 2	Vice Academy Part 2	0	1990	\N	93	Comedy,Crime
tt0100876	video	The Visionary	The Visionary	0	1990	\N	90	Western
tt0100898	video	Waiting	Waiting	0	1990	\N	42	Short
tt0100936	video	Wildest Dreams	Wildest Dreams	0	1990	\N	80	Comedy,Fantasy,Romance
tt0100951	video	Woof!	Woof!	0	1989	\N	82	Comedy,Family,Fantasy
tt0100957	video	Wow!	Wow!	0	1990	\N	7	Adventure,Short
tt0100958	video	Write to Kill	Write to Kill	0	1991	\N	99	Drama,Thriller
tt0101005	video	Zapped Again!	Zapped Again!	0	1990	\N	96	Comedy,Sci-Fi
tt0101253	video	Three Days to a Kill	Three Days to a Kill	0	1992	\N	90	Action,Crime,Drama
tt0101275	video	The Adventures of Mikki Finn	The Adventures of Mikki Finn	1	1991	\N	85	Adult
tt0101302	video	All Night Long	All Night Long	1	1991	\N	\N	Adult
tt0101392	video	Back to the Future... The Ride	Back to the Future... The Ride	0	1991	\N	4	Adventure,Sci-Fi,Short
tt0101397	video	Bad Attitude	Bad Attitude	0	1993	\N	87	Action
tt0101433	video	Bend Over Babes 2	Bend Over Babes 2	1	1991	\N	\N	Adult
tt0101446	video	The Big Sweat	The Big Sweat	0	1991	\N	86	Action,Crime,Drama
tt0101447	video	Bikini City	Bikini City	1	1991	\N	70	Adult,Drama
tt0101488	video	Blue Jean Brat	Blue Jean Brat	1	1991	\N	87	Adult
tt0101522	video	Burn Up!	Ban'n appu	0	1991	\N	47	Action,Animation,Comedy
tt0101553	video	Caught from Behind 15	Caught from Behind 15	1	1991	\N	75	Adult
tt0101555	video	Cause of Death	Cause of Death	0	1991	\N	86	Action,Adventure
tt0101568	video	Cheeks 5: Cop a Feel	Cheeks 5: Cop a Feel	1	1991	\N	93	Adult,Comedy
tt0101579	video	China O'Brien II	China O'Brien II	0	1990	\N	92	Action,Crime,Drama
tt0101630	video	Crossing Over	Crossing Over	1	1991	\N	\N	Adult
tt0101654	video	Dance! Workout with Barbie	Dance! Workout with Barbie	0	1992	\N	30	Short
tt0101672	video	Dead on: Relentless II	Dead On: Relentless II	0	1992	\N	93	Action,Thriller
tt0101740	video	The Deadly Avenger	The Divine Enforcer	0	1992	\N	90	Horror,Thriller
tt0101744	video	Do or Die	Do or Die	0	1991	\N	97	Action,Adventure,Crime
tt0101751	video	Dollman	Dollman	0	1991	\N	82	Action,Comedy,Sci-Fi
tt0101760	video	Door to Silence	Le porte del silenzio	0	1991	\N	87	Mystery,Thriller
tt0101768	video	Dragon Knight	Doragon naito	0	1991	\N	90	Adventure,Animation,Comedy
tt0101799	video	Edward Penishands	Edward Penishands	1	1991	\N	83	Adult,Comedy,Fantasy
tt0101833	video	Experiment in Death	Experiment in Death	0	1991	\N	5	Short,Thriller
tt0101857	video	Fast Getaway	Fast Getaway	0	1991	\N	86	Action,Comedy,Crime
tt0101893	video	The Flash II: Revenge of the Trickster	The Flash II: Revenge of the Trickster	0	1991	\N	88	Action,Fantasy,Sci-Fi
tt0101904	video	Forever!	Forever!	1	1991	\N	68	Adult,Comedy,Romance
tt0101947	video	Gett Off	Gett Off	0	1991	\N	30	Music,Short
tt0101976	video	Queen: Greatest Flix II	Queen: Greatest Flix II	0	1991	\N	81	Music
tt0102013	video	Headstruck	Headstruck	1	1991	\N	66	Adult
tt0102040	video	The Hindlick Maneuver	The Hindlick Maneuver	1	1991	\N	\N	Adult
tt0102053	video	Honey I Blew Everybody	Honey I Blew Everybody	1	1992	\N	76	Adult
tt0102060	video	Hot Under the Collar	Hot Under the Collar	0	1992	\N	87	Comedy
tt0102063	video	Hothouse Rose	Hothouse Rose	1	1991	\N	76	Adult,Drama
tt0102067	video	Howling VI: The Freaks	Howling VI: The Freaks	0	1991	\N	100	Comedy,Drama,Horror
tt0102101	video	The Immortalizer	The Immortalizer	0	1989	\N	96	Horror,Sci-Fi
tt0102122	video	Inner Sanctum	Inner Sanctum	0	1991	\N	90	Drama,Romance,Thriller
tt0102210	video	Killer Tomatoes Eat France!	Killer Tomatoes Eat France!	0	1992	\N	94	Comedy
tt0102218	video	King's Ransom	King's Ransom	0	1993	\N	98	Action,Comedy,Crime
tt0102275	video	The Last Riders	The Last Rides	0	1991	\N	90	Action,Drama
tt0102305	video	Lifeguard on Duty	Lifeguard on Duty	1	1991	\N	\N	Adult
tt0102382	video	Malibu Spice	Malibu Spice	1	1991	\N	82	Adult
tt0102410	video	Married with Hormones	Married with Hormones	1	1991	\N	89	Adult,Comedy
tt0102438	video	Rumik World: Mermaid Forest	Ningyo no mori	0	1991	\N	55	Animation,Drama,Horror
tt0102452	video	Mirror Images	Mirror Images	0	1992	\N	93	Drama,Thriller
tt0102588	video	On Trial Part 1: In Defense of Savannah	On Trial Part 1: In Defense of Savannah	1	1991	\N	90	Adult
tt0102600	video	On Trial Part 2: Oral Arguments	On Trial Part 2: Oral Arguments	1	1991	\N	76	Adult,Drama
tt0102625	video	The Pamela Principle	The Pamela Principle	0	1992	\N	95	Drama,Romance
tt0102642	video	Party Doll A Go- Go!	Party Doll A Go- Go!	1	1991	\N	70	Adult
tt0102650	video	Penthouse Passport to Paradise: Hawaii	Penthouse Passport to Paradise: Hawaii	1	1991	\N	62	Adult,Documentary
tt0102716	video	Private Affairs: Vol 3	Private Affairs: Vol 3	1	1991	\N	82	Adult
tt0102717	video	Sarah Young's Private Moments Volume One	Sarah Young's Private Moments Volume One	1	1991	\N	90	Adult
tt0102728	video	Puppet Master III: Toulon's Revenge	Puppet Master III: Toulon's Revenge	0	1991	\N	82	Fantasy,Horror,Sci-Fi
tt0102732	video	Puttin' Her Ass on the Line	Puttin' Her Ass on the Line	1	1991	\N	\N	Adult
tt0102743	video	Quiet Fire	Quiet Fire	0	1991	\N	93	Action,Drama
tt0102760	video	Raunch IV	Raunch IV	1	1991	\N	\N	Adult
tt0102828	video	Safecracker	Safecracker	1	1991	\N	79	Adult
tt0102841	video	The Sarah Young Collection IV	The Sarah Young Collection IV	1	1991	\N	90	Adult
tt0102859	video	Science Crazed	Science Crazed	0	1990	\N	83	Comedy,Horror
tt0102862	video	Scream Queen Hot Tub Party	Scream Queen Hot Tub Party	0	1991	\N	50	Comedy,Fantasy,Horror
tt0102866	video	Secret Boys Club	Secret Boys Club	1	1991	\N	65	Adult
tt0102889	video	Playboy: Sexy Lingerie III	Playboy: Sexy Lingerie III	0	1991	\N	55	Documentary,Music
tt0102893	video	Shadow Dancers I	Shadow Dancers I	1	1991	\N	123	Adult,Drama
tt0102894	video	Shadow Dancers II	Shadow Dancers II	1	1991	\N	111	Adult
tt0102953	video	Sol Bianca	Sol Bianca	0	1990	\N	45	Action,Animation,Sci-Fi
tt0102966	video	Spike & Mike's Festival of Animation Volume 1	Spike & Mike's Festival of Animation Volume 1	0	1991	\N	80	Animation
tt0102976	video	Starr	Starr	1	1991	\N	75	Adult,Romance
tt0103002	video	Subspecies	Subspecies	0	1991	\N	83	Fantasy,Horror
tt0103038	video	Talk Dirty to Me: Part 7	Talk Dirty to Me: Part 7	1	1989	\N	88	Adult
tt0103058	video	Teen Vid I	Teen Vid I	0	1991	\N	40	Music
tt0103059	video	Teen Vid II	Teen Vid II	0	1991	\N	40	\N
tt0103073	video	That's Action	That's Action	0	1990	\N	77	Documentary
tt0103082	video	Thrill Kill Video Club	Thrill Kill Video Club	0	1991	\N	50	\N
tt0103116	video	Trancers II	Trancers II	0	1991	\N	88	Action,Horror,Sci-Fi
tt0103179	video	Urusei Yatsura: Date with a Spirit	Urusei Yatsura: Reikon to dêto	0	1991	\N	30	Animation,Comedy,Short
tt0103180	video	Urusei Yatsura: Terror of Girly-Eyes Measles	Urusei Yatsura: Otome bashika no kyôfu	0	1991	\N	30	Animation,Comedy,Short
tt0103204	video	Vice Academy Part 3	Vice Academy Part 3	0	1991	\N	88	Comedy,Crime
tt0103213	video	Virgin High	Virgin High	0	1991	\N	90	Comedy
tt0103240	video	Playboy: Wet & Wild III	Playboy: Wet & Wild III	0	1991	\N	48	Documentary
tt0103261	video	Wild Goose Chase	Wild Goose Chase	1	1991	\N	137	Adult,Mystery
tt0103268	video	The Willies	The Willies	0	1990	\N	92	Comedy,Drama,Fantasy
tt0103270	video	Winterbeast	Winterbeast	0	1992	\N	77	Action,Drama,Fantasy
tt0103274	video	Witchcraft III: The Kiss of Death	Witchcraft III: The Kiss of Death	0	1991	\N	85	Action,Drama,Horror
tt0103277	video	The Wizard of Oz	The Wizard of Oz	0	1991	\N	25	Animation,Family,Fantasy
tt0103591	video	1-800-934-Boob	1-800-934-Boob	1	1992	\N	90	Adult
tt0103600	video	555	555	0	1988	\N	90	Horror
tt0103637	video	Akai Hayate	Akai Hayate	0	1992	\N	80	Animation,Sci-Fi
tt0103652	video	All-American Murder	All-American Murder	0	1991	\N	94	Horror,Mystery,Romance
tt0103656	video	Almost Pregnant	Almost Pregnant	0	1992	\N	90	Comedy
tt0103678	video	Amityville 1992: It's About Time	Amityville 1992: It's About Time	0	1992	\N	95	Horror
tt0103685	video	Girls	Girls	1	1992	\N	84	Adult
tt0103696	video	Animal Instincts	Animal Instincts	0	1992	\N	95	Drama,Thriller
tt0103729	video	Attack of the Killer Refrigerator	Attack of the Killer Refrigerator	0	1990	\N	15	Comedy,Horror,Short
tt0103730	video	The Attack	The Attack	0	1992	\N	15	Short,Thriller
tt0103757	video	Bad Channels	Bad Channels	0	1992	\N	88	Comedy,Horror,Music
tt0103768	video	Barbarian Queen II: The Empress Strikes Back	Barbarian Queen II: The Empress Strikes Back	0	1990	\N	80	Action,Adventure,Fantasy
tt0103797	video	Best Butte in the West	Best Butte in the West	1	1992	\N	114	Adult,Comedy
tt0103840	video	Bloodfist IV: Die Trying	Bloodfist IV: Die Trying	0	1992	\N	86	Action
tt0103857	video	Bonnie & Clyde: Outlaws of Love	Bonnie & Clyde: Outlaws of Love	1	1993	\N	95	Adult
tt0103870	video	The Boys of Cellblock Q	The Boys of Cellblock Q	0	1992	\N	82	Comedy,Drama
tt0103899	video	Busted	Busted	1	1989	\N	84	Adult,Comedy
tt0103900	video	The ButterCream Gang	The ButterCream Gang	0	1991	\N	93	Comedy,Drama,Family
tt0103908	video	Cabin Fever	Cabin Fever	1	1993	\N	45	Adult
tt0103929	video	Cat & Mouse	Cat & Mouse	1	1992	\N	79	Adult,Drama
tt0103999	tvSpecial	The Freddie Mercury Tribute: Concert for AIDS Awareness	The Freddie Mercury Tribute: Concert for AIDS Awareness	0	1992	\N	175	Documentary,Music
tt0104039	video	Curse of the Cat Woman	Curse of the Cat Woman	1	1991	\N	71	Adult
tt0104083	video	Demonic Toys	Demonic Toys	0	1992	\N	83	Comedy,Fantasy,Horror
tt0104162	video	Easy Reidar	Easy Reidar	0	1992	\N	60	Comedy
tt0104163	video	Ecce Homo	Ecce Homo	0	1992	\N	18	Short
tt0104234	video	Fatal Charm	Fatal Charm	0	1990	\N	94	Thriller
tt0104268	video	Final Judgement	Final Judgement	0	1992	\N	90	Drama,Thriller
tt0104281	video	Flying Saucers Over Hollywood: The 'Plan 9' Companion	Flying Saucers Over Hollywood: The 'Plan 9' Companion	0	1992	\N	111	Documentary
tt0104406	video	Heidi, Teil 5: und die lustigen Spritzbuben der Berge	Heidi, Teil 5: und die lustigen Spritzbuben der Berge	1	1992	\N	89	Adult,Comedy
tt0104447	video	Hothouse Rose II	Hothouse Rose II	1	1992	\N	86	Adult,Drama
tt0104449	video	House IV	House IV	0	1992	\N	94	Fantasy,Horror,Thriller
tt0104512	video	Inside Out	Inside Out	0	1991	\N	89	Comedy,Drama,Romance
tt0104513	video	Insomniac's Nightmare	Insomniac's Nightmare	0	1992	\N	22	Comedy,Musical,Short
tt0104526	video	Invasion of Privacy	Invasion of Privacy	0	1992	\N	96	Thriller
tt0104534	tvShort	It's Christmastime Again, Charlie Brown	It's Christmastime Again, Charlie Brown	0	1992	\N	23	Animation,Comedy,Family
tt0104564	tvShort	Joe's Apt.	Joe's Apt.	0	1992	\N	2	Comedy,Short
tt0104583	video	Karasu tengu Kabuto: Ôgon no me no kemono	Karasu tengu Kabuto: Ôgon no me no kemono	0	1992	\N	40	Action,Adventure,Animation
tt0104739	video	Little Heroes	Little Heroes	0	1991	\N	78	Family
tt0104746	video	Lizards of Oz	Lizards of Oz	0	1992	\N	28	Documentary,Short
tt0104769	video	Lower Level	Lower Level	0	1991	\N	88	Thriller
tt0104822	video	Martial Law	Martial Law	0	1990	\N	89	Action,Crime,Drama
tt0104823	video	Martial Law II: Undercover	Martial Law II: Undercover	0	1991	\N	91	Action,Crime,Drama
tt0104837	video	Meatballs 4	Meatballs 4	0	1992	\N	89	Comedy
tt0104888	video	Mission of Justice	Mission of Justice	0	1992	\N	91	Action
tt0104967	video	The Naked Bun 8½	The Naked Bun 8½	1	1992	\N	85	Adult,Comedy
tt0105000	videoGame	Night Trap	Night Trap	0	1992	\N	\N	Adventure,Horror,Mystery
tt0105065	video	Original Intent	Original Intent	0	1990	\N	97	Drama
tt0105070	video	The Other Woman	The Other Woman	0	1992	\N	90	Drama,Mystery,Thriller
tt0105149	video	Playboy's Erotic Fantasies	Playboy's Erotic Fantasies	0	1992	\N	50	Music,Romance
tt0105152	video	Playboy Video Playmate Review 1991	Playboy Video Playmate Review 1992	0	1992	\N	\N	Documentary
tt0105178	video	Shadowchaser	Shadowchaser	0	1992	\N	97	Action,Sci-Fi
tt0105192	video	Pussyman	Pussyman	1	1993	\N	\N	Adult
tt0105293	video	The Supergal	Rumik World: Za chojo	0	1986	\N	48	Animation,Comedy
tt0105338	video	Secret Games	Secret Games	0	1992	\N	90	Drama,Horror,Thriller
tt0105410	video	Silent Night, Deadly Night 5: The Toy Maker	Silent Night, Deadly Night 5: The Toy Maker	0	1991	\N	86	Horror,Sci-Fi
tt0105429	video	Sluts & Goddesses Video Workshop	Sluts & Goddesses Video Workshop	1	1992	\N	52	Adult
tt0105434	video	Snake Eater 3: His Law	Snake Eater III: His Law	0	1992	\N	91	Action,Adventure,Drama
tt0105442	video	All Tied Up	All Tied Up	0	1993	\N	90	Comedy,Crime
tt0105455	video	Spellbound	Spellbound	1	1992	\N	71	Adult,Romance
tt0105456	video	Spirit of Wonder: Miss China's Ring	The Spirit of Wonder: Chaina-san no yûutsu	0	1992	\N	42	Animation,Comedy,Romance
tt0105598	video	Tiny Toon Adventures: How I Spent My Vacation	Tiny Toon Adventures: How I Spent My Vacation	0	1992	\N	79	Adventure,Animation,Comedy
tt0105632	video	Trancers III	Trancers III	0	1992	\N	75	Action,Sci-Fi
tt0105642	video	Triple Impact	Triple Impact	0	1992	\N	97	Action
tt0105647	video	True Legends of Adult Cinema: The Golden Age	True Legends of Adult Cinema: The Golden Age	1	1992	\N	\N	Adult
tt0105664	video	Twentysomething	Twentysomething	0	1992	\N	30	Short
tt0105666	video	Twin Sisters	Twin Sisters	0	1992	\N	92	Thriller
tt0105800	video	Playboy: Wet & Wild IV	Playboy: Wet & Wild IV	0	1992	\N	50	Documentary
tt0105827	video	Witchcraft IV: The Virgin Heart	Witchcraft IV: The Virgin Heart	0	1992	\N	92	Drama,Horror
tt0105830	tvShort	The Witness	The Witness	0	1993	\N	19	Drama,Short
tt0105876	video	You Must Remember This	You Must Remember This	0	1992	\N	103	Drama,Sport
tt0105879	video	The Young One: Part Four	The Young One: Part Four	1	1992	\N	88	Adult
tt0106228	video	Agent 009 3/4	Agent 009 3/4	0	1993	\N	70	Comedy,Thriller
tt0106234	video	The Airzone Solution	The Airzone Solution	0	1993	\N	65	Sci-Fi,Thriller
tt0106235	video	Akuemon	Akuemon	0	1993	\N	24	Action,Animation,Fantasy
tt0106757	tvShort	Dottie Gets Spanked	Dottie Gets Spanked	0	1993	\N	30	Comedy,Drama,Short
tt0107470	tvSpecial	MMC in Concert	MMC: The Concert	0	1993	\N	43	\N
tt0108203	tvSpecial	John Leguizamo: Spic-O-Rama	John Leguizamo: Spic-O-Rama	0	1993	\N	56	Comedy
tt0108381	tvShort	Traveler's Rest	Traveler's Rest	0	1993	\N	\N	Short
tt0108986	tvShort	Wake Up with Libby and Jonathan	Wake Up with Libby and Jonathan	0	1994	\N	30	Comedy,Short
tt0109182	tvShort	April & the Sandman	Avril et le marchand du sable	0	1994	\N	25	Animation,Family,Short
tt0109709	tvShort	Edith Ann: A Few Pieces of the Puzzle	Edith Ann: A Few Pieces of the Puzzle	0	1994	\N	\N	Animation,Comedy,Family
tt0109865	videoGame	Gabriel Knight: Sins of the Fathers	Gabriel Knight: Sins of the Fathers	0	1993	\N	\N	Adventure,Drama,Horror
tt0110248	tvShort	In Which Direction Is the Wind Blowing?	Kaze wa dotchi ni fuite iru?	0	1994	\N	35	Short
tt0110267	videoGame	King's Quest VII: The Princeless Bride	King's Quest VII: The Princeless Bride	0	1994	\N	\N	Adventure,Fantasy
tt0110533	tvSpecial	Miss Universe Pageant	Miss Universe Pageant	0	1994	\N	120	Documentary,Family,Game-Show
tt0110714	videoGame	Off-World Interceptor	Off-World Interceptor	0	1994	\N	\N	Action,Comedy,Sci-Fi
tt0110758	tvSpecial	Pink Floyd: P. U. L. S. E. Live at Earls Court	Pink Floyd: P. U. L. S. E. Live at Earls Court	0	1994	\N	145	Documentary,Music
tt0110909	videoGame	Psychic Detective	Psychic Detective	0	1995	\N	\N	Adventure,Fantasy,Horror
tt0111109	tvSpecial	Peter Gabriel's Secret World	Secret World Live	0	1994	\N	102	Documentary,Music
tt0111306	tvShort	Suchen	Suchen	0	1994	\N	13	Drama,Short
tt0111727	videoGame	Wing Commander III: Heart of the Tiger	Wing Commander III: Heart of the Tiger	0	1994	\N	\N	Action,Adventure,Sci-Fi
tt0111736	tvShort	Witness	Witness	0	1994	\N	7	Short
tt0112429	tvSpecial	BNN: K.R.S.T.M.S	BNN: K.R.S.T.M.S	0	1995	\N	\N	Comedy
tt0112456	tvSpecial	Barbra: The Concert	Barbra: The Concert	0	1994	\N	125	Music
tt0112678	tvShort	Cinematographie Lumière	Cinematographie Lumière	0	1995	\N	\N	Documentary,Short
tt0112707	tvSpecial	A Comedy Salute to Andy Kaufman	A Comedy Salute to Andy Kaufman	0	1995	\N	44	Comedy,Documentary
tt0113831	tvShort	The Mitzvah	The Mitzvah	0	1995	\N	\N	Comedy,Short
tt0114215	tvShort	Quiet	Quiet	0	1995	\N	\N	Short
tt0114282	videoGame	Ride for Your Life	Ride for Your Life	0	1995	\N	28	Adventure,Comedy,Sci-Fi
tt0114453	tvSpecial	Sinatra: 80 Years My Way	Sinatra: 80 Years My Way	0	1995	\N	120	Documentary,Music
tt0114827	tvShort	A velemi vízimalom	A velemi vízimalom	0	1995	\N	20	Short
tt0114828	tvShort	Velika potraga	Velika potraga	0	1995	\N	\N	Drama,Fantasy,Short
tt0114950	videoGame	Wing Commander IV: The Price of Freedom	Wing Commander IV: The Price of Freedom	0	1995	\N	\N	Action,Adventure,Sci-Fi
tt0115141	videoGame	Command & Conquer: Red Alert	Command & Conquer: Red Alert	0	1996	\N	\N	Action,Sci-Fi,War
tt0115187	tvSpecial	The Good, the Bad & the Beautiful	The Good, the Bad & the Beautiful	0	1996	\N	95	Documentary
tt0115371	tvSpecial	State of the Union: Undressed	State of the Union: Undressed	0	1996	\N	75	\N
tt0115720	tvSpecial	Bob Hope: Laughing with the Presidents	Bob Hope: Laughing with the Presidents	0	1996	\N	46	Comedy,Documentary
tt0115745	tvSpecial	UFC VII: Brawl in Buffalo	UFC VII: Brawl in Buffalo	0	1995	\N	\N	Sport
tt0115824	tvShort	Luenapperen	Luenapperen	0	1996	\N	\N	Short
tt0115894	tvSpecial	Christmas in Washington	Christmas in Washington	0	1996	\N	47	Music
tt0115910	tvSpecial	UFC VI: Clash of the Titans	UFC VI: Clash of the Titans	0	1995	\N	114	Sport
tt0116113	videoGame	Disruptor	Disruptor	0	1996	\N	\N	Action,Mystery,Sci-Fi
tt0116891	tvSpecial	Listening to You: The Who at the Isle of Wight 1970	Listening to You: The Who at the Isle of Wight 1970	0	1998	\N	85	Music
tt0116895	tvShort	A Little Off the Top	A Little Off the Top	0	1996	\N	\N	Comedy,Short
tt0117012	videoGame	Maximum Surge	Maximum Surge	0	1996	\N	97	Action,Sci-Fi
tt0117391	videoGame	Privateer 2: The Darkening	Privateer 2: The Darkening	0	1996	\N	\N	Action,Adventure,Mystery
tt0117483	videoGame	Ripper	Ripper	0	1996	\N	\N	Adventure,Crime,Horror
tt0117704	videoGame	Soviet Strike	Soviet Strike	0	1996	\N	\N	Action,War
tt0117934	videoGame	SSN	SSN	0	1996	\N	\N	Action
tt0117940	videoGame	Toonstruck	Toonstruck	0	1996	\N	\N	Adventure,Comedy
tt0118222	videoGame	Zork: Nemesis	Zork: Nemesis	0	1996	\N	\N	Adventure,Fantasy,Mystery
tt0118703	tvSpecial	Diva Las Vegas	Bette Midler in Concert: Diva Las Vegas	0	1997	\N	125	Documentary,Music
tt0118723	tvSpecial	Bill Clinton: Rock & Roll President	Bill Clinton: Rock & Roll President	0	1997	\N	60	Music
tt0118999	tvShort	Dog	Dog	0	1997	\N	\N	Drama,Horror,Short
tt0119254	tvSpecial	Happy Birthday Elizabeth: A Celebration of Life	Happy Birthday Elizabeth: A Celebration of Life	0	1997	\N	120	Biography
tt0119498	videoGame	The Last Express	The Last Express	0	1997	\N	\N	Animation,Crime,Drama
tt0119611	tvSpecial	Manitoba Flood Relief Concert	Manitoba Flood Relief Concert	0	1997	\N	180	\N
tt0120519	videoGame	Wing Commander: Prophecy	Wing Commander: Prophecy	0	1997	\N	\N	Action,Adventure,Sci-Fi
tt0121024	tvShort	BBC Future Generations	BBC Future Generations	0	1998	\N	3	Animation,Family,Short
tt0121210	tvShort	Dinner for One	Der 90. Geburtstag oder Dinner for One	0	1963	\N	18	Comedy,Short
tt0121282	tvShort	Fifteenth Phase of the Moon	Fifteenth Phase of the Moon	0	1992	\N	\N	Short
tt0121300	tvShort	The Friend	Przyjaciel	0	1965	\N	18	Sci-Fi,Short
tt0121410	tvShort	It's Your Move	It's Your Move	0	1982	\N	26	Comedy,Short
tt0122017	tvShort	The Chocolate Chase	The Chocolate Chase	0	1980	\N	6	Animation,Comedy,Family
tt0122776	tvShort	The Vampire	Upiór	0	1967	\N	27	Horror,Short
tt0123048	tvShort	Het drukke leven van een kleine uitgever	Het drukke leven van een kleine uitgever	0	1994	\N	14	Short
tt0123073	tvSpecial	Fleetwood Mac: The Dance	Fleetwood Mac: The Dance	0	1997	\N	90	Documentary,Music
tt0123086	tvSpecial	Garth Live from Central Park	Garth Live from Central Park	0	1997	\N	90	Music
tt0123099	tvShort	Happy New Year, Charlie Brown	Happy New Year, Charlie Brown	0	1985	\N	24	Animation,Comedy,Family
tt0123119	tvShort	Is This Goodbye, Charlie Brown?	Is This Goodbye, Charlie Brown?	0	1983	\N	24	Animation,Comedy,Family
tt0123122	tvShort	It's Flashbeagle, Charlie Brown	It's Flashbeagle, Charlie Brown	0	1984	\N	24	Animation,Comedy,Family
tt0123322	tvShort	What Have We Learned, Charlie Brown?	What Have We Learned, Charlie Brown?	0	1983	\N	23	Animation,Comedy,Family
tt0123325	tvShort	Why, Charlie Brown, Why?	Why, Charlie Brown, Why?	0	1990	\N	22	Animation,Comedy,Drama
tt0123340	tvShort	Aliens Next Door	Aliens Next Door	0	1989	\N	21	Animation,Comedy,Family
tt0123369	tvSpecial	20 Years of Comedy on HBO	20 Years of Comedy on HBO	0	1995	\N	90	Comedy,Documentary
tt0123382	tvSpecial	Annie Lennox... In the Park	Annie Lennox... In the Park	0	1996	\N	60	Music
tt0123423	tvSpecial	Barbara Mandrell: Steppin' Out	Barbara Mandrell: Steppin' Out	0	1995	\N	60	Music
tt0123794	tvSpecial	Dennis Miller: Citizen Arcane	Dennis Miller: Citizen Arcane	0	1996	\N	56	Comedy,Documentary
tt0123801	tvSpecial	Greatest Hits on Ice	Greatest Hits on Ice	0	1994	\N	93	Family,Fantasy,Music
tt0123815	tvSpecial	Eagles: Hell Freezes Over	Eagles: Hell Freezes Over	0	1994	\N	100	Documentary,Music
tt0123839	tvSpecial	For Our Children: The Concert	For Our Children: The Concert	0	1993	\N	120	Family,Music
tt0123926	tvSpecial	John Tesh Live at Red Rocks	John Tesh Live at Red Rocks	0	1995	\N	\N	Documentary,Music
tt0123988	tvSpecial	The Magic of David Copperfield XVI: Unexplained Forces	The Magic of David Copperfield XVI: Unexplained Forces	0	1995	\N	47	Comedy,Family,Fantasy
tt0123989	tvSpecial	Magicians' Favorite Magicians	Magicians' Favorite Magicians	0	1995	\N	60	\N
tt0124024	tvSpecial	Neil Diamond: Under a Tennessee Moon	Neil Diamond: Under a Tennessee Moon	0	1996	\N	\N	Documentary,Music
tt0124047	tvSpecial	Pavarotti on Miami Beach	Pavarotti on Miami Beach	0	1996	\N	120	Music
tt0124122	tvSpecial	Sinatra Duets	Sinatra Duets	0	1994	\N	\N	Music
tt0124136	tvSpecial	The Sound of Julie Andrews	The Sound of Julie Andrews	0	1995	\N	60	Music
tt0124140	videoGame	Star Trek: Borg	Star Trek: Borg	0	1996	\N	\N	Action,Adventure,Sci-Fi
tt0124141	videoGame	Star Trek: Klingon	Star Trek: Klingon	0	1996	\N	\N	Action,Adventure,Comedy
tt0124142	videoGame	Steven Spielberg's Director's Chair	Steven Spielberg's Director's Chair	0	1996	\N	51	Family
tt0124174	tvSpecial	A Tribute to Black Music Legends	A Tribute to Black Music Legends	0	1995	\N	60	Music
tt0125051	videoGame	Creature Crunch	Creature Crunch	0	1996	\N	\N	Adventure,Comedy
tt0125065	videoGame	Dragon's Lair	Dragon's Lair	0	1983	\N	\N	Adventure,Fantasy
tt0125066	videoGame	Dragon's Lair II: Timewarp	Dragon's Lair II: Time Warp	0	1991	\N	\N	Action,Adventure,Comedy
tt0125516	videoGame	Star Trek: Starfleet Academy	Star Trek: Starfleet Academy	0	1997	\N	\N	Action,Adventure,Sci-Fi
tt0126101	tvShort	That Sunday	That Sunday	0	1994	\N	16	Comedy,Romance,Short
tt0126127	tvSpecial	The World's Greatest Stunts II	The World's Greatest Stunts II	0	1991	\N	60	Sport
tt0126129	tvSpecial	The World's Greatest Stunts III	The World's Greatest Stunts III	0	1991	\N	60	Sport
tt0126616	tvShort	The Boy and the Kite	Pojken och draken	0	1962	\N	30	Family,Short
tt0126817	videoGame	Blade Runner	Blade Runner	0	1997	\N	\N	Mystery,Sci-Fi,Thriller
tt0127356	tvSpecial	The Who Live, Featuring the Rock Opera Tommy	The Who Live: Featuring the Rock Opera Tommy	0	1989	\N	135	Documentary,Music
tt0127460	tvSpecial	Best You Can Be: The Handicapped Hall of Fame	Best You Can Be: The Handicapped Hall of Fame	0	1987	\N	60	\N
tt0127566	tvShort	Föreställningar om ett liv: Carl August Ehrensvärd 1745-1800	Föreställningar om ett liv: Carl August Ehrensvärd 1745-1800	0	1997	\N	37	Biography,Drama,Short
tt0127602	tvSpecial	In Concert at the Met	In Concert at the Met	0	1984	\N	210	Music
tt0127689	tvSpecial	Montana Christmas Skies	Montana Christmas Skies	0	1991	\N	47	Music
tt0128042	tvSpecial	Jasper Carrott: American Carrott	Jasper Carrott: American Carrott	0	1985	\N	65	Comedy
tt0128636	tvShort	Subbota i voskreseniye	Subbota i voskreseniye	0	1988	\N	18	Family,Short
tt0129342	videoGame	Riven: The Sequel to Myst	Riven: The Sequel to Myst	0	1997	\N	\N	Adventure,Fantasy,Mystery
tt0131029	videoGame	Star Trek: The Next Generation - A Final Unity	Star Trek: The Next Generation - A Final Unity	0	1995	\N	\N	Adventure,Sci-Fi
tt0131332	videoGame	Burn: Cycle	Burn: Cycle	0	1994	\N	\N	Action,Adventure,Sci-Fi
tt0131459	videoGame	Lands of Lore: The Throne of Chaos	Lands of Lore: The Throne of Chaos	0	1994	\N	\N	Adventure,Fantasy
tt0131475	tvSpecial	Mastercard Masters of Music Concert for the Prince's Trust	Mastercard Masters of Music Concert for the Prince's Trust	0	1996	\N	60	Documentary,Music
tt0131537	videoGame	Phantasmagoria	Phantasmagoria	0	1995	\N	\N	Drama,Horror,Mystery
tt0131626	tvSpecial	Unauthorized Biography: Milo, Death of a Supermodel	Unauthorized Biography: Milo, Death of a Supermodel	0	1997	\N	30	Comedy,Short
tt0132641	videoGame	Zork: Grand Inquisitor	Zork: Grand Inquisitor	0	1997	\N	\N	Adventure,Comedy,Fantasy
tt0134040	tvSpecial	The Prince's Trust Rock Gala	The Prince's Trust Rock Gala	0	1994	\N	90	Documentary,Music
tt0134599	videoGame	The Curse of Monkey Island	The Curse of Monkey Island	0	1997	\N	\N	Action,Adventure,Animation
tt0134648	videoGame	Fallout	Fallout	0	1997	\N	\N	Action,Adventure,Sci-Fi
tt0134723	tvShort	Heta lappar	Heta lappar	0	1997	\N	25	Drama,Short
tt0134981	videoGame	Starship Titanic	Starship Titanic	0	1998	\N	\N	Adventure,Comedy,Sci-Fi
tt0135640	tvShort	Santa vs. the Snowman	Santa vs. the Snowman	0	1997	\N	21	Animation,Short
tt0137162	tvShort	Invisible Thread	Invisible Thread	0	1987	\N	45	Comedy,Sci-Fi,Short
tt0137390	tvShort	Blackadder: The Cavalier Years	Blackadder: The Cavalier Years	0	1988	\N	15	Comedy,History,Short
tt0138458	videoGame	Gabriel Knight 3: Blood of the Sacred, Blood of the Damned	Gabriel Knight 3: Blood of the Sacred, Blood of the Damned	0	1999	\N	\N	Adventure,Drama,Horror
tt0138459	videoGame	The Beast Within: A Gabriel Knight Mystery	The Beast Within: A Gabriel Knight Mystery	0	1995	\N	\N	Adventure,Drama,Horror
tt0138957	tvSpecial	Beyond the Fringe	Beyond the Fringe	0	1964	\N	66	Comedy,Documentary
tt0138958	tvSpecial	Bore of the Year Awards	Bore of the Year Awards	0	1993	\N	\N	\N
tt0139156	videoGame	The Dig	The Dig	0	1995	\N	\N	Adventure,Drama,Sci-Fi
tt0139793	tvSpecial	The Please Watch the Jon Lovitz Special	The Please Watch the Jon Lovitz Special	0	1992	\N	30	Comedy
tt0139811	tvSpecial	Paul Reiser: 3 1/2 Blocks from Home	Paul Reiser: 3 1/2 Blocks from Home	0	1991	\N	58	Comedy,Documentary,Romance
tt0141799	tvSpecial	Saltimbanco	Saltimbanco	0	1997	\N	56	Family,Musical
tt0142210	videoGame	Dark Seed II	Dark Seed II	0	1995	\N	\N	Adventure,Horror,Mystery
tt0142232	tvSpecial	Dragon Ball GT: A Hero's Legacy	Doragon boru GT Goku gaiden! Yuki no akashi wa shi hoshi-kyu	0	1997	\N	65	Action,Adventure,Animation
tt0142245	tvSpecial	Dragon Ball Z: Bardock - The Father of Goku	Doragon Bôru Zetto Tatta Hitori no Saishû Kessen	0	1990	\N	48	Action,Animation,Drama
tt0142247	tvSpecial	Dragon Ball Z: The History of Trunks	Doragon Bôru Zetto Zetsubô e no Hankô!! Nokosareta Chô-Senshi Gohan to Torankusu	0	1993	\N	47	Action,Animation,Drama
tt0142255	videoGame	DuckTales: The Quest for Gold	DuckTales: The Quest for Gold	0	1990	\N	\N	Action,Adventure,Comedy
tt0142392	videoGame	I Have No Mouth, and I Must Scream	I Have No Mouth, and I Must Scream	0	1995	\N	\N	Adventure,Drama,Horror
tt0142698	videoGame	Noir	Noir	0	1996	\N	\N	Adventure,Crime,Mystery
tt0142962	videoGame	Video Speedway	Video Speedway	0	1993	\N	\N	Action
tt0143901	videoGame	Star Trek: Generations	Star Trek: Generations	0	1997	\N	\N	Action,Adventure,Sci-Fi
tt0143943	tvShort	To Norway, Home of Giants	To Norway, Home of Giants	0	1979	\N	28	Comedy,Short
tt0144009	videoGame	Who Killed Taylor French?	Who Killed Taylor French?	0	1994	\N	\N	Adventure,Crime,Mystery
tt0144157	videoGame	Dark Seed	Dark Seed	0	1992	\N	\N	Adventure,Horror,Mystery
tt0144172	tvSpecial	Dolly in Concert	Dolly in Concert	0	1983	\N	80	Documentary,Music
tt0144173	tvSpecial	Dolly & Carol in Nashville	Dolly & Carol in Nashville	0	1979	\N	60	Comedy,Music
tt0144268	tvSpecial	Kenny Rogers and Dolly Parton Together	Kenny Rogers and Dolly Parton Together	0	1985	\N	60	Music
tt0144274	videoGame	Lands of Lore: Guardians of Destiny	Lands of Lore: Guardians of Destiny	0	1997	\N	\N	Action,Adventure,Fantasy
tt0144366	videoGame	Multimedia Celebrity Poker	Multimedia Celebrity Poker	0	1995	\N	\N	Comedy,Sport
tt0145489	tvSpecial	Pat Condell: Stand and Deliver	Pat Condell: Stand and Deliver	0	1998	\N	100	Documentary
tt0145730	videoGame	Crystalis	Crystalis	0	1990	\N	\N	Action,Adventure,Drama
tt0145845	videoGame	Prince Interactive	Prince Interactive	0	1994	\N	\N	Adventure,Music,Sci-Fi
tt0145868	videoGame	Kid Icarus	Hikari shinwa: Parutena no kagami	0	1986	\N	\N	Action,Adventure,Family
tt0146341	videoGame	Virtual Photo Shoot: Volume One	Virtual Photo Shoot: Volume One	0	1993	\N	\N	\N
tt0146893	videoGame	Fist of the North Star	Hokuto no ken: Ankoku no hokuto	0	1995	\N	\N	Action,Adventure,Sci-Fi
tt0147819	tvShort	Achille	Achille	0	1975	\N	5	Animation,Short
tt0147838	tvShort	La Andalucía de Juan Ramón	La Andalucía de Juan Ramón	0	1967	\N	\N	Documentary,Short
tt0148029	videoGame	Crusader: No Regret	Crusader: No Regret	0	1996	\N	\N	Action,Sci-Fi
tt0148030	videoGame	Crusader: No Remorse	Crusader: No Remorse	0	1995	\N	\N	Action,Sci-Fi
tt0148109	tvShort	Los episodios nacionales	Los episodios nacionales	0	1967	\N	\N	Documentary,Short
tt0148200	tvShort	Galicia y Valle Inclán	Galicia y Valle Inclán	0	1967	\N	\N	Documentary,Short
tt0148359	tvShort	The Joint	The Joint	0	1968	\N	15	Short
tt0148538	tvSpecial	Nothin' Goes Right	Nothin' Goes Right	0	1988	\N	83	Comedy
tt0148577	tvShort	Pamplona en Hemingway	Pamplona en Hemingway	0	1967	\N	\N	Documentary,Short
tt0148587	tvShort	El País Vasco de Pío Baroja	El País Vasco de Pío Baroja	0	1967	\N	\N	Documentary,Short
tt0148635	tvShort	The Pretty Things	The Pretty Things	0	1969	\N	20	Documentary,Music,Short
tt0149321	tvShort	Vacaciones imprevistas	Vacaciones imprevistas	0	1967	\N	13	Short
tt0149322	tvShort	Valencia de Blasco Ibáñez	Valencia de Blasco Ibáñez	0	1967	\N	\N	Documentary,Short
tt0149405	tvShort	Ávila mística de Santa Teresa	Ávila mística de Santa Teresa	0	1967	\N	\N	Short
tt0150324	tvSpecial	Good Old Days	Good Old Days	0	1977	\N	120	Music
tt0150325	videoGame	Die by the Sword	Die by the Sword	0	1998	\N	\N	Action,Adventure,Fantasy
tt0150787	videoGame	Gremlins 2: The New Batch	Gremlins 2: The New Batch	0	1990	\N	\N	Horror
tt0151157	tvShort	Juhu	Juhu	0	1973	\N	\N	Documentary,Short
tt0151622	videoGame	Monster in My Pocket	Monster in My Pocket	0	1992	\N	\N	Adventure,Horror
tt0151625	videoGame	Monty Python & the Quest for the Holy Grail	Monty Python and the Quest for the Holy Grail	0	1996	\N	\N	Comedy,Musical
tt0152100	videoGame	Psychotron	Psychotron	0	1994	\N	\N	Adventure,Mystery,Sci-Fi
tt0152116	videoGame	Quake	Quake	0	1996	\N	\N	Action,Adventure,Fantasy
tt0152183	tvSpecial	Bill Hicks: Revelations	Bill Hicks: Revelations	0	1993	\N	57	Comedy,Documentary
tt0152360	videoGame	Seicross	Sector Zone	0	1984	\N	\N	Action,Sci-Fi
tt0152592	videoGame	Star Trek	Star Trek	0	1991	\N	\N	Sci-Fi
tt0152696	videoGame	Surgical Strike	Surgical Strike	0	1994	\N	\N	Action,Adventure,Sci-Fi
tt0153067	videoGame	Star Wars: TIE Fighter	Star Wars: TIE Fighter	0	1994	\N	\N	Action,Adventure,Sci-Fi
tt0153411	videoGame	Ultraman: Towards the Future	Urutoraman: Kûsô Tokusatsu Shirîzu	0	1991	\N	\N	Action,Sci-Fi
tt0153646	tvShort	Wapas Chalo	Wapas Chalo	0	1984	\N	\N	Short
tt0154262	tvSpecial	Bugs Bunny's Bustin' Out All Over	Bugs Bunny's Bustin' Out All Over	0	1980	\N	30	Animation,Comedy,Family
tt0154263	tvShort	Bugs Bunny's Looney Christmas Tales	Bugs Bunny's Looney Christmas Tales	0	1979	\N	22	Animation,Family,Short
tt0154291	videoGame	Castles II	Castles II	0	1992	\N	\N	Fantasy
tt0154356	videoGame	Conquest of the New World	Conquest of the New World	0	1993	\N	\N	\N
tt0154392	videoGame	Descent	Descent	0	1994	\N	\N	Action,Sci-Fi
tt0154393	videoGame	Descent II	Descent II	0	1996	\N	\N	Action,Sci-Fi
tt0154789	videoGame	Lord of the Rings	Lord of the Rings	0	1990	\N	235	Adventure,Fantasy
tt0155165	videoGame	Shattered Steel	Shattered Steel	0	1996	\N	\N	Action,Sci-Fi
tt0155287	tvShort	Tráiler para amantes de lo prohibido	Tráiler para amantes de lo prohibido!	0	1985	\N	17	Short
tt0155406	tvShort	Zalacaín, el aventurero	Zalacaín, el aventurero	0	1968	\N	\N	Documentary,Short
tt0155572	tvShort	Bugs Bunny's Wild World of Sports	Bugs Bunny's Wild World of Sports	0	1989	\N	24	Adventure,Animation,Comedy
tt0155574	tvSpecial	Bugs vs. Daffy: Battle of the Music Video Stars	Bugs vs. Daffy: Battle of the Music Video Stars	0	1988	\N	24	Animation,Comedy,Family
tt0155621	tvSpecial	Christmas in Washington	Christmas in Washington	0	1993	\N	60	Music
tt0155622	tvSpecial	Christmas in Washington	Christmas in Washington	0	1994	\N	60	Music
tt0155623	tvSpecial	Christmas in Washington	Christmas in Washington	0	1995	\N	60	Music
tt0155624	tvSpecial	Christmas in Washington	Christmas in Washington	0	1997	\N	60	Family,Music
tt0156025	tvSpecial	Rolling Stones: Voodoo Lounge	Rolling Stones: Voodoo Lounge	0	1995	\N	94	Documentary,Music
tt0156731	tvShort	Last of the Red-Hot Dragons	Last of the Red-Hot Dragons	0	1980	\N	30	Animation,Family,Short
tt0156732	tvSpecial	Latino Laugh Festival	Latino Laugh Festival	0	1997	\N	\N	Comedy
tt0156854	videoGame	Puss N Boots: Pero's Great Adventure	Puss N Boots: Pero's Great Adventure	0	1990	\N	\N	Action,Adventure,Sci-Fi
tt0157282	tvShort	A bordo de un buque de la Armada Española I	A bordo de un buque de la Armada Española I	0	1969	\N	\N	Documentary,Short
tt0157283	tvShort	A bordo de un buque de la Armada Española II	A bordo de un buque de la Armada Española II	0	1969	\N	\N	Documentary,Short
tt0157308	tvShort	Amestoy con vosotros: Fincas	Amestoy con vosotros: Fincas	0	1969	\N	\N	Documentary,Short
tt0157309	tvShort	Amestoy con vosotros: Número 8	Amestoy con vosotros: Número 8	0	1969	\N	\N	Documentary,Short
tt0157493	videoGame	Critical Path	Critical Path	0	1994	\N	\N	Action,Adventure,Sci-Fi
tt0157501	videoGame	The Daedalus Encounter	The Daedalus Encounter	0	1995	\N	\N	Adventure,Sci-Fi
tt0157575	tvShort	En busca de Santiago Rusiñol	En busca de Santiago Rusiñol	0	1969	\N	\N	Documentary,Short
tt0158150	videoGame	Return to Zork	Return to Zork	0	1993	\N	\N	Adventure,Fantasy,Mystery
tt0158208	videoGame	Star Wars: Shadows of the Empire	Star Wars: Shadows of the Empire	0	1996	\N	\N	Action,Adventure,Sci-Fi
tt0158456	videoGame	Adventures with Barbie: Ocean Discovery	Adventures with Barbie: Ocean Discovery	0	1997	\N	\N	Adventure,Family,Fantasy
tt0158519	videoGame	Omar Sharif on Bridge	Omar Sharif's Bridge	0	1992	\N	\N	Sport
tt0158687	tvSpecial	Jerry Seinfeld: Stand-Up Confidential	Jerry Seinfeld: Stand-Up Confidential	0	1987	\N	55	Comedy
tt0158814	videoGame	Myst	Myst	0	1993	\N	\N	Adventure,Fantasy,Mystery
tt0158870	videoGame	Pyst	Pyst	0	1996	\N	\N	Adventure,Comedy
tt0158874	tvSpecial	Queen Live at Wembley Stadium	Queen Live at Wembley Stadium	0	1986	\N	300	Documentary,Music
tt0158958	videoGame	The Simpsons: Virtual Springfield	The Simpsons: Virtual Springfield	0	1997	\N	\N	Adventure,Comedy
tt0158965	tvShort	Smakeloos	Smakeloos	0	1997	\N	17	Drama,Short
tt0159016	videoGame	Tex Murphy: Overseer	Tex Murphy: Overseer	0	1998	\N	\N	Adventure,Crime,Mystery
tt0159100	videoGame	Virtual Snooker	Virtual Snooker	0	1996	\N	\N	\N
tt0159122	tvSpecial	What's Right with America	What's Right with America	0	1997	\N	46	Drama,Fantasy,Sci-Fi
tt0159142	tvShort	You're in the Super Bowl, Charlie Brown!	You're in the Super Bowl, Charlie Brown!	0	1994	\N	25	Animation,Comedy,Family
tt0159541	tvShort	M. le maudit	M. le maudit	0	1982	\N	13	Short
tt0159546	tvSpecial	The Magic of David Copperfield XII: The Niagara Falls Challenge	The Magic of David Copperfield XII: The Niagara Falls Challenge	0	1990	\N	48	Comedy,Family,Fantasy
tt0159547	tvSpecial	The Magic of David Copperfield XIII: Mystery on the Orient Express	The Magic of David Copperfield XIII: Mystery on the Orient Express	0	1991	\N	49	Comedy,Documentary,Family
tt0159548	tvSpecial	The Magic of David Copperfield XIV: Flying - Live the Dream	The Magic of David Copperfield XIV: Flying - Live the Dream	0	1992	\N	49	Comedy,Family,Fantasy
tt0159549	tvSpecial	The Magic of David Copperfield XV: Fires of Passion	The Magic of David Copperfield XV: Fires of Passion	0	1993	\N	48	Comedy,Family,Fantasy
tt0159646	videoGame	Phantasmagoria 2: A Puzzle of Flesh	Phantasmagoria 2: A Puzzle of Flesh	0	1996	\N	\N	Drama,Horror,Mystery
tt0159771	videoGame	Star Trek: Klingon Academy	Star Trek: Klingon Academy	0	2000	\N	\N	Action,Adventure,Sci-Fi
tt0159772	videoGame	Star Trek: The Game Show	Star Trek: The Game Show	0	1998	\N	\N	Family,Game-Show
tt0160641	tvShort	Parnjaca	Parnjaca	0	1979	\N	18	Short
tt0160910	videoGame	Star Wars: Jedi Knight - Dark Forces II	Star Wars: Jedi Knight - Dark Forces II	0	1997	\N	\N	Action,Adventure,Fantasy
tt0160912	videoGame	Starfleet Academy: Chekov's Lost Missions	Starfleet Academy: Chekov's Lost Missions	0	1998	\N	\N	Action,Adventure,Sci-Fi
tt0160958	videoGame	Talk with Me! Barbie	Talk with Me! Barbie	0	2019	\N	\N	Family
tt0161443	videoGame	Cliff Hanger	Cliff Hanger	0	1983	\N	\N	Action,Adventure
tt0161779	tvShort	Het maken van 'Mis je zo' - de videoclip	Het maken van 'Mis je zo' - de videoclip	0	1998	\N	12	Music,Short
tt0161941	videoGame	Resident Evil 2	Biohazard 2	0	1998	\N	\N	Action,Horror,Sci-Fi
tt0161985	videoGame	Space Ace	Space Ace	0	1983	\N	\N	Action,Adventure,Sci-Fi
tt0161993	videoGame	Street Fighter: The Movie	Street Fighter: The Movie	0	1995	\N	\N	Action
tt0162010	videoGame	Time Traveler	Time Traveler	0	1991	\N	\N	Action,Adventure,Sci-Fi
tt0162137	videoGame	The 7th Guest	The 7th Guest	0	1993	\N	\N	Adventure,Horror,Mystery
tt0162199	videoGame	Blasto	Blasto	0	1998	\N	\N	Action,Adventure,Comedy
tt0162254	tvSpecial	Rock for Kampuchea	Rock for Kampuchea	0	1983	\N	72	Music
tt0162408	videoGame	Ivan Ironman Stewart's Super Off Road	Ivan Ironman Stewart's Super Off Road	0	1989	\N	\N	Sport
tt0162409	videoGame	Ironsword: Wizards & Warriors II	Ironsword: Wizards & Warriors II	0	1988	\N	\N	Action,Adventure,Fantasy
tt0162461	tvShort	The Making of 'Blade Runner'	The Making of 'Blade Runner'	0	1997	\N	7	Documentary,Short
tt0162636	tvShort	The Secrets of the Back to the Future Trilogy	The Secrets of the Back to the Future Trilogy	0	1990	\N	21	Documentary,Short
tt0162808	tvSpecial	The George Kirby Show	The George Kirby Show	0	1970	\N	\N	Comedy,Drama
tt0163083	tvShort	The Making of 'Guardians of Destiny'	The Making of 'Guardians of Destiny'	0	1997	\N	9	Documentary,Short
tt0163176	tvSpecial	The Real World Reunion	The Real World Reunion	0	1996	\N	75	Reality-TV
tt0163186	tvSpecial	Rowan Atkinson Live	Rowan Atkinson Live	0	1992	\N	55	Comedy,Documentary
tt0163281	videoGame	Star Wars: Dark Forces	Star Wars: Dark Forces	0	1995	\N	\N	Action,Adventure,Sci-Fi
tt0163282	videoGame	Star Wars: X-Wing	Star Wars: X-Wing	0	1993	\N	\N	Action,Adventure,Sci-Fi
tt0163297	tvShort	The Storm	The Storm	0	1996	\N	\N	Horror,Short
tt0163558	tvShort	Boo to You Too! Winnie the Pooh	Boo to You Too! Winnie the Pooh	0	1996	\N	21	Animation,Comedy,Family
tt0163645	videoGame	Gex: Enter the Gecko	Gex: Enter the Gecko	0	1998	\N	\N	Action,Adventure,Comedy
tt0164066	tvSpecial	Joys!	Joys!	0	1976	\N	90	Comedy,Mystery
tt0164127	videoGame	Outlaws	Outlaws	0	1997	\N	\N	Action,Drama,Western
tt0164179	videoGame	Star Wars: Jedi Knight - Mysteries of the Sith	Star Wars: Jedi Knight - Mysteries of the Sith	0	1998	\N	\N	Action,Adventure,Fantasy
tt0164310	videoGame	The 11th Hour	The 11th Hour	0	1995	\N	\N	Adventure,Horror,Mystery
tt0164582	tvSpecial	FDR: A One Man Show	FDR: A One Man Show	0	1987	\N	30	Biography,Comedy
tt0164964	videoGame	The Vortex: Quantum Gate II	The Vortex: Quantum Gate II	0	1994	\N	\N	Adventure,Sci-Fi
tt0164974	videoGame	The X-Files Game	The X-Files Game	0	1998	\N	\N	Action,Adventure,Crime
tt0165025	videoGame	Gex	Gex	0	1995	\N	\N	Action,Comedy,Fantasy
tt0165146	videoGame	Chess Wars	Chess Wars	0	1996	\N	\N	Action,Drama
tt0165179	videoGame	Command & Conquer: Red Alert - Retaliation	Command & Conquer: Red Alert - Retaliation	0	1998	\N	\N	Action,Adventure,Sci-Fi
tt0165275	videoGame	Dune 2000	Dune 2000	0	1998	\N	\N	Action,Sci-Fi,War
tt0165443	videoGame	Rescue the Scientists	Rescue the Scientists	0	1994	\N	\N	\N
tt0165472	tvShort	Shona May	Shona May	0	1988	\N	15	Biography,Drama,Romance
tt0165606	tvSpecial	AMC Salute to Film Noir	AMC Salute to Film Noir	0	1997	\N	60	Music
tt0165651	tvSpecial	Blue Suede Shoes: Ballet Rocks!	Blue Suede Shoes: Ballet Rocks!	0	1998	\N	120	Music
tt0165787	tvSpecial	The Residents: Freak Show in Prague	The Residents: Freak Show in Prague	0	1996	\N	108	Music,Musical
tt0165789	videoGame	Freelancer	Freelancer	0	2003	\N	\N	Action,Adventure,Mystery
tt0165985	videoGame	Command & Conquer: Tiberian Sun	Command & Conquer: Tiberian Sun	0	1999	\N	\N	Action,Sci-Fi,War
tt0166009	tvSpecial	Variety and Virtuosity: American Ballet Theatre Now	Variety and Virtuosity: American Ballet Theatre Now	0	1998	\N	83	Music
tt0166065	tvSpecial	'Weird Al' Yankovic: There's No Going Home	'Weird Al' Yankovic: There's No Going Home	0	1996	\N	56	Comedy,Music
tt0166203	tvShort	Garfield Goes Hollywood	Garfield Goes Hollywood	0	1987	\N	25	Adventure,Animation,Comedy
tt0166204	tvShort	Garfield in Paradise	Garfield in Paradise	0	1986	\N	24	Adventure,Animation,Comedy
tt0166205	tvShort	Garfield in the Rough	Garfield in the Rough	0	1984	\N	30	Adventure,Animation,Comedy
tt0166218	tvShort	Here Comes Garfield	Here Comes Garfield	0	1982	\N	24	Adventure,Animation,Family
tt0166281	tvSpecial	'N Sync in Concert	*N Sync in Concert	0	1998	\N	\N	Music
tt0166301	tvSpecial	Orson Welles and People	Orson Welles and People	0	1956	\N	27	Short,Talk-Show
tt0166333	tvShort	Rött vin i gröna glas	Rött vin i gröna glas	0	1970	\N	20	Short
tt0166366	videoGame	Star Wars: Rebel Assault II - the Hidden Empire	Star Wars: Rebel Assault II - the Hidden Empire	0	1995	\N	\N	Action,Adventure,Sci-Fi
tt0166387	videoGame	Under a Killing Moon	Under a Killing Moon	0	1994	\N	\N	Adventure,Comedy,Crime
tt0166568	videoGame	Descent³	Descent³	0	1999	\N	\N	Action,Sci-Fi
tt0167018	videoGame	Baldur's Gate	Baldur's Gate	0	1998	\N	\N	Action,Adventure,Fantasy
tt0167171	tvSpecial	Future Flight	Future Flight	0	1987	\N	46	\N
tt0167385	videoGame	Sabrina, the Teenage Witch: Spellbound	Sabrina the Teenage Witch: Spellbound	0	1998	\N	\N	Family,Fantasy
tt0167797	tvSpecial	Blue Öyster Cult: Live 1976	Blue Öyster Cult: Live 1976	0	1976	\N	86	Music
tt0167807	tvSpecial	Broadway at the Hollywood Bowl	Jerry Herman's Broadway at the Bowl	0	1994	\N	114	Music
tt0167861	tvSpecial	Céline Dion: The Colour of My Love Concert	Céline Dion: The Colour of My Love Concert	0	1993	\N	60	Music
tt0167923	tvSpecial	Elvis: Aloha from Hawaii	Elvis: Aloha from Hawaii	0	1973	\N	87	Documentary,Music
tt0167929	tvSpecial	An Evening with Lena Horne	An Evening with Lena Horne	0	1994	\N	\N	Music
tt0168015	tvSpecial	John Denver: The Wildlife Concert	John Denver: The Wildlife Concert	0	1995	\N	110	Documentary,Music
tt0168016	tvSpecial	John Fogerty: Premonition Concert	John Fogerty: Premonition Concert	0	1998	\N	\N	Music
tt0168024	tvSpecial	Kenny Loggins: Outside from the Redwoods	Kenny Loggins: Outside from the Redwoods	0	1994	\N	81	Music
tt0168052	tvSpecial	Madonna: The Girlie Show - Live Down Under	Madonna: The Girlie Show - Live Down Under	0	1993	\N	120	Documentary,Music
tt0168062	tvSpecial	In the Spotlight: Mary Chapin Carpenter	In the Spotlight: Mary Chapin Carpenter	0	1995	\N	88	Music
tt0168447	tvShort	Achilles Is a Heel	Achilles Is a Heel	0	1963	\N	5	Animation,Short
tt0168459	tvSpecial	The Diceman Cometh	The Diceman Cometh	0	1989	\N	56	Comedy,Documentary
tt0168466	tvShort	Arabian Daze	Arabian Daze	0	1963	\N	5	Animation,Short
tt0168468	tvShort	Arty Party	Arty Party	0	1963	\N	5	Animation,Short
tt0168471	tvShort	The Atom Boom	The Atom Boom	0	1967	\N	5	Animation,Short
tt0168474	tvShort	Baby Face	Baby Face	0	1962	\N	5	Animation,Short
tt0168477	tvShort	Backwards Box	Backwards Box	0	1967	\N	5	Animation,Short
tt0168479	tvShort	The Baffling Bluffs of Hugo a Go-Go	The Baffling Bluffs of Hugo a Go-Go	0	1967	\N	5	Animation,Short
tt0168481	tvShort	Balloon Blues	Balloon Blues	0	1962	\N	5	Animation,Short
tt0168488	tvShort	Bat Patrol	Bat Patrol	0	1967	\N	5	Animation,Short
tt0168489	tvShort	Batfink on the Rocks	Batfink on the Rocks	0	1967	\N	5	Animation,Short
tt0168490	tvShort	Batfink: This Is Your Life	Batfink: This Is Your Life	0	1967	\N	5	Animation,Short
tt0168494	tvShort	Beanstalk Jack	Beanstalk Jack	0	1967	\N	5	Animation,Short
tt0168498	tvShort	The Beep Bopper	The Beep Bopper	0	1967	\N	5	Animation,Short
tt0168505	tvShort	The Big Bank Robbery	The Big Bank Robbery	0	1962	\N	5	Animation,Short
tt0168507	tvShort	Big Ears Ernie	Big Ears Ernie	0	1967	\N	5	Animation,Short
tt0168519	tvShort	Blankenstein	Blankenstein	0	1967	\N	5	Animation,Short
tt0168523	tvShort	Bluebeard's Treasure	Bluebeard's Treasure	0	1962	\N	5	Animation,Short
tt0168524	tvShort	Blunder Down Under	Blunder Down Under	0	1963	\N	5	Animation,Short
tt0168528	tvShort	Bomb-y Weather	Bomb-y Weather	0	1963	\N	5	Animation,Short
tt0168530	tvShort	The Bomber Bird	The Bomber Bird	0	1967	\N	5	Animation,Short
tt0168535	tvShort	Bouncey Bouncey Batfink	Bouncey Bouncey Batfink	0	1967	\N	5	Animation,Short
tt0168536	tvShort	Bowl Brummel	Bowl Brummel	0	1967	\N	5	Animation,Short
tt0168539	tvShort	Boy Pest with Osh	Boy Pest with Osh	0	1963	\N	5	Animation,Short
tt0168540	tvShort	Brain Washday	Brain Washday	0	1967	\N	5	Animation,Short
tt0168543	tvShort	Bride and Doom	Bride and Doom	0	1967	\N	5	Animation,Short
tt0168547	tvShort	Brother Goose	Brother Goose	0	1967	\N	5	Animation,Short
tt0168554	tvShort	Buster the Ruster	Buster the Ruster	0	1967	\N	5	Animation,Short
tt0168579	tvShort	The Chocolate Covered Diamond	The Chocolate Covered Diamond	0	1967	\N	5	Animation,Short
tt0168586	tvShort	Cinderobber	Cinderobber	0	1967	\N	5	Animation,Short
tt0168591	tvShort	The Cliff Hanger	The Cliff Hanger	0	1963	\N	5	Animation,Short
tt0168600	tvShort	Comic Book Capers	Comic Book Capers	0	1963	\N	5	Animation,Short
tt0168601	tvShort	Comic Strip	Comic Strip	0	1962	\N	5	Animation,Short
tt0168606	tvShort	The Copycat Bat	The Copycat Bat	0	1967	\N	5	Animation,Short
tt0168616	tvShort	Crime College	Crime College	0	1967	\N	5	Animation,Short
tt0168618	tvShort	Crimes in Rhymes	Crimes in Rhymes	0	1967	\N	5	Animation,Short
tt0168621	tvShort	Crumby Mummy	Crumby Mummy	0	1966	\N	5	Animation,Short
tt0168625	tvShort	Curly the Cannonball	Curly the Cannonball	0	1967	\N	5	Animation,Short
tt0168630	tvShort	Daniel Boom	Daniel Boom	0	1967	\N	5	Animation,Short
tt0168646	tvShort	The Devilish Device	The Devilish Device	0	1967	\N	5	Animation,Short
tt0168657	tvShort	Dig That Crazy Mountain	Dig That Crazy Mountain	0	1967	\N	5	Animation,Short
tt0168667	tvShort	The Dirty Sinker	The Dirty Sinker	0	1967	\N	5	Animation,Short
tt0168673	tvShort	A Dog Gone Snooper	A Dog Gone Snooper	0	1963	\N	5	Animation,Short
tt0168705	tvShort	Double Double Crossers	Double Double Crossers	0	1967	\N	5	Animation,Short
tt0168707	tvShort	Down to Earth	Down to Earth	0	1963	\N	5	Animation,Short
tt0168724	tvShort	Ebenezer the Freezer	Ebenezer the Freezer	0	1967	\N	5	Animation,Short
tt0168726	tvShort	The Egg and Me	The Egg and Me	0	1962	\N	5	Animation,Short
tt0168727	tvShort	Ego A-Go-Go	Ego A-Go-Go	0	1967	\N	5	Animation,Short
tt0168738	tvShort	Enchanted Prince	Enchanted Prince	0	1963	\N	5	Animation,Short
tt0168745	tvShort	Extra Special Delivery	Extra Special Delivery	0	1963	\N	5	Animation,Short
tt0168747	tvShort	The Fan Letter	The Fan Letter	0	1963	\N	5	Animation,Short
tt0168750	tvShort	Fastest Popgun in the West	Fastest Popgun in the West	0	1962	\N	5	Animation,Short
tt0168753	tvShort	Father Time Bomb	Father Time Bomb	0	1967	\N	5	Animation,Short
tt0168754	tvShort	Fatman Strikes Again	Fatman Strikes Again	0	1967	\N	5	Animation,Short
tt0168757	tvShort	Fearless Female	Fearless Female	0	1963	\N	5	Animation,Short
tt0168792	tvShort	A Fishy Story	A Fishy Story	0	1962	\N	5	Animation,Short
tt0168795	tvShort	Fleiderfink	Fleiderfink	0	1967	\N	5	Animation,Short
tt0168799	tvShort	Flying Saucery	Flying Saucery	0	1962	\N	5	Animation,Short
tt0168800	tvShort	Footloose Fox	Footloose Fox	0	1963	\N	5	Animation,Short
tt0168802	tvShort	Fort Fangenstein	Fort Fangenstein	0	1966	\N	5	Animation,Short
tt0168816	tvShort	Funnyland	Funnyland	0	1963	\N	5	Animation,Short
tt0168821	tvShort	Gigantical	Gigantical	0	1962	\N	5	Animation,Short
tt0168824	tvShort	Gloves on the Go Go	Gloves on the Go Go	0	1967	\N	5	Animation,Short
tt0168825	tvShort	Gluey Louie	Gluey Louie	0	1967	\N	5	Animation,Short
tt0168826	tvShort	Go Fly a Bat	Go Fly a Bat	0	1967	\N	5	Animation,Short
tt0168829	tvShort	Goldstinger	Goldstinger	0	1967	\N	5	Animation,Short
tt0168830	tvShort	Goldyunlocks and the Three Bears	Goldyunlocks and the Three Bears	0	1967	\N	5	Animation,Short
tt0168831	tvShort	Gone Hollywood	Gone Hollywood	0	1963	\N	5	Animation,Short
tt0168832	tvShort	Goo-Goo a Go-Go	Goo-Goo a Go-Go	0	1967	\N	5	Animation,Short
tt0168839	tvShort	Greasy Gus	Greasy Gus	0	1967	\N	5	Animation,Short
tt0168840	tvShort	The Great Escapo	The Great Escapo	0	1967	\N	5	Animation,Short
tt0168841	tvShort	Growing Pains	Growing Pains	0	1963	\N	5	Animation,Short
tt0168843	tvShort	Gypsy James	Gypsy James	0	1967	\N	5	Animation,Short
tt0168850	tvShort	A-Haunting We Will Go	A-Haunting We Will Go	0	1962	\N	5	Animation,Short
tt0168851	tvShort	Having a Hex of a Time	Having a Hex of a Time	0	1963	\N	5	Animation,Short
tt0168862	tvShort	The Hillbillies	The Hillbillies	0	1963	\N	5	Animation,Short
tt0168875	tvShort	Hugo for Mayor	Hugo for Mayor	0	1967	\N	5	Animation,Short
tt0168876	tvShort	Hugo Here, Hugo There	Hugo Here, Hugo There	0	1967	\N	5	Animation,Short
tt0168877	tvShort	Hugo the Crimefighter	Hugo the Crimefighter	0	1967	\N	5	Animation,Short
tt0168878	tvShort	Hugo's Hoke	Hugo's Hoke	0	1967	\N	5	Animation,Short
tt0168879	tvShort	The Human Pretzel	The Human Pretzel	0	1967	\N	5	Animation,Short
tt0168884	tvShort	In the Army	In the Army	0	1962	\N	5	Animation,Short
tt0168886	tvShort	The Indian Taker	The Indian Taker	0	1967	\N	5	Animation,Short
tt0168892	tvShort	The Invisible One	The Invisible One	0	1963	\N	5	Animation,Short
tt0168894	tvShort	Irving the Indian Nut	Irving the Indian Nut	0	1963	\N	5	Animation,Short
tt0168903	tvShort	Jerkules	Jerkules	0	1967	\N	5	Animation,Short
tt0168907	tvShort	Judy Jitsu	Judy Jitsu	0	1967	\N	5	Animation,Short
tt0168910	tvShort	Jumping Jewelry	Jumping Jewelry	0	1967	\N	5	Animation,Short
tt0168911	tvShort	Jungle Bungle	Jungle Bungle	0	1963	\N	5	Animation,Short
tt0168914	tvShort	The Kangarobot	The Kangarobot	0	1967	\N	5	Animation,Short
tt0168915	tvShort	Karate's Case	Karate's Case	0	1967	\N	5	Animation,Short
tt0168916	tvShort	Karate's Day Off	Karate's Day Off	0	1967	\N	5	Animation,Short
tt0168924	tvShort	The Kitchy-Koo Kaper	The Kitchy-Koo Kaper	0	1967	\N	5	Animation,Short
tt0168927	tvShort	Knight Work	Knight Work	0	1962	\N	5	Animation,Short
tt0168928	tvShort	Koko Gottum Injun Trouble	Koko Gottum Injun Trouble	0	1962	\N	5	Animation,Short
tt0168929	tvShort	Koko Meets Barney Beatnik	Koko Meets Barney Beatnik	0	1963	\N	5	Animation,Short
tt0168930	tvShort	Koko Meets Boobnik	Koko Meets Boobnik	0	1962	\N	5	Animation,Short
tt0168931	tvShort	Koko Meets Robin Hood	Koko Meets Robin Hood	0	1962	\N	5	Animation,Short
tt0168932	tvShort	Koko Roams in Rome	Koko Roams in Rome	0	1962	\N	5	Animation,Short
tt0168933	tvShort	Koko in a London Fog	Koko in a London Fog	0	1963	\N	5	Animation,Short
tt0168934	tvShort	Kokonut, Private Eye	Kokonut, Private Eye	0	1962	\N	5	Animation,Short
tt0168936	tvShort	The Kooky Chameleon	The Kooky Chameleon	0	1967	\N	5	Animation,Short
tt0168949	tvShort	Let George Do It	Let George Do It	0	1963	\N	5	Animation,Short
tt0168963	tvSpecial	Live at Knebworth	Live at Knebworth	0	1990	\N	180	Documentary,Music
tt0168964	tvShort	A Living Doll	A Living Doll	0	1967	\N	5	Animation,Short
tt0168970	tvShort	A Lot of Bull	A Lot of Bull	0	1963	\N	5	Animation,Short
tt0168976	tvShort	Love in Bloom	Love in Bloom	0	1962	\N	5	Animation,Short
tt0168982	tvShort	M.P.F.T.B.R.M.	M.P.F.T.B.R.M.	0	1967	\N	5	Animation,Short
tt0168983	tvShort	The Mad Movie Maker	The Mad Movie Maker	0	1967	\N	5	Animation,Short
tt0168984	tvShort	Mad Scientist Gets Madder	Mad Scientist Gets Madder	0	1963	\N	5	Animation,Short
tt0168991	tvShort	Magneto the Magnificent	Magneto the Magnificent	0	1967	\N	5	Animation,Short
tt0168992	tvShort	Make Room for Moe	Make Room for Moe	0	1963	\N	5	Animation,Short
tt0168994	tvShort	Manhole Manny	Manhole Manny	0	1967	\N	5	Animation,Short
tt0168995	tvShort	The Mark of Zero	The Mark of Zero	0	1967	\N	5	Animation,Short
tt0169003	tvShort	Mayor Mean Moe	Mayor Mean Moe	0	1963	\N	5	Animation,Family,Short
tt0169006	tvShort	The Mean Green Midget	The Mean Green Midget	0	1967	\N	5	Animation,Short
tt0169007	tvShort	Mean Moe Cools Off	Mean Moe Cools Off	0	1963	\N	5	Animation,Short
tt0169008	tvShort	Mean Moe Day	Mean Moe Day	0	1963	\N	5	Animation,Short
tt0169009	tvShort	Mean Moe Gets the Bird	Mean Moe Gets the Bird	0	1963	\N	5	Animation,Short
tt0169010	tvShort	Mean Moe Means Well	Mean Moe Means Well	0	1962	\N	5	Animation,Short
tt0169011	tvShort	Mean Moe Rain Maker	Mean Moe Rain Maker	0	1963	\N	5	Animation,Short
tt0169012	tvShort	Mean Moe Takes Over	Mean Moe Takes Over	0	1962	\N	5	Animation,Short
tt0169013	tvShort	Mean Moe Tells William Tell	Mean Moe Tells William Tell	0	1963	\N	5	Animation,Short
tt0169014	tvShort	Mean Moe and Cleopatra	Mean Moe and Cleopatra	0	1963	\N	5	Animation,Short
tt0169015	tvShort	Mean Moe the Great	Mean Moe the Great	0	1963	\N	5	Animation,Short
tt0169016	tvShort	Mean Moe the Lion Tamer	Mean Moe the Lion Tamer	0	1963	\N	5	Animation,Short
tt0169017	tvShort	Mean Moe the Star	Mean Moe the Star	0	1963	\N	5	Animation,Short
tt0169018	tvShort	Mean Moe's Fairy Tale	Mean Moe's Fairy Tale	0	1963	\N	5	Animation,Short
tt0169019	tvShort	Mean Moe's Money Mad	Mean Moe's Money Mad	0	1962	\N	5	Animation,Short
tt0169020	tvShort	Mean Moe's Side Show	Mean Moe's Side Show	0	1963	\N	5	Animation,Short
tt0169021	tvShort	Medicine Man	Medicine Man	0	1963	\N	5	Animation,Short
tt0169029	tvShort	Mike the Mimic	Mike the Mimic	0	1967	\N	5	Animation,Short
tt0169037	tvShort	Moe Moves In	Moe Moves In	0	1963	\N	5	Animation,Short
tt0169044	tvShort	Monstrous Task	Monstrous Task	0	1964	\N	5	Animation,Short
tt0169051	tvShort	Moving Madness	Moving Madness	0	1962	\N	5	Animation,Short
tt0169057	tvShort	Mummy's the Word	Mummy's the Word	0	1962	\N	5	Animation,Short
tt0169059	tvShort	Musketeer Moe	Musketeer Moe	0	1963	\N	5	Animation,Short
tt0169065	tvShort	Myron the Magician	Myron the Magician	0	1967	\N	5	Animation,Short
tt0169066	tvShort	The Mystery Guest	The Mystery Guest	0	1962	\N	5	Animation,Short
tt0169070	tvShort	Napoleon Blownapart	Napoleon Blownapart	0	1967	\N	5	Animation,Short
tt0169086	tvShort	No Soap	No Soap	0	1963	\N	5	Animation,Short
tt0169089	tvShort	Now You See It Now You Don't	Now You See It Now You Don't	0	1962	\N	5	Animation,Short
tt0169092	tvShort	Nuts of the Round Table	Nuts of the Round Table	0	1967	\N	5	Animation,Short
tt0169099	tvShort	Old King Cruel	Old King Cruel	0	1967	\N	5	Animation,Short
tt0169101	tvShort	On with the Show	On with the Show	0	1963	\N	5	Animation,Short
tt0169104	tvSpecial	Carreras Domingo Pavarotti in Concert	Carreras Domingo Pavarotti in Concert	0	1990	\N	86	Music
tt0169108	tvShort	Out Out Darn Spot	Out Out Darn Spot	0	1967	\N	5	Animation,Short
tt0169117	tvShort	Party Marty	Party Marty	0	1967	\N	5	Animation,Short
tt0169125	tvShort	A Pie in the Sky	A Pie in the Sky	0	1965	\N	5	Animation,Short
tt0169127	tvShort	Pink Pearl of Persia	Pink Pearl of Persia	0	1966	\N	5	Animation,Short
tt0169130	tvShort	Plane Stupid	Plane Stupid	0	1963	\N	5	Animation,Short
tt0169136	tvShort	Polar Bear Facts	Polar Bear Facts	0	1962	\N	5	Animation,Short
tt0169139	tvShort	Pony Express	Pony Express	0	1963	\N	5	Animation,Short
tt0169144	tvShort	Pow-wow-wow!	Pow-wow-wow!	0	1962	\N	5	Animation,Short
tt0169146	tvShort	Presto-Chango-Hugo	Presto-Chango-Hugo	0	1967	\N	5	Animation,Short
tt0169157	tvShort	A Queen for a Day	A Queen for a Day	0	1962	\N	5	Animation,Short
tt0169159	tvShort	Queenie Bee	Queenie Bee	0	1967	\N	5	Animation,Short
tt0169171	tvShort	Reflection Land	Reflection Land	0	1962	\N	5	Animation,Short
tt0169172	tvShort	The Refriger-raider	The Refriger-raider	0	1962	\N	5	Animation,Short
tt0169179	tvShort	Ringading Brothers	Ringading Brothers	0	1967	\N	5	Animation,Short
tt0169182	tvShort	The River Robbers	The River Robbers	0	1963	\N	5	Animation,Short
tt0169184	tvShort	Robber Hood	Robber Hood	0	1967	\N	5	Animation,Short
tt0169186	tvShort	Rocket Ranger	Rocket Ranger	0	1963	\N	5	Animation,Short
tt0169188	tvShort	Rodeo	Rodeo	0	1963	\N	5	Animation,Short
tt0169192	tvShort	Romance Machine Made	Romance Machine Made	0	1963	\N	5	Animation,Short
tt0169196	tvShort	The Rotten Rainmaker	The Rotten Rainmaker	0	1967	\N	5	Animation,Short
tt0169198	tvShort	Roz the Schnozz	Roz the Schnozz	0	1967	\N	5	Animation,Short
tt0169202	tvShort	Sahara Today Gone Tomorrow	Sahara Today Gone Tomorrow	0	1963	\N	5	Animation,Short
tt0169208	tvShort	Sandman Sam	Sandman Sam	0	1967	\N	5	Animation,Short
tt0169209	tvShort	Satan's Choice	Satan's Choice	0	1967	\N	8	Documentary,Short
tt0169220	tvShort	The Shady Shadow	The Shady Shadow	0	1967	\N	5	Animation,Short
tt0169227	tvShort	The Short Circuit Case	The Short Circuit Case	0	1966	\N	5	Action,Animation,Comedy
tt0169235	tvShort	Sing Along with Moe	Sing Along with Moe	0	1963	\N	5	Animation,Short
tt0169239	tvShort	Skinny Minnie	Skinny Minnie	0	1967	\N	5	Animation,Short
tt0169240	tvShort	Skuggorna	Skuggorna	0	1960	\N	21	Short
tt0169241	tvShort	The Sleeping Beauty	The Sleeping Beauty	0	1963	\N	5	Animation,Short
tt0169242	tvShort	Slow Down! Speed Up!	Slow Down! Speed Up!	0	1967	\N	5	Animation,Short
tt0169246	tvShort	So Long Ceylon	So Long Ceylon	0	1963	\N	5	Animation,Short
tt0169250	tvShort	Sold on Manhattan	Sold on Manhattan	0	1963	\N	5	Animation,Short
tt0169254	tvShort	The Sonic Boomer	The Sonic Boomer	0	1967	\N	5	Animation,Short
tt0169258	tvShort	Speak for Yourself Mean Moe	Speak for Yourself Mean Moe	0	1963	\N	5	Animation,Short
tt0169259	tvShort	Sphinx Jinx	Sphinx Jinx	0	1966	\N	5	Animation,Short
tt0169260	tvShort	Spider Spiter	Spider Spiter	0	1965	\N	5	Animation,Short
tt0169261	tvShort	Spin the Batfink	Spin the Batfink	0	1967	\N	5	Animation,Short
tt0169266	tvShort	Sporty Morty	Sporty Morty	0	1967	\N	5	Animation,Short
tt0169267	tvShort	Stage Plight	Stage Plight	0	1966	\N	5	Animation,Short
tt0169269	tvShort	Station Breaks	Station Breaks	0	1963	\N	5	Animation,Short
tt0169273	tvShort	Strictly from Lumber	Strictly from Lumber	0	1963	\N	5	Animation,Short
tt0169274	tvShort	Stupidman	Stupidman	0	1967	\N	5	Animation,Short
tt0169275	tvShort	Success Story	Success Story	0	1962	\N	5	Animation,Short
tt0169281	tvShort	The Super Trap	The Super Trap	0	1967	\N	5	Animation,Short
tt0169283	tvShort	Swami Salami	Swami Salami	0	1967	\N	5	Animation,Short
tt0169287	tvShort	TV or Not TV	TV or Not TV	0	1962	\N	5	Animation,Short
tt0169312	tvShort	That's Show Biz	That's Show Biz	0	1962	\N	5	Animation,Short
tt0169318	tvShort	The Thief from Baghdad	The Thief from Baghdad	0	1967	\N	5	Animation,Short
tt0169323	tvShort	Tic Tac Moe	Tic Tac Moe	0	1963	\N	5	Animation,Short
tt0169325	tvShort	The Time Stopper	The Time Stopper	0	1967	\N	5	Animation,Short
tt0169329	tvShort	Topsy Turvy	Topsy Turvy	0	1967	\N	5	Animation,Short
tt0169332	tvShort	Tough Macduff	Tough Macduff	0	1967	\N	5	Animation,Short
tt0169337	tvShort	The Trojan Horse Thief	The Trojan Horse Thief	0	1967	\N	5	Animation,Short
tt0169349	tvShort	Unhappy Birthday	Unhappy Birthday	0	1967	\N	5	Animation,Short
tt0169352	tvShort	The Unwashables	The Unwashables	0	1963	\N	5	Animation,Short
tt0169360	tvShort	Va-Room Service	Va-Room Service	0	1966	\N	5	Animation,Comedy,Short
tt0169362	tvShort	Victor the Predictor	Victor the Predictor	0	1967	\N	5	Animation,Short
tt0169374	tvShort	Watch My Smoke	Watch My Smoke	0	1967	\N	5	Animation,Short
tt0169377	tvShort	Whale of a Story	Whale of a Story	0	1962	\N	5	Animation,Short
tt0169381	tvShort	Which Witch Is Which?	Which Witch Is Which?	0	1962	\N	5	Animation,Short
tt0169382	tvShort	Whip Van Winkle	Whip Van Winkle	0	1967	\N	5	Animation,Short
tt0169384	tvShort	Who's Napoleon?	Who's Napoleon?	0	1963	\N	5	Animation,Short
tt0169385	tvShort	Wild West Story	Wild West Story	0	1963	\N	5	Animation,Short
tt0169389	tvShort	The Wishbone Boner	The Wishbone Boner	0	1967	\N	5	Animation,Short
tt0169393	tvShort	Yo Yo A Go Go	Yo Yo A Go Go	0	1967	\N	5	Animation,Short
tt0169399	tvShort	You Are Here	You Are Here	0	1963	\N	5	Animation,Short
tt0169400	tvShort	The Zap Sap	The Zap Sap	0	1967	\N	5	Animation,Short
tt0169511	tvSpecial	What's Alan Watching?	What's Alan Watching?	0	1989	\N	60	Comedy
tt0169657	videoGame	Caesars Palace 2	Caesars Palace 2	0	1998	\N	\N	Sport
tt0169675	tvShort	Il cerchio	Il cerchio	0	1996	\N	8	Short
tt0169763	tvShort	The Rajah's Diamond	Diament radzy	0	1971	\N	26	Adventure,Short
tt0169877	tvShort	Estate in città	Estate in città	0	1996	\N	\N	Short
tt0169922	videoGame	Descent: FreeSpace - The Great War	Freespace	0	1998	\N	\N	Action,Sci-Fi
tt0170622	tvShort	Den starkare	Den starkare	0	1960	\N	20	Short
tt0170749	videoGame	VR Baseball 98	VR Baseball 98	0	1998	\N	\N	Sport
tt0170750	videoGame	VR Football 98	VR Football 98	0	1998	\N	\N	Sport
tt0171051	tvShort	Watercolor	Akvarel	0	1958	\N	10	Short
tt0171065	tvShort	Analogy	Analogie	0	1966	\N	16	Short
tt0171136	tvShort	Bubeník Cerveného kríza	Bubeník Cerveného kríza	0	1977	\N	14	Documentary,Short
tt0171211	tvShort	Danijela	Danijela	0	1976	\N	4	Documentary,Short
tt0171475	tvShort	The Flight of the Blue Bird	Let modrého vtáka	0	1974	\N	17	Documentary,Short
tt0171530	tvShort	Miesto medzi ludmi	Miesto medzi ludmi	0	1981	\N	\N	Documentary,Short
tt0171606	videoGame	The Pandora Directive	The Pandora Directive	0	1996	\N	\N	Action,Adventure,Comedy
tt0171752	tvShort	Slovensko - krajina pod Tatrami	Slovensko - krajina pod Tatrami	0	1975	\N	\N	Documentary,Short
tt0171797	tvShort	Sve jedno drugo pojede	Sve jedno drugo pojede	0	1971	\N	12	Short
tt0171939	tvShort	Leaving a Mark	Zanechat stopu	0	1971	\N	\N	Short
tt0172075	tvShort	'Wenn die Hähne kräh'n...'	'Wenn die Hähne kräh'n...'	0	1990	\N	16	Short
tt0172177	tvShort	Bielszy niz snieg	Bielszy niz snieg	0	1976	\N	32	Drama,Short
tt0172179	videoGame	Black Dahlia	Black Dahlia	0	1998	\N	\N	Adventure,Crime,Fantasy
tt0172236	tvShort	Chcialbym sie ogolic	Chcialbym sie ogolic	0	1966	\N	17	Short,Thriller
tt0172292	tvShort	Dama pikowa	Dama pikowa	0	1972	\N	26	Drama,Short,Thriller
tt0172342	tvShort	Dom	Dom	0	1972	\N	10	Documentary,Short
tt0172494	tvShort	Gisela May singt Brecht	Gisela May singt Brecht	0	1967	\N	\N	Short
tt0172719	tvShort	Lestnitsa	Lestnitsa	0	1962	\N	\N	Short
tt0172728	tvShort	List mordercy	List mordercy	0	1971	\N	31	Documentary,Short
tt0173070	tvShort	A Terribly Strange Bed	Przerazliwe loze	0	1968	\N	27	Mystery,Short
tt0173484	tvShort	Zbrodnia lorda Artura Savile'a	Zbrodnia lorda Artura Savile'a	0	1968	\N	27	Mystery,Short
tt0173582	tvSpecial	The Orson Welles Show	The Orson Welles Show	0	1979	\N	74	Talk-Show
tt0173613	tvSpecial	The 5th Dimension Traveling Sunshine Show	The 5th Dimension Traveling Sunshine Show	0	1971	\N	60	Comedy,Music
tt0173633	tvShort	Almara	Almara	0	1973	\N	\N	Comedy,Drama,Short
tt0173660	tvShort	Barabaniada	Barabaniada	0	1981	\N	15	Short
tt0173712	tvShort	Time of Sun and Roses	Cas slunce a ruzí	0	1968	\N	\N	Short
tt0173752	tvShort	The Czech Connection	The Czech Connection	0	1975	\N	\N	Short
tt0173779	tvShort	The Canterville Ghost	Duch z Canterville	0	1968	\N	27	Fantasy,Horror,Short
tt0173939	tvShort	Jada Gwizdze	Jada Gwizdze	0	1968	\N	\N	Short
tt0173955	tvSpecial	Kenny Rogers and the First Edition: Rollin' on the River	Kenny Rogers and the First Edition: Rollin' on the River	0	1971	\N	48	Comedy,Music
tt0173983	tvShort	Life Is a Circus, Charlie Brown	Life Is a Circus, Charlie Brown	0	1980	\N	24	Animation,Comedy,Family
tt0174069	tvShort	Nina Menovshchikova	Nina Menovshchikova	0	1962	\N	\N	Short
tt0174078	tvShort	Necklace of Melancholy	Náhrdelník melancholie	0	1968	\N	20	Music,Short
tt0174149	tvShort	Puste krzesla	Puste krzesla	0	1974	\N	\N	Documentary,Short
tt0174154	tvSpecial	Raquel	Raquel	0	1970	\N	48	Comedy,Music
tt0174188	tvShort	Sedm zen Alfonse Karáska	Sedm zen Alfonse Karáska	0	1967	\N	41	Comedy,Musical,Short
tt0174200	tvShort	She's a Good Skate, Charlie Brown	She's a Good Skate, Charlie Brown	0	1980	\N	24	Animation,Comedy,Family
tt0174220	tvShort	Snoopy's Getting Married, Charlie Brown	Snoopy's Getting Married, Charlie Brown	0	1985	\N	30	Animation,Comedy,Family
tt0174221	tvShort	Snoopy's Reunion	Snoopy's Reunion	0	1991	\N	24	Animation,Comedy,Family
tt0174226	tvShort	Someday You'll Find Her, Charlie Brown	Someday You'll Find Her, Charlie Brown	0	1981	\N	24	Animation,Comedy,Family
tt0174301	tvShort	Ubit ne na voyne	Ubit ne na voyne	0	1962	\N	\N	Short
tt0174508	videoGame	Blue's ABC Time	Blue's ABC Time	0	1998	\N	\N	Comedy,Family,Musical
tt0174509	videoGame	Blue's Big Birthday	Blue's Big Birthday	0	1998	\N	\N	\N
tt0174512	tvShort	Bohous	Bohous	0	1968	\N	25	Comedy,Short
tt0174589	tvShort	Diabel	Diabel	0	1988	\N	28	Drama,Short
tt0174666	tvSpecial	John Leguizamo: Freak	John Leguizamo: Freak	0	1998	\N	89	Biography,Comedy
tt0174835	tvShort	King and Women	Král a zena	0	1967	\N	22	Comedy,Short
tt0175122	tvShort	Rikki-Tikki-Tavi	Rikki-Tikki-Tavi	0	1975	\N	24	Adventure,Animation,Family
tt0175169	tvShort	Silvestrovský trapas	Silvestrovský trapas	0	1970	\N	16	Comedy,Short
tt0175355	tvShort	Wife for a Hero	Zena pro hrdinu	0	1962	\N	\N	Short
tt0175862	tvShort	Love Story	Love Story	0	1999	\N	15	Short
tt0175888	tvShort	Der Mann und der kleine Junge	Der Mann und der kleine Junge	0	1970	\N	\N	Short
tt0176055	tvShort	Sorry, Wrong Number	Prominte, omyl	0	1963	\N	\N	Crime,Drama,Short
tt0176142	videoGame	The Silicon Sands of Oz	The Silicon Sands of Oz	0	1999	\N	\N	\N
tt0176177	tvShort	Sruseni grad	Sruseni grad	0	1970	\N	\N	Short
tt0176184	tvSpecial	Steve Allen's 75th Birthday Celebration	Steve Allen's 75th Birthday Celebration	0	1997	\N	120	Comedy,Documentary,Music
tt0176236	videoGame	Titanic: Adventure Out of Time	Titanic: Adventure Out of Time	0	1996	\N	\N	Action,Adventure,Mystery
tt0176261	tvShort	The Ugly Little Boy	The Ugly Little Boy	0	1977	\N	26	Drama,Sci-Fi,Short
tt0176314	tvSpecial	Walt Disney World Inside Out: Walt Disney World's 25th Anniversary Kickoff!	Walt Disney World Inside Out: Walt Disney World's 25th Anniversary Kickoff!	0	1996	\N	59	Family,Reality-TV
tt0176341	tvShort	Zespól SBB	Zespól SBB	0	1975	\N	10	Documentary,Music,Short
tt0176457	videoGame	Apocalypse	Apocalypse	0	1998	\N	\N	Action,Horror,Sci-Fi
tt0176468	tvShort	Ave Marija	Ave Marija	0	1970	\N	52	Short
tt0176629	tvShort	The Man Who Demoralized Hadleyburg	Czlowiek, który zdemoralizowal Hadleyburg	0	1967	\N	27	Short,Western
tt0176641	videoGame	The Dark Eye	The Dark Eye	0	1995	\N	\N	Adventure,Drama,Horror
tt0176664	videoGame	Donkey Kong	Donkey Kong	0	1981	\N	\N	Action
tt0176925	videoGame	The Legend of Zelda	The Hyrule fantasy: Zeruda no densetsu	0	1986	\N	\N	Action,Adventure,Fantasy
tt0176971	videoGame	Mario Bros.	Mario Bros.	0	1983	\N	\N	Action,Fantasy
tt0176990	tvShort	My Warsaw	Mia Varsavia	0	1987	\N	\N	Documentary,Short
tt0176998	tvShort	A Mirthworm Masquerade	A Mirthworm Masquerade	0	1986	\N	24	Animation,Family,Short
tt0177099	tvShort	Pavoncello	Pavoncello	0	1969	\N	27	Drama,Romance,Short
tt0177148	tvShort	Przemysl	Przemysl	0	1966	\N	17	Documentary,Short
tt0177266	videoGame	Super Mario Bros.	Super Mario Bros.	0	1985	\N	\N	Action,Adventure,Fantasy
tt0177308	tvShort	Face to Face	Twarza w twarz	0	1968	\N	25	Drama,Short
tt0177323	tvSpecial	Alan Davies: Urban Trauma	Alan Davies: Urban Trauma	0	1998	\N	50	Comedy,Documentary
tt0177395	videoGame	Yellow Brick Road	Yellow Brick Road	0	1996	\N	\N	Action,Adventure,Fantasy
tt0177406	tvShort	Zaliczenie	Zaliczenie	0	1968	\N	28	Drama,Short
tt0177416	tvShort	Resurrection of the Offland	Zmartwychwstanie Offlanda	0	1968	\N	27	Drama,Fantasy,Short
tt0177786	tvShort	Förhinder	Förhinder	0	1969	\N	\N	Short
tt0177822	videoGame	Grim Fandango	Grim Fandango	0	1998	\N	\N	Adventure,Comedy,Crime
tt0178214	tvShort	Abductees	Abductees	0	1995	\N	11	Animation,Short
tt0178952	videoGame	Toy Story: The Video Game	Toy Story	0	1995	\N	\N	Action,Adventure,Family
tt0179251	tvSpecial	Jim Davidson: So Far	Jim Davidson: So Far	0	1998	\N	\N	Comedy
tt0179491	tvSpecial	A Tribute to Stevie Ray Vaughan	A Tribute to Stevie Ray Vaughan	0	1996	\N	80	Music
tt0179500	tvSpecial	Vadertje langbeen	Vadertje langbeen	0	1964	\N	\N	Musical
tt0179600	tvSpecial	The Paul Williams Show	The Paul Williams Show	0	1979	\N	30	\N
tt0179624	tvShort	100 Years at the Movies	100 Years at the Movies	0	1994	\N	9	Documentary,Short
tt0179647	tvShort	Aquaman	Aquaman	0	1984	\N	21	Short
tt0179651	tvSpecial	Around the Beatles	Around the Beatles	0	1964	\N	52	Comedy
tt0179668	tvShort	Batgirl	Batgirl	0	1967	\N	8	Short
tt0179846	tvSpecial	Hey, Mr. Producer! The Musical World of Cameron Mackintosh	Hey, Mr. Producer! The Musical World of Cameron Mackintosh	0	1998	\N	164	Biography,Documentary,Music
tt0179944	tvSpecial	Live from the Lighthouse	Live from the Lighthouse	0	1998	\N	200	Comedy
tt0180051	tvShort	Intergalactic Thanksgiving or Please Don't Eat the Planet	Intergalactic Thanksgiving or Please Don't Eat the Planet	0	1979	\N	23	Animation,Comedy,Family
tt0180176	tvSpecial	Smash Hits Poll Winners Party 1998	Smash Hits Poll Winners Party 1998	0	1998	\N	\N	Music
tt0180221	videoGame	Super Godzilla	Super Godzilla	0	1993	\N	\N	Adventure,Sci-Fi
tt0180300	tvSpecial	Weddings of a Lifetime	Weddings of a Lifetime	0	1995	\N	60	Reality-TV
tt0180318	videoGame	X-Men vs. Street Fighter	X-Men vs. Street Fighter	0	1996	\N	\N	Action,Sci-Fi
tt0180561	tvSpecial	Bob Hope Winterfest Christmas Show	Bob Hope Winterfest Christmas Show	0	1987	\N	60	Family
tt0180691	tvShort	Father Christmas	Father Christmas	0	1991	\N	25	Animation,Comedy,Family
tt0180825	videoGame	Metal Gear Solid	Metal Gear Solid	0	1998	\N	\N	Action,Adventure,Drama
tt0180864	videoGame	Need for Speed III: Hot Pursuit	Need for Speed III: Hot Pursuit	0	1998	\N	\N	Action,Crime,Sport
tt0180881	videoGame	Oddworld: Abe's Exoddus	Oddworld: Abe's Exoddus	0	1998	\N	\N	Adventure,Fantasy,Sci-Fi
tt0180949	videoGame	Colin McRae Rally	Colin McRae Rally	0	1997	\N	\N	Sport
tt0180965	tvSpecial	The Rolling Stones: Bridges to Babylon Tour '97-98	The Rolling Stones: Bridges to Babylon Tour '97-98	0	1997	\N	120	Documentary,Music
tt0181016	videoGame	Soul Blade	Soru ejji	0	1996	\N	\N	Action,Adventure,Fantasy
tt0181020	videoGame	Spice World	Spice World: The Game	0	1998	\N	\N	Music
tt0181047	videoGame	Tekken 3	Tekken 3	0	1997	\N	120	Action,Fantasy,Sci-Fi
tt0181129	videoGame	Victory Boxing 2	Victory Boxing 2	0	1998	\N	\N	\N
tt0181143	videoGame	WCW: Nitro	WCW: Nitro	0	1999	\N	\N	Action
tt0181200	tvSpecial	Bernard Manning in Las Vegas	Bernard Manning in Las Vegas	0	1978	\N	\N	Comedy,Documentary
tt0181290	tvShort	O Amor Não Me Engana	O Amor Não Me Engana	0	1996	\N	\N	Drama,Short
tt0181421	videoGame	Crash Bandicoot 2: Cortex Strikes Back	Crash Bandicoot 2: Cortex Strikes Back	0	1997	\N	\N	Action,Adventure,Comedy
tt0181422	videoGame	Crash Bandicoot: Warped	Crash Bandicoot: Warped	0	1998	\N	\N	Action,Adventure,Comedy
tt0181743	tvSpecial	Our World	Our World	0	1967	\N	120	Documentary,Music,News
tt0182342	tvShort	Una noche de estas	Una noche de estas	0	1988	\N	\N	Short
tt0182839	videoGame	Bloodwings: Pumpkinhead's Revenge	Bloodwings: Pumpkinhead's Revenge	0	1995	\N	\N	Action,Adventure,Horror
tt0182931	videoGame	Corpse Killer	Corpse Killer	0	1994	\N	\N	Action,Adventure,Horror
tt0182997	videoGame	Don't Quit Your Day Job	Don't Quit Your Day Job	0	1996	\N	\N	Adventure,Comedy
tt0183005	videoGame	Double Switch	Double Switch	0	1993	\N	\N	Adventure,Crime,Mystery
tt0183020	videoGame	Dune II: The Building of a Dynasty	Dune II: The Building of a Dynasty	0	1992	\N	\N	Action,Adventure,Sci-Fi
tt0183066	videoGame	Fallout 2: A Post-Nuclear Role-Playing Game	Fallout 2	0	1998	\N	\N	Action,Adventure,Sci-Fi
tt0183515	videoGame	Mighty Morphin Power Rangers	Mighty Morphin Power Rangers	0	1994	\N	\N	Action,Family
tt0183531	tvSpecial	Movin' with Nancy	Movin' with Nancy	0	1967	\N	60	Music
tt0183816	videoGame	Star Wars: Rogue Squadron	Star Wars: Rogue Squadron	0	1998	\N	\N	Action,Adventure,Sci-Fi
tt0183890	videoGame	Thunder in Paradise Interactive	Thunder in Paradise Interactive	0	1995	\N	\N	Action,Adventure,Sci-Fi
tt0184180	videoGame	The 3-D Battles of World Runner	The 3-D Battles of World Runner	0	1987	\N	\N	Action,Sci-Fi
tt0184458	tvSpecial	Farm Aid '96	Farm Aid '96	0	1996	\N	\N	Music
tt0184528	videoGame	Godzilla2: War of the Monsters	Godzilla2: War of the Monsters	0	1991	\N	\N	\N
tt0184529	videoGame	Godzilla: Monster of Monsters	Gojira	0	1988	\N	\N	Action,Adventure,Fantasy
tt0184666	videoGame	The Legend of Zelda: Ocarina of Time	Zeruda no densetsu: Toki no okarina	0	1998	\N	\N	Action,Adventure,Fantasy
tt0184682	videoGame	Lode Runner	Lode Runner	0	1983	\N	\N	Action,Sci-Fi
tt0184692	videoGame	Mach Rider	Mach Rider	0	1985	\N	\N	Action,Sci-Fi
tt0184785	videoGame	Noctropolis	Noctropolis	0	1994	\N	\N	Action,Adventure,Fantasy
tt0184845	videoGame	Raid on Bungeling Bay	Raid on Bungeling Bay	0	1984	\N	\N	Action,Sci-Fi
tt0184947	tvSpecial	This Is Michael Bolton	This Is Michael Bolton	0	1994	\N	86	Music
tt0184965	tvShort	Trial by Jury	Trial by Jury	0	1984	\N	50	Comedy,Musical,Short
tt0184992	videoGame	Volley Ball	Volley Ball	0	1986	\N	\N	Sport
tt0185017	videoGame	Wrecking Crew	Wrecking Crew	0	1984	\N	\N	Action,Family
tt0185037	videoGame	Zelda II: The Adventure of Link	The Legend of Zelda 2: Rinku no bôken	0	1987	\N	\N	Action,Adventure,Fantasy
tt0185061	tvSpecial	An Easter Story	An Easter Story	0	1983	\N	28	Comedy,Family,Fantasy
tt0185194	videoGame	Blue's Birthday Adventure	Blue's Birthday Adventure	0	1998	\N	\N	Adventure,Animation,Family
tt0185274	videoGame	Doctor Who: Destiny of the Doctors	Doctor Who: Destiny of the Doctors	0	1997	\N	\N	Sci-Fi
tt0185297	tvSpecial	Electric Light Orchestra: Live at Wembley	Electric Light Orchestra: 'Out of the Blue' Tour Live at Wembley	0	1978	\N	62	Music
tt0185554	tvShort	The Nor-way to Broadcasting	The Nor-way to Broadcasting	0	1976	\N	27	Comedy,Short
tt0185639	tvShort	The Rise and Fall of an Olympic Village	The Rise and Fall of an Olympic Village	0	1994	\N	30	Comedy,Short,Sport
tt0185712	videoGame	Super Star Wars: Return of the Jedi	Super Star Wars: Return of the Jedi	0	1994	\N	\N	Action,Adventure,Sci-Fi
tt0185834	videoGame	10-Yard Fight	10-Yard Fight	0	1983	\N	\N	Sport
tt0185835	videoGame	1942	1942	0	1984	\N	\N	Action,War
tt0185857	videoGame	Alpha Mission	ASO: Armored Scrum Object	0	1985	\N	\N	Action,Sci-Fi
tt0185887	videoGame	Arkanoid	Arkanoid	0	1986	\N	\N	Action,Family,Sci-Fi
tt0185892	videoGame	Athena	Athena	0	1986	\N	\N	Action,Adventure,Fantasy
tt0185904	videoGame	Balloon Fight	Balloon Fight	0	1984	\N	\N	Action,Family,Sport
tt0185909	videoGame	Baseball	Baseball	0	1983	\N	\N	Sport
tt0185950	videoGame	BreakThru	Kyohkoh-Toppa	0	1986	\N	\N	Action
tt0185960	videoGame	Bucky O'Hare	Bucky O'Hare	0	1992	\N	\N	Action,Adventure,Sci-Fi
tt0185967	videoGame	BurgerTime	Hamburger	0	1982	\N	\N	Action,Family
tt0185980	videoGame	Castlevania	Akumajô Dorakyura	0	1986	\N	\N	Action,Adventure,Fantasy
tt0185990	videoGame	Chubby Cherub	Chubby Cherub	0	1985	\N	\N	\N
tt0185993	videoGame	Clu Clu Land	Clu Clu Land	0	1984	\N	\N	Action,Family,Fantasy
tt0185996	videoGame	Commando	Senjô no Ôkami	0	1985	\N	\N	Action
tt0186021	videoGame	Deadly Towers	Deadly Towers	0	1986	\N	\N	Action,Adventure,Fantasy
tt0186035	videoGame	Donkey Kong 3	Donkey Kong 3	0	1983	\N	\N	Action,Family
tt0186036	videoGame	Donkey Kong Jr. Math	Donkey Kong Jr. Math	0	1983	\N	\N	Family
tt0186041	videoGame	Double Dribble	Double Dribble	0	1987	\N	\N	Sport
tt0186046	videoGame	Duck Hunt	Duck Hunt	0	1984	\N	\N	Action,Adventure,Crime
tt0186053	videoGame	Elevator Action	Elevator Action	0	1983	\N	\N	Action,Crime,Family
tt0186073	videoGame	Excitebike	Excitebike	0	1984	\N	\N	Sport
tt0186080	videoGame	Family Fun Fitness: AthleticWorld	Family Fun Fitness: AthleticWorld	0	1986	\N	\N	Family,Sport
tt0186081	videoGame	World Class Track Meet	Family Fun Fitness: Stadium Events	0	1986	\N	\N	Family,Sport
tt0186162	videoGame	Ghosts 'n Goblins	Makaimura	0	1985	\N	\N	Action,Adventure,Family
tt0186168	videoGame	Golf	Golf	0	1984	\N	\N	Sport
tt0186172	videoGame	The Goonies II	The Goonies II	0	1987	\N	\N	Action,Adventure
tt0186174	videoGame	Gotcha! The Sport!	Gotcha! The Sport!	0	1987	\N	\N	\N
tt0186178	videoGame	Gradius	Gradius	0	1985	\N	\N	Action,Adventure,Sci-Fi
tt0186211	videoGame	Hogan's Alley	Hogan's Alley	0	1984	\N	\N	Action
tt0186230	videoGame	Ice Climber	Ice Climber	0	1985	\N	\N	Action,Family
tt0186231	videoGame	Ikari Warriors	Ikari	0	1986	\N	80	Action,Adventure
tt0186251	videoGame	Jaws	Jaws	0	1987	\N	\N	Adventure,Horror,Thriller
tt0186263	videoGame	Karate Champ	Karate Dô	0	1984	\N	\N	Action,Sport
tt0186264	videoGame	The Karate Kid	The Karate Kid	0	1987	\N	\N	Sport
tt0186266	videoGame	Karnov	Karnov	0	1987	\N	\N	Action,Adventure,Fantasy
tt0186272	videoGame	Kid Niki: Radical Ninja	Kaiketsu Yanchamaru	0	1986	\N	\N	Action,Adventure,Family
tt0186281	videoGame	Kung-Fu Master	Suparutan X	0	1984	\N	\N	Action,Fantasy
tt0186301	videoGame	The Legend of Kage	Kage no Densetsu	0	1985	\N	\N	Action,Adventure,Fantasy
tt0186325	videoGame	Lunar Pool	Lunar Pool	0	1985	\N	\N	Sport
tt0186327	videoGame	Tag Team Match: M.U.S.C.L.E	Kinnikuman	0	1986	\N	\N	\N
tt0186339	videoGame	Mega Man	Rockman	0	1987	\N	\N	Action,Adventure,Sci-Fi
tt0186350	videoGame	Metroid	Metoroido	0	1986	\N	\N	Action,Adventure,Horror
tt0186359	videoGame	Mighty Bomb Jack	Mighty Bomb Jack	0	1987	\N	\N	Action,Fantasy
tt0186360	videoGame	Mike Tyson's Punch-Out!!	Mike Tyson's Punch-Out!!	0	1987	\N	\N	Sport
tt0186368	videoGame	Mission Critical	Mission Critical	0	1995	\N	\N	Adventure,Sci-Fi
tt0186391	videoGame	Ninja Kid	Gegege no Kitaro yokai dai makyo	0	1986	\N	\N	Comedy,Family,Horror
tt0186450	videoGame	Pitfall!	Pitfall!	0	1982	\N	\N	Adventure
tt0186457	videoGame	Popeye	Popeye	0	1982	\N	\N	Action,Family
tt0186464	videoGame	Pro Wrestling	Puroresu	0	1986	\N	\N	Sport
tt0186476	videoGame	Rad Racer	Highway Star	0	1987	\N	\N	Sport
tt0186496	videoGame	Ring King	King of Boxer	0	1985	\N	\N	Sport
tt0186498	videoGame	Stack-Up	Robot Block	0	1985	\N	\N	\N
tt0186499	videoGame	Gyromite	Robot Gyro	0	1985	\N	\N	\N
tt0186507	videoGame	Rush'n Attack	Green Beret	0	1985	\N	\N	Action
tt0186509	videoGame	Rygar	Rygar	0	1987	\N	\N	Action,Adventure,Fantasy
tt0186526	videoGame	Section Z	Section Z	0	1985	\N	\N	Action,Sci-Fi
tt0186527	videoGame	Segata Sanshiro shinken yu-gi	Segata Sanshiro shinken yu-gi	0	1998	\N	\N	\N
tt0186545	videoGame	Side Pocket	Side Pocket	0	1987	\N	\N	Sport
tt0186555	videoGame	SkyKid	SkyKid	0	1985	\N	\N	Action,War
tt0186556	videoGame	Slalom	Slalom	0	1986	\N	\N	Sport
tt0186558	videoGame	Soccer	Soccer	0	1985	\N	\N	Sport
tt0186562	videoGame	Solomon's Key	Solomon's Key	0	1987	\N	\N	Fantasy
tt0186567	videoGame	Spelunker	Spelunker	0	1984	\N	\N	Adventure,Fantasy
tt0186569	videoGame	Sqoon	Sqoon	0	1986	\N	\N	\N
tt0186574	videoGame	Star Voyager	Star Voyager	0	1986	\N	\N	\N
tt0186576	videoGame	Starsiege	Starsiege	0	1999	\N	\N	Action,Sci-Fi
tt0186578	videoGame	Stinger	Stinger	0	1987	\N	\N	\N
tt0186591	videoGame	Super Pitfall	Super Pitfall	0	1987	\N	\N	Action
tt0186596	videoGame	Tag Team Wrestling	The Big Pro Wrestling!	0	1983	\N	\N	Sport
tt0186610	videoGame	Tennis	Tennis	0	1984	\N	\N	Sport
tt0186619	videoGame	Tiger-Heli	Tiger-Heli	0	1985	\N	\N	Action
tt0186634	videoGame	Track & Field	Hyper Olympic	0	1983	\N	\N	Sport
tt0186636	videoGame	Trojan	Tatakai no Banka	0	1986	\N	\N	Action,Adventure,Sci-Fi
tt0186670	videoGame	Urban Champion	Urban Champion	0	1984	\N	\N	Action
tt0186693	videoGame	Wild Gunman	Wild Gunman	0	1984	\N	\N	Action,Western
tt0187405	videoGame	Planescape: Torment	Planescape: Torment	0	1999	\N	\N	Adventure,Drama,Fantasy
tt0187831	tvShort	Hermit Crab	Erakkorapu	0	1999	\N	31	Comedy,Short
tt0188074	tvSpecial	The Music of Lennon & McCartney	The Music of Lennon & McCartney	0	1965	\N	55	Documentary,Music
tt0188200	videoGame	Rival Schools	Shiritsu Justice gakuen	0	1998	\N	\N	Action
tt0188211	videoGame	Street Fighter EX	Street Fighter EX	0	1996	\N	\N	Action
tt0188385	tvSpecial	49th NHK Red & White Songfest	Dai 49 kai NHK kôhaku uta gassen	0	1998	\N	220	Music
tt0188505	videoGame	Chronomaster	Chronomaster	0	1995	\N	\N	Adventure
tt0188561	videoGame	Descent to Undermountain	Descent to Undermountain	0	1997	\N	\N	Fantasy
tt0188924	videoGame	Muppets Treasure Island	Muppet Treasure Island	0	1996	\N	\N	Adventure,Comedy,Family
tt0189110	videoGame	Star Trek: Judgment Rites	Star Trek: Judgment Rites	0	1993	\N	\N	Action,Adventure,Sci-Fi
tt0189114	videoGame	Stonekeep	Stonekeep	0	1995	\N	\N	Action,Fantasy
tt0189176	tvSpecial	Ute Lemper Sings Kurt Weill	Ute Lemper chante Kurt Weill	0	1992	\N	100	Music
tt0189200	videoGame	Waterworld	Waterworld	0	1995	\N	\N	Adventure
tt0189253	tvShort	Comic Relief Jukebox	Comic Relief Jukebox	0	1999	\N	20	Comedy,Short
tt0189377	tvSpecial	Billy Connolly: An Audience with Billy Connolly	Billy Connolly: An Audience with Billy Connolly	0	1985	\N	60	Comedy
tt0189430	videoGame	Claymates	Claymates	0	1993	\N	\N	\N
tt0189538	videoGame	Full Throttle	Full Throttle	0	1995	\N	\N	Action,Adventure,Comedy
tt0189667	videoGame	The Lost Vikings	The Lost Vikings	0	1992	\N	\N	Adventure,Sci-Fi
tt0190076	videoGame	Tomb Raider III: Adventures of Lara Croft	Tomb Raider III: Adventures of Lara Croft	0	1998	\N	\N	Action,Adventure,Fantasy
tt0190254	videoGame	Bangkok	Bangkok	0	1996	\N	30	Short
tt0190381	videoGame	Enemy Zero	Enemy Zero	0	1996	\N	\N	Adventure,Drama,Horror
tt0190397	videoGame	Flexx TV	Flexx TV	0	1997	\N	\N	\N
tt0190420	videoGame	Giants: Citizen Kabuto	Giants: Citizen Kabuto	0	2000	\N	\N	Action,Adventure,Fantasy
tt0190424	videoGame	Godzilla Trading Battle	Gojira torêdjingu batoru	0	1998	\N	\N	Adventure,Sci-Fi
tt0190428	videoGame	Gran Turismo	Gran Turismo	0	1997	\N	\N	Action,Family,Sport
tt0190547	videoGame	A Man's Touch	A Man's Touch	0	1998	\N	\N	\N
tt0190573	videoGame	Mortal Kombat Mythologies: Sub-Zero	Mortal Kombat Mythologies: Sub-Zero	0	1997	\N	\N	Action,Adventure,Fantasy
tt0190586	videoGame	Obsidian	Obsidian	0	1997	\N	\N	Adventure,Sci-Fi
tt0190588	videoGame	Oddworld: Abe's Oddysee	Oddworld: Abe's Oddysee	0	1997	\N	\N	Adventure,Fantasy,Sci-Fi
tt0190616	videoGame	Pax Corpus	Pax Corpus	0	1997	\N	\N	\N
tt0190703	videoGame	Resident Evil	Bio Hazard	0	1996	\N	\N	Action,Animation,Horror
tt0190715	videoGame	The Rival	The Rival	0	1996	\N	\N	\N
tt0190804	videoGame	Star Wars: Masters of Teräs Käsi	Star Wars: Masters of Teräs Käsi	0	1997	\N	\N	Action,Adventure,Fantasy
tt0190838	videoGame	Tomb Raider	Tomb Raider	0	1996	\N	\N	Action,Adventure,Fantasy
tt0190839	videoGame	Tomb Raider II	Tomb Raider II	0	1997	\N	\N	Action,Adventure,Fantasy
tt0190872	tvSpecial	WCW/NWO Fall Brawl: War Games	WCW/NWO Fall Brawl: War Games	0	1998	\N	180	Sport
tt0190883	tvSpecial	Winter Break	Winter Break	0	1999	\N	60	Music
tt0191199	videoGame	In the 1st Degree	In the 1st Degree	0	1995	\N	\N	Adventure,Crime,Drama
tt0191248	tvSpecial	Newman and Baddiel: Live and in Pieces	Newman and Baddiel: Live and in Pieces	0	1993	\N	67	Comedy,Documentary
tt0191312	videoGame	9	9	0	1996	\N	\N	Adventure,Fantasy,Mystery
tt0191392	videoGame	Rama	Rama	0	1997	\N	\N	Adventure,Mystery,Sci-Fi
tt0191567	videoGame	Tomb Slider	Tomb Slider	0	1998	\N	\N	\N
tt0191857	videoGame	Byzantine: The Betrayal	Byzantine: The Betrayal	0	1997	\N	\N	Adventure,Crime,Mystery
tt0191898	videoGame	Clandestiny	Clandestiny	0	1996	\N	\N	Adventure,Animation,Comedy
tt0191943	tvShort	Dear America: A Picture of Freedom	Dear America: A Picture of Freedom	0	1999	\N	30	Drama,Family,History
tt0191992	tvSpecial	Eric Clapton: 24 Nights	Eric Clapton: 24 Nights	0	1991	\N	90	Documentary,Music
tt0192016	videoGame	The Feeble Files	The Feeble Files	0	1998	\N	\N	Adventure,Comedy,Mystery
tt0192041	tvSpecial	Frank Sinatra: The Main Event	Frank Sinatra: The Main Event	0	1974	\N	50	Documentary,Music
tt0192205	videoGame	King's Quest VIII: Mask of Eternity	King's Quest VIII: Mask of Eternity	0	1998	\N	\N	Adventure,Fantasy
tt0192303	videoGame	Mega Man Legends	Rokkuman DASH	0	1997	\N	\N	Action,Adventure,Comedy
tt0192372	videoGame	Normality	Normality	0	1996	\N	\N	Adventure,Comedy,Mystery
tt0192565	videoGame	Sam and Max Hit the Road	Sam & Max: Hit the Road	0	1993	\N	\N	Adventure,Animation,Comedy
tt0192604	videoGame	Shivers	Shivers	0	1995	\N	\N	Adventure,Horror,Mystery
tt0193001	tvSpecial	The Beat of the Brass	The Beat of the Brass	0	1968	\N	52	Music
tt0193248	videoGame	Shark Jaws	Shark Jaws	0	1975	\N	\N	Action,Horror,Thriller
tt0193264	videoGame	Killer Shark	Killer Shark	0	1972	\N	\N	Action,Horror
tt0193330	tvSpecial	Monte Carlo: C'est La Rose	Monte Carlo: C'est La Rose	0	1968	\N	60	Documentary
tt0193387	tvSpecial	Paul Merton Live at the Palladium	Paul Merton Live at the Palladium	0	1994	\N	78	Comedy
tt0193597	tvShort	Uskrs	Uskrs	0	1969	\N	7	Short
tt0193628	tvSpecial	With Love, Sophia	With Love, Sophia	0	1967	\N	52	Comedy,Musical
tt0194044	videoGame	The Rocky Interactive Horror Show	The Rocky Interactive Horror Show	0	1999	\N	\N	Adventure,Comedy,Horror
tt0194376	videoGame	Silent Hill	Silent Hill	0	1999	\N	\N	Drama,Horror,Mystery
tt0194613	tvSpecial	The Julie Andrews Show	The Julie Andrews Show	0	1965	\N	60	\N
tt0194887	tvShort	Film o filmu Návrat idiota	Film o filmu Návrat idiota	0	1999	\N	20	Documentary,Short
tt0194922	tvSpecial	Gold and Silver Gala with Placido Domingo	Gold and Silver Gala with Placido Domingo	0	1996	\N	90	Music
tt0194936	tvSpecial	Help Save Planet Earth	Help Save Planet Earth	0	1990	\N	71	\N
tt0194989	tvSpecial	John Denver and the Muppets: A Christmas Together	John Denver and the Muppets: A Christmas Together	0	1979	\N	50	Comedy,Family,Music
tt0195026	tvSpecial	Lily: Sold Out	Lily: Sold Out	0	1981	\N	60	Comedy
tt0195284	videoGame	Solar Eclipse	Solar Eclipse	0	1995	\N	\N	Action,Sci-Fi
tt0195301	tvShort	Spunk: The Tonya Harding Story	Spunk: The Tonya Harding Story	0	1994	\N	\N	Biography,Comedy,Short
tt0195351	tvSpecial	Toscanini: The Television Concerts, Vol. 5 - Verdi: Aida	Toscanini: The Television Concerts, Vol. 5 - Verdi: Aida	0	1949	\N	\N	Family,Music,Musical
tt0195576	videoGame	C.E.O.	C.E.O.	0	1995	\N	\N	Drama
tt0195691	tvSpecial	An Evening with Robin Williams	An Evening with Robin Williams	0	1983	\N	60	Comedy,Documentary
tt0195897	videoGame	MDK 2	MDK 2	0	2000	\N	\N	Action,Adventure,Comedy
tt0196055	tvSpecial	Robin Williams: An Evening at the Met	Robin Williams: Live at the Met	0	1986	\N	65	Comedy,Documentary
tt0196258	tvSpecial	Jewel TV	Jewel TV	0	1998	\N	30	Music
tt0196361	videoGame	Baldur's Gate: Tales of the Sword Coast	Forgotten Realms: Baldur's Gate - Tales of the Sword Coast	0	1999	\N	\N	Action,Adventure,Fantasy
tt0197291	videoGame	Beware of the Aliens	Beware of the Aliens	0	1998	\N	\N	\N
tt0197364	videoGame	Civilization II	Civilization II	0	1996	\N	\N	Adventure,History
tt0197393	videoGame	The Dame Was Loaded	The Dame Was Loaded	0	1996	\N	\N	Adventure,Crime,Mystery
tt0197546	tvSpecial	Here, There and Everywhere: A Concert for Linda	Here, There and Everywhere: A Concert for Linda	0	1999	\N	90	Documentary,Music
tt0197696	tvShort	Tomorrow I Will Wake Up in Berlin	Morgen word ik wakker in Berlijn	0	1999	\N	15	Family,Short
tt0198267	tvShort	'Tis the Season to Be Smurfy	'Tis the Season to Be Smurfy	0	1987	\N	24	Adventure,Animation,Comedy
tt0198270	tvSpecial	The 3 Tenors in Concert 1994	The 3 Tenors in Concert 1994	0	1994	\N	111	Music
tt0199044	tvSpecial	Sports Greats: One on One with David Hartman	Sports Greats: One on One with David Hartman	0	1994	\N	60	Sport,Talk-Show
tt0199092	tvSpecial	Today's Special: Live on Stage	Today's Special: Live on Stage	0	1985	\N	\N	\N
tt0199187	tvShort	Binke kan inte flyga	Binke kan inte flyga	0	1993	\N	15	Short
tt0199467	videoGame	Discworld	Discworld	0	1995	\N	\N	Animation,Comedy,Fantasy
tt0199468	videoGame	Discworld II: Mortality Bytes!	Discworld II: Missing Presumed...!?	0	1996	\N	\N	Animation,Comedy,Fantasy
tt0199554	tvSpecial	George Carlin: Playin' with Your Head	George Carlin: Playin' with Your Head	0	1986	\N	60	Comedy,Documentary
tt0200172	videoGame	Star Wars: Episode I - Racer	Star Wars: Episode I - Racer	0	1999	\N	\N	Action,Adventure,Sci-Fi
tt0200319	tvShort	Österreicher in Hollywood	Österreicher in Hollywood	0	1994	\N	\N	Documentary,Short
tt0200452	tvSpecial	An Evening with Lily Savage	An Evening with Lily Savage	0	1996	\N	60	Comedy,Documentary
tt0200476	tvSpecial	Benny Hill's World Tour: New York!	Benny Hill's World Tour: New York!	0	1991	\N	46	Comedy
tt0200529	tvSpecial	Chris Rock: Bring the Pain	Chris Rock: Bring the Pain	0	1996	\N	58	Comedy
tt0200636	tvShort	Fender Philosophers	Fender Philosophers	0	1998	\N	30	Short
tt0200913	tvShort	Nutná pravidelnost	Nutná pravidelnost	0	1999	\N	20	Documentary,Short
tt0201172	videoGame	Star Trek: Armada	Star Trek: Armada	0	2000	\N	\N	Action,Adventure,Sci-Fi
tt0201680	tvSpecial	Andrew Dice Clay: I'm Over Here Now	Andrew Dice Clay: I'm Over Here Now	0	2000	\N	82	Comedy,Documentary
tt0201698	videoGame	Johnny Mnemonic: The Interactive Action Movie	Johnny Mnemonic: The Interactive Action Movie	0	1995	\N	\N	Action,Adventure,Sci-Fi
tt0201783	videoGame	Mortal Kombat: Special Forces	Mortal Kombat: Special Forces	0	2000	\N	\N	Action,Adventure,Fantasy
tt0201955	videoGame	Super Smash Bros.	Nintendô ôru sutâ dairantô Sumasshu burazâzu	0	1999	\N	\N	Action,Fantasy,Sci-Fi
tt0201977	videoGame	Romance of the Three Kingdoms III	San goku shi III	0	1993	\N	\N	\N
tt0202440	tvSpecial	King of the Ring	King of the Ring	0	1993	\N	180	Action
tt0202480	videoGame	Mortal Kombat 3	Mortal Kombat 3	0	1995	\N	\N	Action,Fantasy
tt0202680	tvSpecial	When Athletes Attack	When Athletes Attack	0	1999	\N	47	Comedy
tt0203131	videoGame	Shiritsu Justice gakuen Nekketsu seishun nikki 2	Shiritsu Justice gakuen Nekketsu seishun nikki 2	0	1999	\N	\N	\N
tt0203345	videoGame	Blue's 1 2 3 Time Activities	Blue's 1 2 3 Time Activities	0	1999	\N	\N	\N
tt0203441	videoGame	Day of the Tentacle	Day of the Tentacle	0	1993	\N	\N	Adventure,Animation,Comedy
tt0203443	tvShort	Dear America: Dreams in the Golden Country	Dear America: Dreams in the Golden Country	0	1999	\N	30	Drama,Family,History
tt0203701	videoGame	Mortal Kombat	Mortal Kombat	0	1992	\N	\N	Action,Fantasy
tt0203702	videoGame	Mortal Kombat 4	Mortal Kombat 4	0	1997	\N	\N	Action,Fantasy,Sci-Fi
tt0203703	videoGame	Mortal Kombat II	Mortal Kombat II	0	1993	\N	\N	Action,Fantasy
tt0203704	videoGame	Mortal Kombat Trilogy	Mortal Kombat Trilogy	0	1996	\N	\N	Action,Fantasy,Sci-Fi
tt0203793	tvShort	Pisma Cuji	Pisma Cuji	0	1979	\N	19	Short
tt0203945	videoGame	Star Trek: Deep Space Nine - The Fallen	Star Trek: Deep Space Nine - The Fallen	0	2000	\N	\N	Action,Adventure,Sci-Fi
tt0203946	videoGame	Star Trek Voyager: Elite Force	Star Trek Voyager: Elite Force	0	2000	\N	\N	Action,Adventure,Sci-Fi
tt0204073	tvShort	Zivotopis	Zivotopis	0	1980	\N	20	Short
tt0204122	videoGame	The Adventures of Gilligan's Island	The Adventures of Gilligan's Island	0	1990	\N	\N	\N
tt0204233	tvShort	D-Day	D-Day	0	1962	\N	\N	Short
tt0204284	videoGame	Yume Koujou: Doki Doki Panic	Yume Koujou: Doki Doki Panic	0	1987	\N	\N	Action,Adventure,Family
tt0204287	videoGame	Donkey Kong Junior	Donkey Kong Jr.	0	1982	\N	\N	Action,Family
tt0204291	videoGame	Dr. Mario	Dr. Mario	0	1990	\N	\N	Action,Family
tt0204468	tvSpecial	Hal Holbrook: Mark Twain Tonight!	Hal Holbrook: Mark Twain Tonight!	0	1967	\N	78	Comedy,Documentary
tt0204574	videoGame	Punch-Out!!	Punch-Out!!	0	1983	\N	\N	Sport
tt0204657	videoGame	Super Mario 64	Super Mario 64	0	1996	\N	\N	Action,Adventure,Comedy
tt0204658	videoGame	Super Mario Bros.: The Lost Levels	Super Mario Bros. 2	0	1986	\N	\N	Action,Adventure,Family
tt0204659	videoGame	Super Mario Bros. 2	Super Mario Bros. 2	0	1988	\N	\N	Action,Adventure,Family
tt0204660	videoGame	Super Mario Land	Sûpâ Mario Rando	0	1989	\N	\N	Action,Adventure,Family
tt0204797	videoGame	Aladdin	Aladdin	0	1993	\N	\N	Action,Adventure,Fantasy
tt0204798	videoGame	Aladdin	Aladdin	0	1993	\N	\N	Action,Adventure,Family
tt0205075	tvShort	The Freesia of Eden	The Freesia of Eden	0	1997	\N	15	Family,Short
tt0205259	videoGame	The Millennium Adventure	The Millennium Adventure	0	1999	\N	\N	\N
tt0205308	tvShort	Los pajaritos	Los pajaritos	0	1974	\N	37	Comedy,Fantasy,Short
tt0205423	videoGame	South Park	South Park	0	1998	\N	\N	Action,Animation,Comedy
tt0205425	videoGame	Star Trek: New Worlds	Star Trek: New Worlds	0	1999	\N	\N	Action,Sci-Fi
tt0205479	videoGame	Treasure Quest	Treasure Quest	0	1996	\N	\N	Adventure,Fantasy,Musical
tt0205887	videoGame	Dragon Wars	Dragon Wars	0	1989	\N	\N	\N
tt0205894	videoGame	Dungeon Keeper	Dungeon Keeper	0	1997	\N	\N	Action,Adventure,Comedy
tt0205895	videoGame	Dungeon Keeper 2	Dungeon Keeper 2	0	1999	\N	\N	Adventure,Comedy,Fantasy
tt0205939	videoGame	Flimbo's Quest	Flimbo's Quest	0	1990	\N	\N	\N
tt0205973	videoGame	GoldenEye 007	GoldenEye 007	0	1997	\N	\N	Action,Adventure,Thriller
tt0206047	tvSpecial	Stanley Kubrick: The Invisible Man	Stanley Kubrick: The Invisible Man	0	1996	\N	65	Documentary
tt0206106	videoGame	M.C. Kids	M.C. Kids	0	1991	\N	\N	Adventure
tt0206155	tvShort	Moving Pictures: J G Ballard	Moving Pictures: J G Ballard	0	1990	\N	12	Documentary,Short
tt0206161	videoGame	The Muppet CDROM: Muppets Inside	The Muppet CDROM: Muppets Inside	0	1996	\N	\N	Adventure,Comedy,Family
tt0206256	videoGame	Treasure of the Rudras	Rudora no hihou	0	1996	\N	\N	Adventure,Crime,Drama
tt0206287	tvSpecial	The Shape of Things	The Shape of Things	0	1973	\N	60	\N
tt0206330	videoGame	Super Metroid	Super Metroid	0	1994	\N	\N	Action,Adventure,Horror
tt0206583	videoGame	Batman	Batman	0	1989	\N	\N	Action,Adventure,Crime
tt0206584	videoGame	Battle Arena Toshinden	Battle Arena Toshinden	0	1994	\N	\N	Action
tt0206594	videoGame	Bionic Commando	Bionic Commando	0	1988	\N	\N	Action,Adventure,War
tt0206599	videoGame	Blaster Master	Blaster Master	0	1988	\N	\N	Action,Adventure
tt0206636	tvSpecial	Chris Rock: Bigger & Blacker	Chris Rock: Bigger & Blacker	0	1999	\N	65	Comedy,Documentary
tt0206656	videoGame	Contra	Kontora	0	1987	\N	\N	Action,Adventure,Sci-Fi
tt0206660	tvSpecial	The Corrs: 'Live at the Royal Albert Hall	The Corrs: 'Live at the Royal Albert Hall	0	1998	\N	85	Documentary,Music
tt0206766	videoGame	Gargoyle's Quest II	Gargoyle's Quest II	0	1992	\N	\N	Action,Adventure,Fantasy
tt0206790	videoGame	Gun.Smoke	Gun.Smoke	0	1985	\N	\N	Action,Drama,Western
tt0206846	videoGame	Journey to Silius	Journey to Silius	0	1990	\N	\N	Action,Adventure,Sci-Fi
tt0206895	videoGame	Little Nemo: The Dream Master	Little Nemo: The Dream Master	0	1990	\N	\N	Action,Adventure,Fantasy
tt0206925	tvSpecial	The Max Bygraves Hour	The Max Bygraves Hour	0	1970	\N	60	Comedy
tt0206930	videoGame	Mega Man 2	Rockman 2: Dr. Wairî no nazo	0	1988	\N	\N	Action,Adventure,Sci-Fi
tt0206931	videoGame	Mega Man 3	Rockman 3: Dr. Wairî no saigo!?	0	1990	\N	\N	Action,Adventure,Family
tt0206932	videoGame	Mega Man 4	Rockman 4: Aratanaru yabô!!	0	1991	\N	\N	Action,Adventure,Family
tt0207035	videoGame	Quantum Gate	Quantum Gate	0	1993	\N	\N	Adventure,Drama,Mystery
tt0207046	videoGame	Realms of the Haunting	Realms of the Haunting	0	1997	\N	\N	Action,Adventure,Fantasy
tt0207072	videoGame	SaGa Frontier	SaGa Frontier	0	1997	\N	\N	Adventure,Fantasy,Sci-Fi
tt0207115	videoGame	Solstice	Solstice	0	1990	\N	\N	\N
tt0207127	videoGame	Strider	Sutoraidâ Hiryô	0	1989	\N	\N	Action,Adventure,Sci-Fi
tt0207133	videoGame	Super Spy Hunter	Battle Formula	0	1991	\N	\N	Action,Adventure
tt0207153	videoGame	Tetris	Tetris	0	1984	\N	\N	Action,Adventure,Fantasy
tt0207164	videoGame	Tombs & Treasures	Tombs & Treasures	0	1989	\N	\N	\N
tt0207181	videoGame	Urban Runner	Urban Runner	0	1996	\N	\N	Action,Adventure,Crime
tt0207211	videoGame	Wily & Right no RockBoard: That's Paradise	Wily & Right no RockBoard: That's Paradise	0	1993	\N	\N	\N
tt0207231	videoGame	Zanac	Zanac	0	1986	\N	\N	\N
tt0207261	tvSpecial	Breaking the Magician's Code: Magic's Biggest Secrets Finally Revealed	Breaking the Magician's Code: Magic's Biggest Secrets Finally Revealed	0	1997	\N	60	Documentary
tt0207402	videoGame	The Darkest Side of the Moon	The Darkest Side of the Moon	0	1999	\N	\N	\N
tt0207484	videoGame	Final Fantasy	Fainaru fantajî	0	1987	\N	\N	Adventure,Fantasy
tt0207485	videoGame	Final Fantasy II	Fainaru fantajî II	0	1988	\N	\N	Adventure,Fantasy
tt0207486	videoGame	Final Fantasy III	Fainaru fantajî III	0	1990	\N	\N	Action,Adventure,Fantasy
tt0207487	videoGame	Final Fantasy IV	Fainaru fantajî IV	0	1991	\N	\N	Action,Adventure,Fantasy
tt0207488	videoGame	Final Fantasy V	Fainaru fantajî V	0	1992	\N	\N	Action,Adventure,Fantasy
tt0207701	videoGame	Resident Evil 3: Nemesis	Biohazard 3: Last Escape	0	1999	\N	\N	Action,Horror,Sci-Fi
tt0207706	videoGame	Romancing SaGa 2	Romancing SaGa 2	0	1993	\N	\N	Action,Adventure,Fantasy
tt0207707	videoGame	Romancing SaGa	Romancing SaGa	0	1992	\N	\N	Action,Adventure,Fantasy
tt0207708	videoGame	Romancing SaGa 3	Romancing SaGa 3	0	1995	\N	\N	Action,Adventure,Drama
tt0207714	videoGame	SaGa Frontier 2	SaGa Frontier 2	0	1999	\N	\N	Action,Adventure,Mystery
tt0207992	videoGame	Battle Arena Toshinden 2	Battle Arena Toshinden 2	0	1995	\N	\N	\N
tt0208000	videoGame	Bible Adventures: Noah's Ark, Baby Moses, David and Goliath	Bible Adventures: Noah's Ark, Baby Moses, David and Goliath	0	1991	\N	\N	\N
tt0208045	videoGame	Cheetah Men II	Cheetah Men II	0	1993	\N	\N	\N
tt0208048	tvSpecial	Christmas in Washington	Christmas in Washington	0	1998	\N	60	Family,Music
tt0208066	videoGame	Comic Bakery	Comic Bakery	0	1984	\N	\N	Action
tt0208097	videoGame	Discworld Noir	Discworld Noir	0	1999	\N	\N	Adventure,Comedy,Crime
tt0208107	videoGame	Double Strike Aerial Attack Force	Double Strike Aerial Attack Force	0	1990	\N	\N	\N
tt0208111	videoGame	Dudes with Attitude	Dudes with Attitude	0	1990	\N	\N	\N
tt0208116	videoGame	Emergency Room 2	Emergency Room 2	0	1999	\N	\N	\N
tt0208155	videoGame	Final Fantasy VII	Fainaru fantajî VII	0	1997	\N	\N	Action,Adventure,Drama
tt0208156	videoGame	Final Fantasy VIII	Fainaru fantajî VIII	0	1999	\N	\N	Action,Adventure,Drama
tt0208174	videoGame	Final Fantasy Tactics	Fainaru fantajî takutikkusu	0	1997	\N	\N	Action,Adventure,Drama
tt0208216	videoGame	Hot Slot Big Chance	Hot Slot Big Chance	0	1991	\N	\N	\N
tt0208234	tvSpecial	Janet: The Velvet Rope	Janet: The Velvet Rope	0	1998	\N	121	Documentary,Music
tt0208239	videoGame	Joshua Version 6.0	Joshua Version 6.0	0	1992	\N	\N	\N
tt0208290	videoGame	Menace Beach	Menace Beach	0	1990	\N	\N	Action
tt0208292	videoGame	Metroid II: Return of Samus	Metoroido II Return of Samus	0	1991	\N	\N	Action,Adventure,Horror
tt0208331	videoGame	EarthBound Beginnings	Mother	0	1988	\N	\N	Action,Adventure,Comedy
tt0208332	videoGame	EarthBound	Mother 2: Gîgu no gyakushuu	0	1994	\N	\N	Adventure,Comedy,Fantasy
tt0208340	videoGame	PAL: Shinen densetsu	PAL: Shinen densetsu	0	1997	\N	\N	Fantasy
tt0208347	tvSpecial	Pauly Does Dallas	Pauly Does Dallas	0	1992	\N	55	\N
tt0208398	videoGame	Kartia: The Word of Fate	Reibusu	0	1998	\N	\N	Fantasy,Mystery
tt0208492	videoGame	Sunday Funday	Sunday Funday	0	1995	\N	\N	\N
tt0208549	videoGame	Venice Beach Volley Ball	Venice Beach Volley Ball	0	1991	\N	\N	Action,Sport
tt0208563	videoGame	Wally Bear & the NO Gang	Wally Bear & the NO Gang	0	1992	\N	\N	\N
tt0208650	videoGame	Tron 2.0	Tron 2.0	0	2003	\N	\N	Action,Adventure,Sci-Fi
tt0208685	videoGame	Animaniacs Splat Ball	Animaniacs Splat Ball	0	1999	\N	\N	Action,Family,Fantasy
tt0208721	videoGame	Battle Arena Toshinden 3	Battle Arena Toshinden 3	0	1996	\N	\N	Action
tt0208957	tvShort	Fermière à Montfaucon	Fermière à Montfaucon	0	1966	\N	13	Documentary,Short
tt0209015	tvShort	Harry S. Truman: Plain Speaking	Harry S. Truman: Plain Speaking	0	1976	\N	59	Biography,Drama,Short
tt0209030	tvShort	Victor Hugo: Les Contemplations (Livres V et VI)	Victor Hugo: Les Contemplations (Livres V et VI)	0	1966	\N	20	Documentary,Short
tt0209034	tvShort	Hägar the Horrible	Hägar the Horrible	0	1989	\N	23	Action,Adventure,Animation
tt0209053	tvSpecial	James Taylor Live	James Taylor Live	0	1998	\N	109	Documentary,Music
tt0209116	tvSpecial	Luther Vandross: Always and Forever	Luther Vandross: Always and Forever	0	1994	\N	88	Documentary,Music
tt0209127	tvShort	Mallarmé	Mallarmé	0	1968	\N	27	Documentary,Short
tt0209158	tvSpecial	Mozart: The Requiem from Sarajevo	Mozart: The Requiem from Sarajevo	0	1994	\N	52	Documentary,Music
tt0209231	tvShort	Perceval ou Le conte du Graal	Perceval ou Le conte du Graal	0	1965	\N	23	Documentary,Short
tt0209342	videoGame	Spiritual Warfare	Spiritual Warfare	0	1992	\N	\N	Action,Adventure,Drama
tt0209348	tvSpecial	Stand by Me: AIDS Day Benefit	Stand by Me: AIDS Day Benefit	0	1987	\N	60	Music
tt0209444	tvShort	Two	Two	0	1964	\N	15	Drama,Short
tt0210061	videoGame	Final Fantasy VI	Final Fantasy VI	0	1994	\N	\N	Action,Adventure,Drama
tt0210139	tvShort	Kiss-Kiss, Dahlings!	Kiss-Kiss, Dahlings!	0	1992	\N	13	Comedy,Short
tt0210150	tvShort	The Last Mile	The Last Mile	0	1992	\N	\N	Drama,Short
tt0210157	videoGame	Live a Live	Live a Live	0	1994	\N	\N	Action,Adventure,Fantasy
tt0210246	videoGame	Quest for Glory IV: Shadows of Darkness	Quest for Glory IV: Shadows of Darkness	0	1994	\N	\N	Adventure,Fantasy
tt0210363	videoGame	Treasure Hunter G	Torejâ hantâ G	0	1996	\N	\N	Action,Adventure,Fantasy
tt0210577	tvSpecial	Bob Hope on Campus	Bob Hope on Campus	0	1975	\N	60	Comedy
tt0210611	videoGame	Chocobo Racing	Chokobo reshingu	0	1999	\N	\N	Action,Family,Fantasy
tt0210613	videoGame	Chrono Trigger	Kurono toriga	0	1995	\N	\N	Action,Adventure,Fantasy
tt0210644	videoGame	Detective Barbie: Mystery of the Carnival Caper	Detective Barbie: Mystery of the Carnival Caper	0	1998	\N	\N	Adventure,Family,Mystery
tt0210668	videoGame	Ehrgeiz	Ehrgeiz	0	1998	\N	\N	Action,Adventure,Fantasy
tt0210823	tvShort	Macht man eigentlich anders	Macht man eigentlich anders	0	1998	\N	15	Comedy,Short
tt0210831	videoGame	Marvel Super Heroes	Marvel Super Heroes	0	1995	\N	\N	Action,Fantasy,Sci-Fi
tt0210832	videoGame	Marvel Super Heroes vs. Street Fighter	Marvel Super Heroes vs. Street Fighter	0	1997	\N	\N	Action,Sci-Fi
tt0210833	videoGame	Marvel vs. Capcom: Clash of Super Heroes	Marvel vs. Capcom: Clash of Super Heroes	0	1998	\N	\N	Action,Adventure,Fantasy
tt0210848	tvSpecial	Mother Knows Best	Mother Knows Best	0	1999	\N	54	Game-Show
tt0210910	videoGame	Pokémon Snap	Pokemon sunappu	0	1999	\N	\N	Adventure,Family,Fantasy
tt0210940	videoGame	Realms of Arkania: Blade of Destiny	Das schwarze Auge - Die Schicksalsklinge	0	1992	\N	\N	\N
tt0210941	videoGame	Realms of Arkania: Shadows Over Riva	Das schwarze Auge - Schatten über Riva	0	1996	\N	\N	\N
tt0210942	videoGame	Realms of Arkania: Star Trail	Das schwarze Auge - Sternenschweif	0	1994	\N	\N	\N
tt0210977	tvSpecial	Sex with Cindy Crawford	Sex with Cindy Crawford	0	1998	\N	60	Documentary
tt0210990	tvSpecial	Smash Hits Poll Winners Party 1997	Smash Hits Poll Winners Party 1997	0	1997	\N	\N	Music
tt0211111	tvShort	Wolf and Seven Kids in a New Way	Volk i semero kozlyat na novyy lad	0	1975	\N	10	Animation,Family,Musical
tt0211284	videoGame	Broken Sword: Circle of Blood	Broken Sword: The Shadow of the Templars	0	1996	\N	\N	Adventure,Comedy,Drama
tt0211381	videoGame	Galleon	Galleon	0	2004	\N	\N	Action,Adventure,Fantasy
tt0211388	tvSpecial	The Grand Knockout Tournament	The Grand Knockout Tournament	0	1987	\N	93	Comedy,Family,Game-Show
tt0211486	tvShort	Lo Pay, No Way!	Lo Pay, No Way!	0	1985	\N	7	Short
tt0211635	tvSpecial	The Sonny & Cher Nitty Gritty Hour	Sonny & Cher: Nitty Gritty Hour	0	1971	\N	48	Comedy,Music
tt0212002	videoGame	Broken Sword II: The Smoking Mirror	Broken Sword II: The Smoking Mirror	0	1997	\N	\N	Adventure,Animation,Comedy
tt0212083	tvSpecial	Dave Dobbyn in Concert	Dave Dobbyn in Concert	0	1994	\N	\N	Music
tt0212279	videoGame	King's Quest V: Absence Makes the Heart Go Yonder	King's Quest V: Absence Makes the Heart Go Yonder	0	1990	\N	\N	Adventure,Family,Fantasy
tt0212394	tvSpecial	The Not the Nine O'Clock News Story	The Not the Nine O'Clock News Story	0	1999	\N	30	Short
tt0212448	videoGame	Prince of Persia	Prince of Persia	0	1989	\N	\N	Action,Adventure,Fantasy
tt0212449	videoGame	Prince of Persia 2: The Shadow and the Flame	Prince of Persia 2: The Shadow and the Flame	0	1993	\N	\N	Action,Adventure,Fantasy
tt0212450	videoGame	Prince of Persia 3D	Prince of Persia 3D	0	1999	\N	\N	Action,Adventure,Fantasy
tt0212497	videoGame	Final Fantasy Adventure	Seiken densetsu	0	1991	\N	\N	Adventure,Fantasy
tt0212498	videoGame	Secret of Mana	Seiken densetsu 2	0	1993	\N	\N	Action,Adventure,Drama
tt0212499	videoGame	Trials of Mana	Seiken densetsu 3	0	1995	\N	\N	Adventure,Comedy,Drama
tt0212585	tvShort	I See the World as a White Bus	Vidím svet jako bílý autobus	0	1995	\N	15	Documentary,Short
tt0212592	tvShort	Return of Brownie	Vozvrashchenie domovyonka	0	1987	\N	10	Animation,Comedy,Family
tt0212622	videoGame	X-Men: Children of the Atom	X-Men: Children of the Atom	0	1994	\N	\N	Action,Fantasy
tt0212805	videoGame	Beavis and Butt-Head Do U.	Beavis and Butt-Head Do U.	0	1998	\N	\N	Animation,Comedy
tt0213089	videoGame	Monty Python's Complete Waste of Time	Monty Python's Complete Waste of Time	0	1994	\N	\N	Comedy,Musical
tt0213090	videoGame	The Meaning of Life	The Meaning of Life	0	1997	\N	\N	Comedy,Musical
tt0213117	videoGame	The Neverhood	The Neverhood	0	1996	\N	\N	Adventure,Animation,Comedy
tt0213150	tvSpecial	People Profiles: Harrison Ford	People Profiles: Harrison Ford	0	1999	\N	60	\N
tt0213202	tvSpecial	Romania: Death of a Dictator	Romania: Death of a Dictator	0	1990	\N	58	Documentary,Drama
tt0213252	videoGame	Skullmonkeys	Skullmonkeys	0	1998	\N	\N	Action,Adventure,Comedy
tt0213382	tvSpecial	The 100 Greatest TV Moments	The 100 Greatest TV Moments	0	1999	\N	\N	\N
tt0213466	tvSpecial	An Audience with Victoria Wood	An Audience with Victoria Wood	0	1988	\N	52	Comedy
tt0213580	videoGame	Crystal Mines	Crystal Mines	0	1989	\N	\N	\N
tt0213616	tvShort	Disaster: Death on Display	Disaster: Death on Display	0	1998	\N	\N	Documentary,Short
tt0213689	tvShort	The Grinch Grinches the Cat in the Hat	The Grinch Grinches the Cat in the Hat	0	1982	\N	25	Adventure,Animation,Comedy
tt0213874	videoGame	Mech Commander	Mech Commander	0	1998	\N	\N	Action,Adventure,Sci-Fi
tt0213984	tvSpecial	Parrot Sketch Not Included: Twenty Years of Monty Python	Parrot Sketch Not Included: Twenty Years of Monty Python	0	1989	\N	72	Comedy
tt0214159	videoGame	Star Trek: Starfleet Command	Star Trek: Starfleet Command	0	1999	\N	\N	Sci-Fi
tt0214301	tvShort	Wetty Hainthropp Investigates	Wetty Hainthropp Investigates	0	1999	\N	15	Comedy,Short
tt0214575	tvShort	Change Is Hard	Change Is Hard	0	1999	\N	\N	Short
tt0214679	videoGame	Exodus: Journey to the Promised Land	Exodus: Journey to the Promised Land	0	1990	\N	\N	\N
tt0214815	tvSpecial	Jhomma Chumma in London	Jhomma Chumma in London	0	1991	\N	133	Music
tt0214855	videoGame	King's Quest II: Romancing the Throne	King's Quest II: Romancing the Throne	0	1985	\N	\N	Adventure,Fantasy
tt0214857	videoGame	King's Quest VI: Heir Today, Gone Tomorrow	King's Quest VI: Heir Today, Gone Tomorrow	0	1992	\N	\N	Adventure,Fantasy,Romance
tt0214938	videoGame	Medal of Honor	Medal of Honor	0	1999	\N	\N	Action,Adventure,War
tt0214960	videoGame	Monopoly Star Wars	Monopoly Star Wars	0	1997	\N	\N	Family,Sci-Fi
tt0214963	videoGame	Mortal Kombat: Deadly Alliance	Mortal Kombat: Deadly Alliance	0	2002	\N	\N	Action,Adventure,Fantasy
tt0214964	videoGame	Mortal Kombat Gold	Mortal Kombat Gold	0	1999	\N	\N	Action,Fantasy,Sci-Fi
tt0215207	videoGame	Star Wars: Episode I - The Gungan Frontier	Star Wars: Episode I - The Gungan Frontier	0	1999	\N	\N	Family,Sci-Fi
tt0215208	videoGame	Star Wars: Episode I - The Phantom Menace	Star Wars: Episode I - The Phantom Menace	0	1999	\N	\N	Action,Adventure,Fantasy
tt0215258	videoGame	Tomb Raider: The Last Revelation	Tomb Raider: The Last Revelation	0	1999	\N	\N	Action,Adventure,Fantasy
tt0215465	videoGame	Ace Ventura	Ace Ventura	0	1996	\N	\N	Adventure,Animation,Comedy
tt0215525	videoGame	Arcade America	Arcade America	0	1996	\N	\N	Action,Adventure,Comedy
tt0215569	tvSpecial	Billy Joel: Live at Yankee Stadium	Billy Joel: Live at Yankee Stadium	0	1990	\N	86	Documentary,Music
tt0215702	tvShort	Dear America: So Far from Home	Dear America: So Far from Home	0	1999	\N	27	Drama,Family,History
tt0215860	videoGame	The Hunchback of Notre Dame: Topsy Turvy Games	The Hunchback of Notre Dame: Topsy Turvy Games	0	1996	\N	\N	Comedy,Family
tt0215926	videoGame	Legacy of Kain: Soul Reaver	Legacy of Kain: Soul Reaver	0	1999	\N	\N	Action,Adventure,Fantasy
tt0215927	videoGame	The Legend of King Arthur	The Legend of King Arthur	0	1996	\N	\N	\N
tt0215933	videoGame	The Lion King II: Simba's Pride Active Play	The Lion King II: Simba's Pride Active Play	0	1998	\N	\N	Animation
tt0215934	videoGame	Timon & Pumbaa's Jungle Games	Timon & Pumbaa's Jungle Games	0	1995	\N	\N	Action,Comedy,Family
tt0216111	videoGame	Predators	Predators	0	1996	\N	\N	\N
tt0216234	tvSpecial	Sports Illustrated 1993 Swimsuit USA: America the Beautiful	Sports Illustrated 1993 Swimsuit USA: America the Beautiful	0	1993	\N	58	Reality-TV
tt0216237	videoGame	Star Trek: Hidden Evil	Star Trek: Hidden Evil	0	1999	\N	\N	Action,Adventure,Sci-Fi
tt0216258	tvSpecial	An All-Star Tribute to Johnny Cash	An All-Star Tribute to Johnny Cash	0	1999	\N	120	Documentary,Music
tt0216267	videoGame	Tarzan Activity Center	Tarzan Activity Center	0	1999	\N	\N	Action,Family,Music
tt0216326	videoGame	The Universe According to Virgil Reality	The Universe According to Virgil Reality	0	1996	\N	\N	\N
tt0216412	videoGame	The Wild World of Madison Jaxx	The Wild World of Madison Jaxx	0	1996	\N	\N	Adventure,Crime,Mystery
tt0216568	videoGame	Beavis and Butt-Head in Virtual Stupidity	Beavis and Butt-Head in Virtual Stupidity	0	1995	\N	\N	Comedy
tt0216747	tvShort	Faust i Piteå	Faust i Piteå	0	1999	\N	\N	Short
tt0217000	videoGame	Resident Evil - Code: Veronica	Resident Evil: Code: Veronica	0	2000	\N	\N	Action,Adventure,Horror
tt0217057	videoGame	Soulcalibur	Soulcalibur	0	1998	\N	\N	Action,Adventure,Family
tt0217061	videoGame	StarCraft	StarCraft	0	1998	\N	\N	Action,Adventure,Sci-Fi
tt0217729	videoGame	Pokémon: Blue Version	Poketto monsutâ ao	0	1996	\N	\N	Action,Adventure,Fantasy
tt0217730	videoGame	Pokémon Silver Version	Poketto monsutâ gin	0	1999	\N	\N	Action,Adventure,Fantasy
tt0217731	videoGame	Pokémon: Green Version	Poketto monsutâ midori	0	1996	\N	\N	Action,Adventure,Fantasy
tt0217732	videoGame	Pokémon: Yellow Version - Special Pikachu Edition	Poketto monsutâ Pikachû	0	1998	\N	\N	Action,Adventure,Fantasy
tt0217733	videoGame	Pokémon: Red Version	Poketto monsutâ aka	0	1996	\N	\N	Action,Adventure,Fantasy
tt0217820	videoGame	Star Trek: The Next Generation Interactive Technical Manual	Star Trek: The Next Generation Interactive Technical Manual	0	1994	\N	\N	Sci-Fi
tt0217837	videoGame	Tachyon: The Fringe	Tachyon: The Fringe	0	2000	\N	\N	Action,Adventure
tt0217882	tvShort	Værelse 17	Værelse 17	0	1993	\N	29	Drama,Short
tt0217890	videoGame	Who Killed Brett Penance?	Who Killed Brett Penance?	0	1994	\N	\N	Adventure,Crime,Mystery
tt0217905	videoGame	Zool	Zool	0	1992	\N	\N	Action,Adventure,Sci-Fi
tt0217997	tvSpecial	Andrea Martin... Together Again	Andrea Martin... Together Again	0	1989	\N	60	Comedy
tt0218162	tvSpecial	Donna Summer: Live and More... Encore!	Donna Summer: Live and More... Encore!	0	1999	\N	90	Music
tt0218376	videoGame	Killer Instinct	Killer Instinct	0	1994	\N	\N	Action,Fantasy,Horror
tt0218408	tvSpecial	Loladamusica: Blur in Concert	Loladamusica: Blur in Concert	0	1999	\N	\N	Music
tt0218428	tvSpecial	Martin Short: Concert for the North Americas	Martin Short: Concert for the North Americas	0	1985	\N	60	Comedy
tt0218737	videoGame	Ys Book I and II	Ys: Book 1&2	0	1990	\N	\N	Action,Adventure,Fantasy
tt0218810	tvSpecial	Alice Cooper in Paris	Alice Cooper à Paris	0	1982	\N	47	Music
tt0218844	tvSpecial	Bill Murray Live from the Second City	Bill Murray Live from the Second City	0	1980	\N	90	Comedy,Documentary
tt0218879	tvSpecial	Cher: Live in Concert from Las Vegas	Cher: Live in Concert from Las Vegas	0	1999	\N	75	Documentary,Music
tt0218896	tvSpecial	The Concert in Central Park	The Concert in Central Park	0	1982	\N	90	Music
tt0218907	videoGame	Crime Patrol	Crime Patrol	0	1993	\N	\N	Action,Crime
tt0218933	videoGame	Descent³: Mercenary	Descent³: Mercenary	0	1999	\N	\N	\N
tt0218952	tvShort	Uncle Au in the City	Dyadyushka Au v gorode	0	1979	\N	18	Animation,Family,Fantasy
tt0219062	videoGame	Goosebumps: Escape from Horrorland	Goosebumps: Escape from Horrorland	0	1996	\N	\N	Action,Adventure,Comedy
tt0219075	videoGame	Harvester	Harvester	0	1996	\N	\N	Comedy,Horror,Mystery
tt0219139	videoGame	The Longest Journey	The Longest Journey	0	1999	\N	\N	Adventure,Drama,Fantasy
tt0219233	tvShort	Last Year's Snow Was Falling	Padal proshlogodniy sneg	0	1983	\N	20	Animation,Comedy,Drama
tt0219241	tvSpecial	Paul Simon's Concert in the Park	Paul Simon's Concert in the Park	0	1991	\N	126	Documentary,Music
tt0219251	tvShort	Plastilinovaya vorona	Plastilinovaya vorona	0	1981	\N	9	Animation,Musical,Short
tt0219364	videoGame	Turok: Dinosaur Hunter	Turok: Dinosaur Hunter	0	1997	\N	\N	Action,Adventure,Fantasy
tt0219485	videoGame	Disney's Math Quest with Aladdin	Aladdin's Math Quest	0	1998	\N	\N	Adventure,Family,Fantasy
tt0219486	videoGame	Aladdin: Fate of Agrabah	Aladdin: Fate of Agrabah	0	1996	\N	\N	\N
tt0219507	videoGame	Animaniacs Game Pack	Animaniacs Game Pack	0	1998	\N	\N	Action,Adventure,Comedy
tt0219595	videoGame	ClayFighter 63 1/3	ClayFighter 63 1/3	0	1997	\N	\N	Action,Comedy
tt0219605	videoGame	Cooper McQue Comes Through	Cooper McQue Comes Through	0	1996	\N	\N	\N
tt0219647	tvSpecial	Disney Cruise Line	Disney Cruise Line	0	1998	\N	\N	\N
tt0219652	videoGame	Down in the Dumps	Down in the Dumps	0	1996	\N	\N	\N
tt0219672	tvSpecial	Eric Clapton & Friends in Concert: A Benefit for the Crossroads Centre at Antigua	Eric Clapton & Friends in Concert: A Benefit for the Crossroads Centre at Antigua	0	1999	\N	108	Music
tt0219709	videoGame	Goosebumps: Attack of the Mutant	Goosebumps: Attack of the Mutant	0	1997	\N	\N	Action,Adventure,Family
tt0219771	videoGame	Hercules	Hercules	0	1997	\N	180	Action,Adventure,Comedy
tt0219773	videoGame	Hercules' Hero Quest	Hercules' Hero Quest	0	1998	\N	\N	\N
tt0219823	videoGame	Hunchback of Notre Dame	Hunchback of Notre Dame	0	1998	\N	\N	\N
tt0219843	videoGame	The Jungle Book	The Jungle Book	0	1993	\N	\N	Action,Adventure,Family
tt0219855	videoGame	Killer Instinct 2	Killer Instinct 2	0	1996	\N	\N	Action,Horror,Sci-Fi
tt0219875	videoGame	Lighthouse	Lighthouse	0	1996	\N	\N	Adventure,Fantasy,Mystery
tt0219893	videoGame	Lunar: Eternal Blue	Lunar: Eternal Blue	0	1994	\N	\N	Action,Adventure,Comedy
tt0219895	videoGame	Magic Artist	Magic Artist	0	1999	\N	\N	Family
tt0220051	videoGame	Snow White's Adventure	Snow White's Adventure	0	1991	\N	\N	\N
tt0220055	videoGame	Someone's in the Kitchen!	Someone's in the Kitchen!	0	1996	\N	\N	\N
tt0220301	tvSpecial	Alan Davies: Live at the Lyric	Alan Davies: Live at the Lyric	0	1994	\N	63	Comedy,Documentary
tt0220484	tvSpecial	George Frideric Handel: The Messiah	Haendel - Le messie	0	1991	\N	140	Music
tt0220808	tvShort	Testament	Testament	0	1966	\N	6	Drama,Short
tt0220993	tvSpecial	An Audience with Cliff Richard	An Audience with Cliff Richard	0	1999	\N	75	Music
tt0221302	tvShort	Jean Effel	Jean Effel	0	1948	\N	\N	Short
tt0221369	tvSpecial	The Main Event	The Main Event	0	1998	\N	159	Music,Musical
tt0221387	tvShort	Les mentons bleus	Les mentons bleus	0	1997	\N	38	Short
tt0221483	tvSpecial	The Pogues: Live at the Town and Country	The Pogues: Live at the Town and Country	0	1988	\N	59	Music
tt0221525	tvShort	Rudy Wurlitzer	Rudy Wurlitzer	0	1994	\N	15	Short
tt0222163	tvShort	Love Street 1: I Dreamed of Angels Crying	Love Street 1: I Dreamed of Angels Crying	0	1994	\N	20	Short
tt0223501	tvSpecial	Hildegard Knef: Ich brauch' Tapetenwechsel...	Hildegard Knef: Ich brauch' Tapetenwechsel...	0	1971	\N	55	Music
tt0223521	tvShort	In cammino	In cammino	0	1979	\N	\N	Short
tt0223634	tvShort	The Leprechauns' Christmas Gold	The Leprechauns' Christmas Gold	0	1981	\N	25	Animation,Comedy,Family
tt0224058	tvSpecial	Saturn Awards	Saturn Awards	0	1981	\N	\N	\N
tt0224412	tvSpecial	Hiroshima Maiden	Hiroshima Maiden	0	1988	\N	53	Drama,Family
tt0224648	tvShort	The Battle of Vimy Ridge - Part 3: The Battle Looms	The Battle of Vimy Ridge - Part 3: The Battle Looms	0	1997	\N	21	Documentary,History,Short
tt0224744	tvShort	Changing Tides	Changing Tides	0	1991	\N	20	Documentary,Short
tt0225028	tvSpecial	Adventures in Space and Time	Adventures in Space and Time	0	1999	\N	40	Documentary,Short
tt0225340	tvSpecial	Carnival of Monsters	Carnival of Monsters	0	1999	\N	\N	\N
tt0225493	tvSpecial	Dennis Miller: The Millennium Special - 1,000 Years, 100 Laughs, 10 Really Good Ones	Dennis Miller: The Millennium Special - 1,000 Years, 100 Laughs, 10 Really Good Ones	0	1999	\N	54	Comedy
tt0225607	tvSpecial	Elvis in Concert	Elvis in Concert	0	1977	\N	50	Documentary,Music
tt0226003	tvSpecial	Itsenäisyyden ilta	Itsenäisyyden ilta	0	1999	\N	61	Music
tt0226004	tvShort	Tokyo Blood	Tokyo Blood	0	1993	\N	37	Drama,Short
tt0226730	tvSpecial	Hammer from the Heart	Hammer from the Heart	0	1992	\N	60	Music
tt0226899	tvShort	The Kidnappers	The Kidnappers	0	1999	\N	4	Comedy,Short
tt0227173	tvShort	Olive, the Other Reindeer	Olive, the Other Reindeer	0	1999	\N	45	Animation,Comedy,Family
tt0227273	tvShort	The Pitch of Fear	The Pitch of Fear	0	1999	\N	4	Comedy,Short
tt0227504	tvSpecial	Sir Howard Morrison: Time of My Life	Sir Howard Morrison: Time of My Life	0	1995	\N	\N	\N
tt0227529	tvSpecial	Spandau Ballet: Live	Spandau Ballet: Live	0	1990	\N	96	Music
tt0227782	tvShort	The Web of Caves	The Web of Caves	0	1999	\N	4	Comedy,Sci-Fi,Short
tt0228013	tvSpecial	Andy's Funhouse	Andy's Funhouse	0	1979	\N	48	Comedy,Documentary,Music
tt0228282	tvSpecial	FY2K: Graham Norton Live	FY2K: Graham Norton Live	0	1999	\N	\N	\N
tt0228434	tvSpecial	Kylie: Intimate and Live	Kylie: Intimate and Live	0	1998	\N	119	Music
tt0228446	tvSpecial	Jack Dee: Live in London	Jack Dee: Live in London	0	1997	\N	60	Comedy,Documentary
tt0228898	tvSpecial	Steps and Youngstown in Concert	Steps and Youngstown in Concert	0	2000	\N	\N	\N
tt0229246	tvSpecial	The Best of Country '92: Countdown at the Neon Armadillo	The Best of Country '92: Countdown at the Neon Armadillo	0	1992	\N	120	Music
tt0229247	tvSpecial	The Best of Country	The Best of Country	0	1995	\N	120	Music
tt0229262	tvSpecial	Blast to the Past	Blast to the Past	0	1989	\N	60	Music
tt0229380	tvSpecial	Farewell the Seekers	Farewell the Seekers	0	1968	\N	47	Documentary,Music
tt0229711	tvSpecial	The Seekers Down Under	The Seekers Down Under	0	1967	\N	\N	Documentary,Music
tt0229712	tvSpecial	The Seekers at Home	The Seekers at Home	0	1966	\N	44	Documentary,Music
tt0231249	tvSpecial	Pat Benatar: Live in New Haven	Pat Benatar: Live in New Haven	0	1983	\N	60	Music
tt0231265	tvSpecial	Billy Connolly: Big Banana Feet	Billy Connolly: Big Banana Feet	0	1977	\N	77	Comedy,Documentary,Music
tt0231311	tvSpecial	The CBS Easter Parade	The CBS Easter Parade	0	1986	\N	60	\N
tt0231367	tvSpecial	Circus of the Stars Goes to Disneyland	Circus of the Stars Goes to Disneyland	0	1994	\N	88	Documentary,Family
tt0232966	tvSpecial	WrestleMania V	WrestleMania V	0	1989	\N	163	Action,Sport
tt0233157	tvSpecial	Adam Sandler: What the Hell Happened to Me?	Adam Sandler: What the Hell Happened to Me?	0	1996	\N	60	Comedy,Music
tt0233450	tvSpecial	Christmas Fantasy on Ice	Christmas Fantasy on Ice	0	1992	\N	60	Family,Fantasy,Music
tt0233452	tvSpecial	Christmas on Ice	Christmas on Ice	0	1990	\N	60	Family,Fantasy,Music
tt0233511	tvSpecial	D.L. Hughley: Goin' Home	D.L. Hughley: Goin' Home	0	1999	\N	58	Comedy,Documentary
tt0233524	tvSpecial	Dateline: Disneyland	Dateline: Disneyland	0	1955	\N	73	Documentary,Family,Music
tt0233528	tvSpecial	David Spade: Take the Hit	David Spade: Take the Hit	0	1998	\N	56	Comedy,Documentary
tt0233973	tvSpecial	Jeff Foxworthy: Totally Committed	Jeff Foxworthy: Totally Committed	0	1998	\N	56	Comedy,Documentary
tt0234018	tvSpecial	Kathy Griffin: Hot Cup of Talk	Kathy Griffin: Hot Cup of Talk	0	1998	\N	60	Comedy,Documentary
tt0234122	tvSpecial	Live! From London	Live! From London	0	1988	\N	59	\N
tt0234343	tvSpecial	No Way Out	No Way Out	0	1998	\N	154	Sport
tt0234629	tvSpecial	Royal Rumble	Royal Rumble	0	1998	\N	167	Action,Sport
tt0235073	tvSpecial	WrestleMania I	WrestleMania	0	1985	\N	114	Action,Sport
tt0236135	tvSpecial	Dana Carvey: Critics' Choice	Dana Carvey: Critics' Choice	0	1995	\N	60	Comedy
tt0236333	tvSpecial	Jake Johannsen: This'll Take About an Hour	Jake Johannsen: This'll Take About an Hour	0	1992	\N	60	Comedy,Documentary
tt0236334	tvSpecial	Janeane Garofalo	Janeane Garofalo	0	1997	\N	60	Comedy
tt0236341	tvSpecial	Jeff Cesario: Some Assembly Required	Jeff Cesario: Some Assembly Required	0	1991	\N	30	Comedy
tt0236681	tvSpecial	Richard Jeni: A Good Catholic Boy	Richard Jeni: A Good Catholic Boy	0	1997	\N	60	Comedy
tt0236682	tvSpecial	Richard Jeni: Platypus Man	Richard Jeni: Platypus Man	0	1993	\N	60	Comedy
tt0236683	tvSpecial	Richard Lewis: The Magical Misery Tour	Richard Lewis: The Magical Misery Tour	0	1996	\N	56	Comedy,Documentary
tt0236686	tvSpecial	Rita Rudner: Married Without Children	Rita Rudner: Married Without Children	0	1995	\N	60	Comedy
tt0236797	tvSpecial	Tommy Davidson: Illin' in Philly	Tommy Davidson: Illin' in Philly	0	1991	\N	30	Comedy,Documentary
tt0236877	tvSpecial	WrestleMania XIV	WrestleMania XIV	0	1998	\N	164	Action,Sport
tt0237056	tvSpecial	Bruckner: Symphony No. 8	Bruckner: Symphony No. 8	0	1985	\N	95	Music
tt0237285	tvSpecial	Great American Celebration	Great American Celebration	0	1991	\N	95	Music
tt0237343	tvSpecial	It's Black Entertainment	It's Black Entertainment	0	2002	\N	80	Documentary,Music
tt0237429	tvSpecial	Magic in the Magic Kingdom	Magic in the Magic Kingdom	0	1988	\N	60	Family,Fantasy
tt0237714	tvSpecial	Secrets of the X Files, Part 1	Secrets of the X Files, Part 1	0	1995	\N	60	Documentary
tt0237715	tvSpecial	Secrets of the X Files, Part 2	Secrets of the X Files, Part 2	0	1996	\N	45	Documentary
tt0237913	tvSpecial	When Good Pets Go Bad	When Good Pets Go Bad	0	1998	\N	45	Reality-TV
tt0238020	tvSpecial	America's Tribute to Bob Hope	America's Tribute to Bob Hope	0	1988	\N	60	Biography,Comedy,Documentary
tt0238043	tvSpecial	Arrau & Muti & Beethoven	Arrau & Muti & Beethoven	0	1989	\N	75	Music
tt0238162	tvSpecial	Dewar's Performance Arts Awards	Dewar's Performance Arts Awards	0	1992	\N	60	\N
tt0238175	tvSpecial	Disneyland's 30th Anniversary Celebration	Disneyland's 30th Anniversary Celebration	0	1985	\N	120	Documentary,Family
tt0238176	tvSpecial	Disneyland's Summer Vacation Party	Disneyland's Summer Vacation Party	0	1986	\N	120	Comedy,Family,Music
tt0238209	tvSpecial	An Evening with Plácido Domingo	An Evening with Plácido Domingo	0	1987	\N	53	Music
tt0238212	tvSpecial	Explosive Dance	Explosive Dance	0	1998	\N	90	Music
tt0238222	tvSpecial	Felicity Lott in Recital	Felicity Lott in Recital	0	1995	\N	86	Music
tt0238335	tvSpecial	José Carreras: Christmas Concert	José Carreras: Concerto di Natale	0	1999	\N	80	Music
tt0238350	tvSpecial	Khachaturian Piano Concerto	Khachaturian Piano Concerto	0	1998	\N	\N	Music
tt0238416	tvSpecial	Midori: Live at Carnegie Hall	Midori: Live at Carnegie Hall	0	1993	\N	90	Music
tt0238425	tvSpecial	Most Unlikely Heroes	Most Unlikely Heroes	0	1996	\N	30	\N
tt0238431	tvSpecial	A Musical Offering from the Vatican: A Papal Concert	A Musical Offering from the Vatican: A Papal Concert	0	1991	\N	90	Music,Musical
tt0238496	tvSpecial	Papazian Live	Papazian Live	0	1996	\N	\N	Music
tt0238622	tvSpecial	Spring Break Blast	Spring Break Blast	0	1995	\N	60	Reality-TV
tt0238710	tvSpecial	The Vision Awards	The Vision Awards	0	1999	\N	\N	\N
tt0238764	tvSpecial	The British Comedy Awards 1990	The British Comedy Awards 1990	0	1990	\N	\N	Comedy
tt0238946	tvSpecial	Donald Duck's 50th Birthday	Donald Duck's 50th Birthday	0	1984	\N	60	Animation,Documentary,Family
tt0239127	tvSpecial	Living Seas	Living Seas	0	1986	\N	60	\N
tt0239217	tvSpecial	Africa	Africa	0	1967	\N	200	Documentary,Music,News
tt0239557	tvSpecial	Legendary Ladies of Rock & Roll	Legendary Ladies of Rock & Roll	0	1988	\N	60	Music
tt0240335	tvSpecial	America's Millennium	America's Millennium	0	1999	\N	60	Music
tt0240511	tvSpecial	Frank Sinatra: A Man and His Music Part II	Frank Sinatra: A Man and His Music Part II	0	1966	\N	50	Music
tt0240512	tvSpecial	Francis Albert Sinatra Does His Thing	Francis Albert Sinatra Does His Thing	0	1968	\N	60	Music
tt0240513	tvSpecial	Sinatra	Sinatra Featuring Don Costa and His Orchestra	0	1969	\N	50	Documentary,Music
tt0240696	tvSpecial	MTV Bloopers Special	MTV Bloopers Special	0	2000	\N	120	\N
tt0241018	tvSpecial	The Unforgettable Richard Beckinsale	The Unforgettable Richard Beckinsale	0	2000	\N	40	Short
tt0241059	tvSpecial	Who Wants to Marry a Multi-Millionaire?	Who Wants to Marry a Multi-Millionaire?	0	2000	\N	\N	Reality-TV,Romance
tt0241140	tvSpecial	The 100 Greatest TV Ads	The 100 Greatest TV Ads	0	2000	\N	165	\N
tt0241504	tvSpecial	Gulda: Mozart Concertos	Gulda: Mozart Concertos	0	1986	\N	83	Music
tt0242246	tvSpecial	40 Years of Adventures	Celebrate 40 Years of Adventures: Disneyland	0	1995	\N	45	Reality-TV
tt0242356	tvSpecial	Celia Cruz & Friends: A Night of Salsa	Celia Cruz & Friends: A Night of Salsa	0	1999	\N	120	Music
tt0242366	tvSpecial	Circus of the Stars #10	Circus of the Stars #10	0	1985	\N	120	Documentary,Family
tt0242367	tvSpecial	Circus of the Stars #11	Circus of the Stars #11	0	1986	\N	120	Documentary,Family
tt0242368	tvSpecial	Circus of the Stars #12	Circus of the Stars #12	0	1987	\N	120	Documentary,Family
tt0242369	tvSpecial	Circus of the Stars #13	Circus of the Stars #13	0	1988	\N	120	Documentary,Family
tt0242370	tvSpecial	Circus of the Stars #2	Circus of the Stars #2	0	1977	\N	120	Family
tt0242371	tvSpecial	Circus of the Stars #3	Circus of the Stars #3	0	1979	\N	\N	Documentary,Family
tt0242372	tvSpecial	Circus of the Stars #4	Circus of the Stars #4	0	1979	\N	\N	Documentary,Family
tt0242373	tvSpecial	Circus of the Stars #5	Circus of the Stars #5	0	1980	\N	120	Documentary,Family
tt0242374	tvSpecial	Circus of the Stars #6	Circus of the Stars #6	0	1981	\N	120	Family
tt0242375	tvSpecial	Circus of the Stars #7	Circus of the Stars #7	0	1982	\N	120	Documentary,Family
tt0242376	tvSpecial	Circus of the Stars #8	Circus of the Stars #8	0	1983	\N	120	Documentary,Family
tt0242377	tvSpecial	Circus of the Stars #9	Circus of the Stars #9	0	1984	\N	120	Documentary,Family
tt0242378	tvSpecial	Circus of the Stars	Circus of the Stars	0	1977	\N	60	Music
tt0242480	tvSpecial	General Foods 25th Anniversary Show: A Salute to Rodgers and Hammerstein	General Foods 25th Anniversary Show: A Salute to Rodgers and Hammerstein	0	1954	\N	\N	Comedy,History,Musical
tt0242595	tvSpecial	Lenny Henry: Lenny Go Home	Lenny Henry: Lenny Go Home	0	1991	\N	60	Comedy,Documentary
tt0242681	tvSpecial	Michael Crawford in Concert	Michael Crawford in Concert	0	1998	\N	65	Music
tt0242959	tvSpecial	Tonight at the House of Blues	Tonight at the House of Blues	0	1998	\N	\N	Music
tt0243134	tvSpecial	Barbra Streisand and Other Musical Instruments	Barbra Streisand and Other Musical Instruments	0	1973	\N	52	Music,Musical
tt0243140	tvSpecial	Beauty and the Beast: A Concert on Ice	Beauty and the Beast: A Concert on Ice	0	1996	\N	60	Family,Fantasy,Music
tt0243179	tvSpecial	Circus of the Stars #15	Circus of the Stars #15	0	1990	\N	\N	Documentary,Family
tt0243180	tvSpecial	Circus of the Stars #16	Circus of the Stars #16	0	1991	\N	\N	Documentary,Family
tt0243189	tvSpecial	Color Me Barbra	Color Me Barbra	0	1966	\N	60	Comedy,Music
tt0243265	tvSpecial	Florida's Disney Decade	Florida's Disney Decade	0	1981	\N	60	Family
tt0243298	tvSpecial	A Happening in Central Park	A Happening in Central Park	0	1968	\N	60	Documentary,Music
tt0243435	tvSpecial	My Name Is Barbra	My Name Is Barbra	0	1965	\N	60	Family,Music
tt0243614	tvSpecial	The Top of the Bottom Half	The Top of the Bottom Half	0	2000	\N	\N	Comedy
tt0243769	tvSpecial	Artists for Bosnia: Two Songs and a Poem for Bosnia	Artists for Bosnia: Two Songs and a Poem for Bosnia	0	1993	\N	\N	Music
tt0243824	tvSpecial	Cleo Bachelor of the Year 2000 Australia	Cleo Bachelor of the Year 2000 Australia	0	2000	\N	\N	Documentary
tt0243873	tvSpecial	Dronningens gobeliner - et portræt af Bjørn Nørgaard	Dronningens gobeliner - et portræt af Bjørn Nørgaard	0	2000	\N	59	Documentary
tt0243935	tvSpecial	The Grand Opening of Euro Disney	The Grand Opening of Euro Disney	0	1992	\N	\N	Family,Music,Reality-TV
tt0243985	tvSpecial	Ute Lemper: Illusions	Ute Lemper: Illusions	0	1992	\N	51	Music
tt0244217	tvSpecial	The Snowden, Raggedy Ann & Andy Holiday Show	The Snowden, Raggedy Ann & Andy Holiday Show	0	1998	\N	60	Comedy,Family,Fantasy
tt0244426	tvSpecial	The Belle of 14th Street	The Belle of 14th Street	0	1967	\N	60	Musical
tt0244811	tvSpecial	Spice Girls: Girl Talk	Spice Girls: Girl Talk	0	1997	\N	\N	\N
tt0245082	tvSpecial	Doing Dallas	Doing Dallas	0	2000	\N	50	\N
tt0245101	tvSpecial	An Evening with Ethel Merman	An Evening with Ethel Merman	0	1965	\N	\N	Music
tt0245102	tvSpecial	An Evening with Jule Styne	An Evening with Jule Styne	0	1968	\N	95	Music
tt0245213	tvSpecial	Kraft Salutes Disneyland's 25th Anniversary	Kraft Salutes Disneyland's 25th Anniversary	0	1980	\N	60	Comedy,Family,Music
tt0245214	tvSpecial	Kraft Salutes Walt Disney World's 10th Anniversary	Kraft Salutes Walt Disney World's 10th Anniversary	0	1982	\N	60	Family
tt0245293	tvSpecial	Monsanto Night Presents Walt Disney's America on Parade	Monsanto Night Presents Walt Disney's America on Parade	0	1976	\N	\N	Family
tt0245303	tvSpecial	A Musical Christmas at Walt Disney World	A Musical Christmas at Walt Disney World	0	1993	\N	60	Family,Music
tt0245314	tvSpecial	New Kids on the Block at Disney-MGM Studios: Wildest Dreams	New Kids on the Block at Disney-MGM Studios: Wildest Dreams	0	1991	\N	60	Music
tt0245437	tvSpecial	Shirley Bassey Special	Shirley Bassey Special	0	1966	\N	\N	\N
tt0245475	tvSpecial	Stars Sing the Beatles	Stars Sing the Beatles	0	2000	\N	\N	Music
tt0245488	tvSpecial	The 42nd Annual TV Week Logie Awards	The 42nd Annual TV Week Logie Awards	0	2000	\N	\N	\N
tt0245554	tvSpecial	The New-Fangled Wandering Minstrel Show	The New-Fangled Wandering Minstrel Show	0	1973	\N	49	Musical
tt0245571	tvSpecial	WrestleMania VIII	WrestleMania VIII	0	1992	\N	161	Action,Sport
tt0245736	tvSpecial	BBC Hall of Fame: Barbara Windsor	BBC Hall of Fame: Barbara Windsor	0	2000	\N	52	\N
tt0246110	tvSpecial	The Nancy Wilson Show	The Nancy Wilson Show	0	1966	\N	\N	Music
tt0246117	tvSpecial	Newport Jazz Festival	Newport Jazz Festival	0	1968	\N	\N	Music
tt0246272	tvSpecial	Teen People's 21 Hottest Stars Under 21	Teen People's 21 Hottest Stars Under 21	0	1999	\N	60	Reality-TV
tt0246347	tvSpecial	¡Venga el 91!	¡Venga el 91!	0	1990	\N	\N	\N
tt0246439	tvSpecial	Auntie's Golden Bloomers	Auntie's Golden Bloomers	0	2000	\N	30	Comedy,Short
tt0246496	tvSpecial	Circus of the Stars and Sideshow	Circus of the Stars and Sideshow	0	1992	\N	120	Documentary,Family
tt0246641	tvSpecial	George Carlin: Back in Town	George Carlin: Back in Town	0	1996	\N	60	Comedy,Documentary
tt0246642	tvSpecial	George Carlin: Doin' It Again	George Carlin: Doin' It Again	0	1990	\N	60	Comedy,Documentary
tt0246643	tvSpecial	George Carlin: Jammin' in New York	George Carlin: Jammin' in New York	0	1992	\N	59	Comedy,Documentary
tt0246644	tvSpecial	George Carlin: What Am I Doing in New Jersey?	George Carlin: What Am I Doing in New Jersey?	0	1988	\N	61	Comedy,Documentary
tt0246645	tvSpecial	George Carlin: You Are All Diseased	George Carlin: You Are All Diseased	0	1999	\N	65	Comedy,Documentary
tt0246650	tvSpecial	Gloria Estefan's Caribbean Soul: The Atlantis Concert	Gloria Estefan's Caribbean Soul: The Atlantis Concert	0	2000	\N	52	Documentary,Music
tt0247497	tvSpecial	John Leguizamo: Mambo Mouth	John Leguizamo: Mambo Mouth	0	1991	\N	60	Comedy
tt0247826	tvSpecial	WrestleMania XV	WrestleMania XV	0	1999	\N	166	Action,Sport
tt0248605	tvSpecial	WCW Road Wild	WCW Road Wild	0	1999	\N	180	Sport
tt0248612	tvSpecial	The Woody Allen Special	The Woody Allen Special	0	1969	\N	60	Comedy,Documentary
tt0248614	tvSpecial	WrestleMania 2000	WrestleMania 2000	0	2000	\N	201	Action,Sport
tt0248615	tvSpecial	WrestleMania 2	WrestleMania 2	0	1986	\N	181	Action,Sport
tt0248677	tvSpecial	Artistry on Ice II	Artistry on Ice II	0	1995	\N	\N	Music,Sport
tt0248678	tvSpecial	Artistry on Ice	Artistry on Ice	0	1994	\N	120	Music,Sport
tt0248751	tvSpecial	Denis Leary: Lock 'N Load	Denis Leary: Lock 'N Load	0	1997	\N	65	Comedy,Documentary
tt0248752	tvSpecial	Denis Leary: No Cure for Cancer	Denis Leary: No Cure for Cancer	0	1993	\N	62	Comedy,Documentary
tt0248826	tvSpecial	George Carlin: 40 Years of Comedy	George Carlin: 40 Years of Comedy	0	1997	\N	50	Comedy
tt0248828	tvSpecial	George Carlin: Carlin on Campus	George Carlin: Carlin on Campus	0	1984	\N	60	Comedy,Documentary
tt0248838	tvSpecial	Halloween on Ice	Halloween on Ice	0	1995	\N	42	Family,Fantasy,Horror
tt0248848	tvSpecial	Ludwig van Beethoven: Symphonies Nos. 2 & 3 'Eroica'	Ludwig van Beethoven: Symphonies Nos. 2 & 3 'Eroica'	0	1984	\N	84	Music
tt0248849	tvSpecial	Ludwig van Beethoven: Symphonies Nos. 4 & 5	Ludwig van Beethoven: Symphonies Nos. 4 & 5	0	1983	\N	62	Documentary,Music
tt0248850	tvSpecial	Ludwig van Beethoven: Violin Concerto	Ludwig van Beethoven: Violin Concerto	0	1983	\N	50	Music
tt0248887	tvSpecial	The Houston Symphony Concert on Ice	The Houston Symphony Concert on Ice	0	1995	\N	60	Music,Sport
tt0248910	tvSpecial	International Championship of Magic	International Championship of Magic	0	1985	\N	\N	\N
tt0249029	tvSpecial	Mozart/Rossini	Mozart/Rossini	0	1990	\N	71	Music
tt0249106	tvSpecial	The Real McCoys Reunion	The Real McCoys Reunion	0	2000	\N	44	Talk-Show
tt0249147	tvSpecial	Sergei Grinkov: Celebration of a Life	Sergei Grinkov: Celebration of a Life	0	1996	\N	120	Biography,Documentary,Music
tt0249329	tvSpecial	75th Annual Miss America Pageant	75th Annual Miss America Pageant	0	1995	\N	180	Family,Game-Show,Reality-TV
tt0249352	tvSpecial	Andrew Dice Clay: Assume the Position	Andrew Dice Clay: Assume the Position	0	1996	\N	54	Comedy,Documentary
tt0249353	tvSpecial	Andrew Dice Clay: For Ladies Only	Andrew Dice Clay: For Ladies Only	0	1992	\N	60	Comedy
tt0249355	tvSpecial	Andrew Dice Clay: No Apologies	Andrew Dice Clay: No Apologies	0	1993	\N	65	Comedy,Documentary
tt0249356	tvSpecial	Andrew Dice Clay: One Night with Dice	Andrew Dice Clay: One Night with Dice	0	1987	\N	46	Comedy
tt0249374	tvSpecial	An Audience with Tom Jones	An Audience with Tom Jones	0	1999	\N	76	Music
tt0249377	tvSpecial	75 Years of BBC Language Programmes: A Celebration	75 Years of BBC Language Programmes: A Celebration	0	2000	\N	\N	\N
tt0249401	tvSpecial	Blame It on the Blues	Blame It on the Blues	0	1996	\N	\N	Fantasy,Music
tt0249413	tvSpecial	Brigitte Gall: Joan of Montréal	Brigitte Gall: Joan of Montréal	0	1999	\N	\N	Comedy,Sport
tt0249465	tvSpecial	Live from Washington D.C.: They Shoot HBO Specials, Don't They?	Live from Washington D.C.: They Shoot HBO Specials, Don't They?	0	1993	\N	60	Comedy
tt0249466	tvSpecial	Mr. Miller Goes to Washington Starring Dennis Miller	Mr. Miller Goes to Washington Starring Dennis Miller	0	1988	\N	55	Comedy
tt0249572	tvSpecial	The Hate That Hate Produced	The Hate That Hate Produced	0	1959	\N	\N	Documentary
tt0249853	tvSpecial	George Carlin Again!	On Location: George Carlin at Phoenix	0	1978	\N	81	Comedy,Documentary
tt0249934	tvSpecial	The Sam Kinison Family Entertainment Hour	The Sam Kinison Family Entertainment Hour	0	1991	\N	50	Comedy,Documentary,Music
tt0249978	tvSpecial	Sophia Loren in Rome	Sophia Loren in Rome	0	1964	\N	60	Documentary
tt0250182	tvSpecial	AFI's 100 Years... 100 Laughs: America's Funniest Movies	AFI's 100 Years... 100 Laughs: America's Funniest Movies	0	2000	\N	\N	Documentary
tt0250210	tvSpecial	Andrew Dice Clay: Banned for Life	Andrew Dice Clay: Banned for Life	0	2000	\N	\N	Comedy
tt0250256	tvSpecial	Bill Maher: Be More Cynical	Bill Maher: Be More Cynical	0	2000	\N	68	Comedy
tt0250306	tvSpecial	Comic Relief	Comic Relief	0	1986	\N	128	Comedy
tt0250366	tvSpecial	An Evening with Sir Peter Ustinov	An Evening with Sir Peter Ustinov	0	1995	\N	60	Comedy
tt0250450	tvSpecial	Jessica Simpson and Jason Raize in Concert	Jessica Simpson and Jason Raize in Concert	0	2000	\N	90	Music
tt0250595	tvSpecial	Motown 25: Yesterday, Today, Forever	Motown 25: Yesterday, Today, Forever	0	1983	\N	130	Documentary,Music
tt0250711	tvSpecial	Sandra Bernhard: I'm Still Here... Damn It!	Sandra Bernhard: I'm Still Here... Damn It!	0	1998	\N	90	Comedy,Music
tt0250819	tvSpecial	WCW Souled Out	WCW Souled Out	0	1999	\N	164	Sport
tt0250824	tvSpecial	WrestleMania III	WrestleMania III	0	1987	\N	180	Action,Sport
tt0250825	tvSpecial	WrestleMania 13	WrestleMania 13	0	1997	\N	180	Action,Sport
tt0250917	tvSpecial	A Question of EastEnders	A Question of EastEnders	0	2000	\N	30	Short
tt0250962	tvSpecial	WWF Armageddon	WWF Armageddon	0	1999	\N	180	Sport
tt0250987	tvSpecial	Billy Crystal: Don't Get Me Started - The Lost Minutes	Billy Crystal: Don't Get Me Started - The Lost Minutes	0	1987	\N	28	Comedy,Short
tt0251070	tvSpecial	Ellen DeGeneres: The Beginning	Ellen DeGeneres: The Beginning	0	2000	\N	66	Comedy,Documentary
tt0251156	tvSpecial	Jim Carrey: Unnatural Act	Jim Carrey: Unnatural Act	0	1991	\N	46	Comedy
tt0251225	tvSpecial	The Mark Twain Prize: Richard Pryor	The Mark Twain Prize: Richard Pryor	0	1999	\N	60	\N
tt0251372	tvSpecial	Rick Reynolds: Only the Truth Is Funny	Rick Reynolds: Only the Truth Is Funny	0	1993	\N	85	Biography,Comedy
tt0251485	tvSpecial	WrestleMania XII	WrestleMania XII	0	1996	\N	168	Action,Sport
tt0251565	tvSpecial	The 25 Hottest Stars Under 25	The 25 Hottest Stars Under 25	0	2000	\N	60	Reality-TV
tt0251566	tvSpecial	AFI's 100 Years... 100 Stars: America's Greatest Screen Legends	AFI's 100 Years... 100 Stars: America's Greatest Screen Legends	0	1999	\N	135	Documentary
tt0251607	tvSpecial	The Best of Rikki Fulton: Rikki Fulton's Scotch & Wry Hogmanay 1996	The Best of Rikki Fulton: Rikki Fulton's Scotch & Wry Hogmanay 1996	0	1997	\N	\N	Comedy
tt0251654	tvSpecial	Dave Chappelle: Killin' Them Softly	Dave Chappelle: Killin' Them Softly	0	2000	\N	57	Comedy
tt0251656	tvSpecial	David Cross: The Pride Is Back	David Cross: The Pride Is Back	0	1999	\N	55	Comedy,Documentary
tt0251672	tvSpecial	Don Rickles: Rickles on the Loose	Don Rickles: Rickles on the Loose	0	1986	\N	60	Comedy
tt0251739	tvSpecial	Margaret Cho: I'm the One That I Want	Margaret Cho: I'm the One That I Want	0	2000	\N	96	Comedy,Documentary
tt0251902	tvSpecial	The Noel Edmonds Show	The Noel Edmonds Show	0	1986	\N	\N	\N
tt0251912	tvSpecial	One Hour in Wonderland	One Hour in Wonderland	0	1950	\N	59	Comedy,Family,Music
tt0252050	tvSpecial	The Television Show with John Henson	The Television Show with John Henson	0	2000	\N	60	Comedy
tt0252100	tvSpecial	World's Greatest Magicians... At the Magic Castle	World's Greatest Magicians... At the Magic Castle	0	1990	\N	46	\N
tt0252101	tvSpecial	WrestleMania IV	WrestleMania IV	0	1988	\N	214	Action,Sport
tt0252102	tvSpecial	WrestleMania IX	WrestleMania IX	0	1993	\N	163	Action,Sport
tt0252103	tvSpecial	WrestleMania VI	WrestleMania VI	0	1990	\N	217	Action,Sport
tt0252104	tvSpecial	WrestleMania VII	WrestleMania VII	0	1991	\N	211	Action,Sport
tt0252105	tvSpecial	WrestleMania X	WrestleMania X	0	1994	\N	164	Action,Sport
tt0252106	tvSpecial	WrestleMania XI	WrestleMania XI	0	1995	\N	146	Action,Sport
tt0252108	tvSpecial	The Young Comedians All-Star Reunion	The Young Comedians All-Star Reunion	0	1986	\N	60	Comedy
tt0252362	tvSpecial	David Brenner: Back with a Vengeance!	David Brenner: Back with a Vengeance!	0	2000	\N	60	Comedy,Documentary
tt0252661	tvSpecial	Lynyrd Skynyrd: Lyve from Steel Town	Lynyrd Skynyrd: Lyve from Steel Town	0	1997	\N	97	Music
tt0252746	tvSpecial	Sammy Davis Jr.: The Golden Years	Sammy Davis Jr.: The Golden Years	0	1980	\N	58	Biography,Music
tt0252796	tvSpecial	Veronica: Goodbye to the Seventies	Veronica: Goodbye to the Seventies	0	1979	\N	\N	Music
tt0252797	tvSpecial	Victoria Wood: Live in Your Own Home	Victoria Wood: Live in Your Own Home	0	1994	\N	80	Comedy
tt0252987	tvSpecial	Christmas in Washington	Christmas in Washington	0	1999	\N	60	Music
tt0253001	tvSpecial	Comic Relief V	Comic Relief V	0	1992	\N	240	Comedy
tt0253132	tvSpecial	Hommage à Rossini	Hommage à Rossini	0	1985	\N	110	Music
tt0253245	tvSpecial	Mel Gibson's Video Diary 2: Lethal Weapon 3	Mel Gibson's Video Diary 2: Lethal Weapon 3	0	1992	\N	30	Comedy,Short
tt0253264	tvSpecial	Mylène Farmer: Live à Bercy	Mylène Farmer: Live à Bercy	0	1997	\N	120	Documentary,Music
tt0253594	tvSpecial	Robert Schimmel: Unprotected	Robert Schimmel: Unprotected	0	1999	\N	55	Comedy,Documentary
tt0253596	tvSpecial	Rodney Dangerfield's 75th Birthday Toast	Rodney Dangerfield's 75th Birthday Toast	0	1997	\N	60	Comedy
tt0254069	tvSpecial	Aerosmith: Live Texxas Jam '78	Aerosmith: Live Texxas Jam '78	0	1989	\N	50	Documentary,Music
tt0254256	tvSpecial	Deep Purple in Concert with the London Symphony Orchestra	Deep Purple in Concert with the London Symphony Orchestra	0	2000	\N	120	Music
tt0254376	tvSpecial	Haydn: Die Schöpfung	Haydn: Die Schöpfung	0	1986	\N	132	Music
tt0254873	tvSpecial	Wolfgang Amadeus Mozart: Requiem	Wolfgang Amadeus Mozart: Requiem	0	1988	\N	69	Music
tt0254924	tvSpecial	'N Sync: Live from Madison Square Garden	*N Sync: Live from Madison Square Garden	0	2000	\N	90	Music
tt0255132	tvSpecial	The Earth Day Special	The Earth Day Special	0	1990	\N	120	Comedy,Drama,Family
tt0255173	tvSpecial	Fleetwood Mac: Tango in the Night	Fleetwood Mac: Tango in the Night	0	1988	\N	60	Documentary,Music
tt0255272	tvSpecial	The Jay Leno Special	The Jay Leno Special	0	1986	\N	90	Comedy
tt0255420	tvSpecial	A Night with Handel	A Night with Handel	0	1997	\N	51	Music
tt0255444	tvSpecial	One Voice	One Voice	0	1986	\N	68	Music
tt0255573	tvSpecial	Saturday Night Live: The Best of Adam Sandler	Saturday Night Live: The Best of Adam Sandler	0	1999	\N	73	Comedy,Documentary
tt0255574	tvSpecial	Saturday Night Live: The Best of Chris Rock	Saturday Night Live: The Best of Chris Rock	0	1999	\N	71	Comedy,Documentary
tt0255575	tvSpecial	Saturday Night Live: The Best of Dana Carvey	Saturday Night Live: The Best of Dana Carvey	0	1998	\N	89	Comedy
tt0255576	tvSpecial	Saturday Night Live: The Best of Steve Martin	Saturday Night Live: The Best of Steve Martin	0	1998	\N	80	Comedy
tt0255873	tvSpecial	Peter Pan	Peter Pan	0	2000	\N	105	Family,Fantasy,Musical
tt0255878	tvSpecial	Bartoli in Italy	Bartoli in Italy	0	1998	\N	114	Music
tt0255918	tvSpecial	Deep Purple Rises Over Japan	Deep Purple Rises Over Japan	0	1985	\N	31	Music
tt0255919	tvSpecial	Def Comedy Jam: Primetime	Def Comedy Jam: Primetime	0	1995	\N	30	Comedy,Documentary
tt0256153	tvSpecial	Liza with a Z	Liza with a Z	0	1972	\N	55	Music
tt0257746	tvSpecial	Hall & Oats in Concert	Hall & Oates in Concert	0	1983	\N	\N	Music
tt0257968	tvSpecial	No Way Out	No Way Out	0	2000	\N	\N	\N
tt0258302	tvSpecial	WWF Backlash	WWF Backlash	0	1999	\N	180	Action,Sport
tt0258303	tvSpecial	WWF Backlash	WWF Backlash	0	2000	\N	180	Sport
tt0258541	tvSpecial	Edinburgh Military Tattoo: The Golden Anniversary	Edinburgh Military Tattoo: The Golden Anniversary	0	2000	\N	60	Music
tt0258662	tvSpecial	The Horror Hall of Fame	The Horror Hall of Fame	0	1990	\N	\N	Documentary,Horror
tt0258706	tvSpecial	The Kennedy Center Honors: A Celebration of the Performing Arts	The Kennedy Center Honors: A Celebration of the Performing Arts	0	1998	\N	\N	Documentary
tt0258905	tvSpecial	Radio 1 Roadshow	Radio 1 Roadshow	0	1992	\N	\N	Music
tt0258919	tvSpecial	Red Nose Awards	Red Nose Awards	0	1997	\N	\N	Comedy,Music
tt0258976	tvSpecial	Song for Europe 2000	Song for Europe 2000	0	2000	\N	\N	Music
tt0259008	tvSpecial	Survivor Series	Survivor Series	0	1987	\N	164	Action,Sport
tt0259057	tvSpecial	Tim Allen: Men Are Pigs	Tim Allen: Men Are Pigs	0	1990	\N	30	Comedy,Documentary
tt0259099	tvSpecial	WWF Judgment Day	WWF Judgment Day	0	1998	\N	180	Action,Sport
tt0259100	tvSpecial	WWF Judgment Day	WWF Judgment Day	0	2000	\N	\N	\N
tt0259337	tvSpecial	The Great American Quiz Show	The Great American Quiz Show	0	1987	\N	60	\N
tt0259830	tvSpecial	98 Degrees and Hoku in Concert	98 Degrees and Hoku in Concert	0	2000	\N	60	Music
tt0259880	tvSpecial	La Bayadère	La Bayadère	0	1994	\N	\N	Music,Musical
tt0260178	tvSpecial	Messiah	Messiah	0	1982	\N	155	Music
